{"type":"FeatureCollection","features":[{"type":"Feature","properties":{},"geometry":{"type":"Polygon","coordinates":[[[17.9798,59.3291],[17.8762,59.2708],[17.3046,59.2722],[16.9139,59.4459],[16.1443,59.4478],[16.0442,59.4785],[16.4727,59.5194],[16.5738,59.6117],[16.7523,59.5433],[16.841,59.5875],[17.3721,59.4958],[17.3905,59.5845],[17.6873,59.5416],[17.6716,59.5948],[17.7601,59.6205],[17.8086,59.5532],[17.7729,59.4141],[17.9798,59.3291]]]}},{"type":"Feature","properties":{},"geometry":{"type":"Polygon","coordinates":[[[29.8367,61.2261],[29.8913,61.295],[30.0793,61.2426],[30.09,61.2993],[30.193,61.3272],[30.1793,61.3727],[30.2521,61.4586],[30.2388,61.5148],[30.4662,61.4872],[30.6059,61.5413],[30.5943,61.6058],[30.852,61.775],[31.0259,61.7144],[31.0984,61.6204],[31.3648,61.6274],[31.6036,61.4226],[31.6369,61.4627],[31.8986,61.324],[32.5269,61.1175],[32.5926,60.9976],[32.7654,60.886],[32.8436,60.7122],[32.9443,60.6426],[32.8157,60.4819],[32.5999,60.5335],[32.6767,60.3924],[32.5949,60.3546],[32.6123,60.2454],[32.5839,60.2089],[32.3615,60.1481],[32.0571,60.2265],[31.6994,60.2356],[31.5989,60.1696],[31.5409,60.0345],[31.5672,59.9666],[31.5098,59.9204],[31.1062,59.9277],[31.0428,59.951],[31.1453,60.0055],[31.0951,60.0837],[31.109,60.1464],[30.9568,60.2636],[30.8491,60.4426],[30.776,60.4481],[30.7237,60.5618],[30.5339,60.6301],[30.5021,60.8432],[30.2927,61.0051],[29.8572,61.188],[29.8367,61.2261]]]}},{"type":"Feature","properties":{},"geometry":{"type":"Polygon","coordinates":[[[31.4716,2.3854],[31.384,2.2606],[31.3998,1.8955],[31.2679,1.6875],[30.9691,1.5271],[30.5938,1.0413],[30.5073,1.0405],[30.4946,1.2297],[30.3996,1.2561],[30.3874,1.297],[30.4795,1.4665],[30.868,1.8589],[31.1789,2.0729],[31.4311,2.3879],[31.4716,2.3854]]]}},{"type":"Feature","properties":{},"geometry":{"type":"Polygon","coordinates":[[[-83.1048,42.2864],[-83.0765,42.2755],[-83.1079,42.071],[-82.8338,41.9972],[-82.6451,42.0373],[-82.5115,41.9322],[-82.4119,42.1032],[-81.8745,42.315],[-81.8668,42.2584],[-81.7299,42.4466],[-81.4044,42.63],[-81.0392,42.6625],[-80.0938,42.5464],[-80.0621,42.5541],[-80.4512,42.6135],[-80.2205,42.7744],[-80.0995,42.8023],[-79.3859,42.8807],[-79.0569,42.8623],[-78.9224,42.9238],[-79.0397,43.0213],[-79.0661,43.1061],[-78.8947,43.0578],[-78.9243,42.9975],[-78.8778,42.7991],[-79.2092,42.5552],[-79.7041,42.3001],[-80.3345,42.0408],[-81.2286,41.7704],[-81.7232,41.5109],[-82.1213,41.493],[-82.4803,41.3981],[-82.6426,41.4669],[-83.0275,41.4545],[-82.7,41.5213],[-82.8308,41.5797],[-82.9633,41.5419],[-83.4562,41.7425],[-83.1766,42.0489],[-83.1752,42.1463],[-83.1048,42.2864]],[[-78.9903,42.9916],[-78.9162,43.0532],[-79.0142,43.0515],[-78.9903,42.9916]],[[-82.6382,41.7469],[-82.6544,41.8274],[-82.6845,41.7358],[-82.6382,41.7469]]]}},{"type":"Feature","properties":{},"geometry":{"type":"Polygon","coordinates":[[[14.7423,13.078],[14.6606,12.9824],[14.5162,12.9797],[14.3466,12.8768],[14.275,12.9029],[14.259,13.0043],[14.3424,13.1621],[14.4146,13.2088],[14.496,13.2387],[14.6531,13.2084],[14.7423,13.078]]]}},{"type":"Feature","properties":{},"geometry":{"type":"Polygon","coordinates":[[[35.2602,-14.2774],[35.2837,-14.3651],[35.2362,-14.4013],[35.0479,-14.1767],[34.9584,-14.1483],[34.9299,-14.0416],[34.8813,-14.012],[34.8193,-14.2166],[34.7065,-14.262],[34.5468,-14.0477],[34.5462,-13.9381],[34.6216,-13.7509],[34.6053,-13.6689],[34.4098,-13.5296],[34.3209,-13.3794],[34.33,-12.9445],[34.2627,-12.7298],[34.1956,-12.6425],[34.1797,-12.4249],[34.0739,-12.3529],[34.0325,-12.2086],[34.0592,-12.0485],[34.3227,-11.653],[34.2305,-11.2277],[34.1896,-10.5896],[34.26,-10.4476],[34.2035,-10.3194],[34.0159,-10.0983],[33.9066,-9.8018],[33.9956,-9.4954],[34.3209,-9.7315],[34.5242,-10.0302],[34.5836,-10.5251],[34.6618,-10.7101],[34.6079,-11.0805],[34.7738,-11.3417],[34.8506,-11.352],[34.937,-11.4635],[34.9343,-11.8709],[34.8568,-12.0477],[34.7002,-12.2001],[34.6938,-12.4224],[34.7912,-12.643],[34.77,-12.9626],[34.8116,-13.3323],[34.8615,-13.4604],[34.8676,-13.7012],[35.056,-13.743],[35.2602,-14.2774]],[[34.6218,-12.0666],[34.6242,-11.9848],[34.554,-11.9822],[34.5416,-12.0187],[34.6218,-12.0666]],[[34.6621,-12.1008],[34.7193,-12.1106],[34.756,-12.0308],[34.6799,-12.0089],[34.6621,-12.1008]]]}},{"type":"Feature","properties":{},"geometry":{"type":"Polygon","coordinates":[[[34.7176,-0.0917],[34.7981,-0.2964],[34.4778,-0.3533],[34.4563,-0.4951],[34.2172,-0.4415],[34.0793,-0.5795],[34.0683,-0.7248],[34.1628,-0.8792],[33.9027,-1.247],[33.942,-1.3396],[33.8285,-1.3633],[33.8217,-1.4246],[33.9209,-1.5138],[33.6855,-1.4881],[33.6459,-1.5709],[33.6752,-1.6385],[33.6016,-1.6908],[33.5927,-1.7611],[33.4887,-1.8222],[33.3659,-1.83],[33.2979,-1.9219],[33.4504,-1.9152],[33.524,-1.9964],[33.3002,-2.0232],[33.2326,-2.0716],[33.276,-2.124],[33.5172,-2.162],[33.7943,-2.1233],[33.809,-2.1922],[33.7673,-2.238],[33.4323,-2.4596],[33.4156,-2.5312],[33.2102,-2.4889],[33.0672,-2.4104],[32.9449,-2.4205],[32.8923,-2.4842],[32.8842,-2.6641],[32.9627,-2.8486],[32.8922,-2.8618],[32.7602,-2.9849],[32.7645,-2.8671],[32.8619,-2.7573],[32.8107,-2.515],[32.7027,-2.5017],[32.6436,-2.4388],[32.5481,-2.5077],[32.5213,-2.4535],[32.3569,-2.3939],[32.2831,-2.2824],[32.0963,-2.394],[32.1504,-2.525],[31.9861,-2.5467],[32.0034,-2.7566],[31.9177,-2.6739],[31.8482,-2.7052],[31.8015,-2.7907],[31.7816,-2.6932],[31.8149,-2.6209],[31.7354,-2.5297],[31.7812,-2.4396],[31.675,-2.2769],[31.6643,-1.9319],[31.8651,-1.0918],[31.849,-1.0165],[31.7827,-1.01],[31.7229,-0.79],[31.8669,-0.4809],[31.9941,-0.3211],[31.9502,-0.1319],[32.2092,0.0087],[32.3511,0.0146],[32.4135,0.0894],[32.449,0.056],[32.5329,0.0697],[32.6471,0.2528],[32.7114,0.1794],[32.6709,0.1172],[32.8786,0.1688],[32.915,0.0955],[32.958,0.1078],[33.0699,0.1934],[33.0765,0.239],[33.1372,0.2521],[33.1873,0.4282],[33.3641,0.472],[33.332,0.3687],[33.4843,0.3149],[33.4413,0.2708],[33.4832,0.2181],[33.5803,0.2222],[33.6804,0.3162],[33.7445,0.2077],[33.8608,0.1854],[33.9745,0.2134],[34.0029,-0.0242],[34.1252,-0.091],[34.1172,-0.1635],[34.2847,-0.3503],[34.334,-0.3373],[34.4195,-0.1962],[34.7176,-0.0917]],[[32.0542,-2.3283],[32.0445,-2.2426],[31.8999,-2.2842],[31.8183,-2.1916],[31.7908,-2.2341],[31.7827,-2.3208],[31.8426,-2.3812],[31.8483,-2.4545],[31.8999,-2.443],[31.9175,-2.3724],[32.0542,-2.3283]],[[32.2979,-0.3916],[32.3191,-0.3375],[32.2689,-0.2903],[32.1937,-0.3321],[32.1822,-0.2354],[32.0647,-0.2544],[32.1042,-0.3222],[32.2082,-0.3627],[32.1323,-0.5254],[32.2719,-0.4725],[32.2979,-0.3916]],[[33.1748,-2.1593],[33.0972,-1.9654],[32.9716,-1.9732],[32.9486,-1.9017],[32.8299,-1.9375],[32.8514,-2.0605],[33.1748,-2.1593]],[[33.3723,0.216],[33.3885,0.2723],[33.2238,0.2768],[33.1843,0.15],[33.2643,0.1437],[33.3394,0.08],[33.317,0.1842],[33.3723,0.216]]]}},{"type":"Feature","properties":{},"geometry":{"type":"Polygon","coordinates":[[[109.8639,55.539],[109.75,55.1854],[109.7648,55.0396],[109.5234,54.5586],[109.4897,54.3804],[109.4957,54.2621],[109.5537,54.174],[109.5379,54.1162],[109.2105,53.8277],[109.1776,53.6376],[109.0304,53.639],[109.0089,53.6678],[109.0607,53.831],[108.9437,53.8624],[108.8359,53.8073],[108.5321,53.5134],[108.8419,53.5865],[108.9206,53.5656],[108.9891,53.4503],[108.9311,53.3444],[108.7677,53.2813],[108.6612,53.3017],[108.392,53.1633],[108.3022,53.1094],[108.3348,53.0375],[108.2878,52.989],[107.9477,52.7803],[107.0988,52.5416],[106.9382,52.4746],[106.8061,52.3285],[106.4973,52.3831],[106.3139,52.3231],[106.2691,52.282],[106.2807,52.1691],[106.1865,51.9564],[105.9674,51.7742],[105.7977,51.7011],[104.6552,51.4823],[104.1564,51.5354],[103.7134,51.6942],[104.1325,51.7695],[104.5365,51.7841],[104.812,51.8702],[105.1651,51.9059],[105.5696,52.1084],[105.8598,52.3867],[106.06,52.5119],[106.5374,52.7059],[106.881,52.9731],[106.8732,53.0294],[106.7736,53.0223],[106.852,53.1029],[107.0719,53.2413],[107.5347,53.439],[107.627,53.611],[108.2235,53.9761],[108.4729,54.2768],[108.5928,54.4925],[108.7857,54.6723],[108.9325,54.8978],[108.9169,54.951],[109.0527,55.0276],[109.1711,55.1937],[109.2133,55.4054],[109.1935,55.5356],[109.2387,55.5747],[109.5756,55.7715],[109.7604,55.7735],[109.9554,55.6722],[109.8639,55.539]],[[107.7668,53.267],[107.7953,53.393],[107.7444,53.3991],[107.5841,53.2833],[106.995,53.1066],[106.9625,53.0233],[107.4378,53.1025],[107.7668,53.267]]]}},{"type":"Feature","properties":{},"geometry":{"type":"Polygon","coordinates":[[[-96.3726,50.7292],[-96.2944,50.6239],[-96.3917,50.6285],[-96.5418,50.7279],[-96.6076,50.5522],[-96.5764,50.468],[-96.6832,50.3979],[-96.8656,50.4185],[-96.9307,50.4612],[-96.9833,50.683],[-96.9383,51.0601],[-96.6268,51.3244],[-96.7254,51.366],[-96.9082,51.2056],[-96.9795,51.2041],[-96.9815,51.2509],[-96.7421,51.5545],[-96.8262,51.7104],[-96.8805,51.7242],[-97.1063,51.642],[-97.141,51.5021],[-97.2528,51.4436],[-97.2895,51.5935],[-97.2498,51.8651],[-97.3567,52.0397],[-97.496,52.0008],[-97.573,51.9239],[-97.6,51.9876],[-97.4967,52.1328],[-97.7428,52.1354],[-97.774,52.109],[-97.7288,52.0882],[-97.7355,52.0451],[-97.7924,51.9145],[-97.8234,51.8892],[-97.9626,51.9271],[-98.0363,51.9813],[-98.188,52.2802],[-98.4288,52.3818],[-98.4691,52.4861],[-98.809,52.725],[-98.8958,52.8563],[-98.895,52.9158],[-98.4598,53.0436],[-98.696,53.0824],[-98.9902,53.0478],[-99.2296,53.1851],[-99.2016,53.3527],[-99.0424,53.5569],[-98.9827,53.7183],[-99.001,53.7536],[-98.9293,53.8674],[-98.8109,53.897],[-98.6135,53.8427],[-98.2994,53.8343],[-97.9095,53.7002],[-97.8997,53.7384],[-98.2608,53.9125],[-98.2969,54.0177],[-98.021,54.4099],[-97.932,54.375],[-97.9827,54.3159],[-97.8204,54.3004],[-98.0835,54.202],[-98.213,54.0253],[-98.061,53.9309],[-98.0008,54.0018],[-97.7341,54.0809],[-97.7617,54.0134],[-97.9774,53.9695],[-97.8319,53.7355],[-97.8283,53.6413],[-97.3519,53.0263],[-97.424,52.9648],[-97.398,52.8789],[-97.1978,52.6729],[-97.0025,52.2694],[-96.9862,52.1333],[-96.8347,51.9421],[-96.8442,51.8664],[-96.7067,51.8147],[-96.7062,51.7732],[-96.7573,51.7628],[-96.7224,51.7038],[-96.6015,51.5963],[-96.4952,51.4131],[-96.2903,51.2512],[-96.2881,51.2079],[-96.3941,51.0876],[-96.3726,50.7292]],[[-97.9379,52.3183],[-97.887,52.3579],[-97.9436,52.5307],[-97.9946,52.542],[-98.0427,52.3976],[-97.9776,52.3154],[-97.9379,52.3183]],[[-96.6322,51.1484],[-96.5982,51.1881],[-96.7086,51.1994],[-96.8446,51.0267],[-96.6803,51.0408],[-96.6322,51.1484]]]}},{"type":"Feature","properties":{},"geometry":{"type":"Polygon","coordinates":[[[-109.0221,62.8067],[-108.9191,62.7879],[-109.0065,62.6899],[-109.2519,62.5971],[-109.2924,62.6025],[-109.2629,62.6572],[-109.3007,62.7171],[-109.3959,62.7391],[-110.2841,62.8268],[-110.6617,62.8286],[-110.7562,62.7632],[-111.269,62.6612],[-111.2723,62.6166],[-110.4105,62.6851],[-109.7348,62.6495],[-110.1008,62.5572],[-110.7636,62.5456],[-110.6468,62.4822],[-110.7048,62.3955],[-110.9503,62.4025],[-111.2944,62.2811],[-111.3073,62.2331],[-111.587,62.1294],[-111.6377,62.0595],[-111.5021,62.0491],[-111.6203,61.95],[-112.0896,61.7363],[-112.208,61.6244],[-112.9694,61.3904],[-113.0907,61.484],[-113.3587,61.4449],[-113.6766,61.3012],[-113.6914,61.1888],[-113.729,61.1717],[-113.6479,61.1571],[-113.6303,61.1057],[-113.8322,60.9966],[-114.1725,61.006],[-115.333,60.8446],[-115.8766,60.8481],[-116.4248,60.9531],[-116.5277,61.0293],[-117.226,61.0747],[-117.6681,61.3078],[-117.0668,61.1499],[-116.7382,61.2244],[-116.7968,61.2977],[-116.7634,61.3294],[-116.1985,61.2664],[-115.95,61.1831],[-115.9804,61.2449],[-115.8578,61.3017],[-116.0388,61.3813],[-115.7172,61.4398],[-115.7454,61.5113],[-115.5569,61.7404],[-115.3374,61.7785],[-115.1623,61.7361],[-114.8454,61.7681],[-114.6356,61.8689],[-114.6674,61.9349],[-115.0329,62.0989],[-115.0448,62.1745],[-115.1666,62.2439],[-115.29,62.2371],[-115.2541,62.3291],[-115.309,62.3708],[-115.2889,62.4822],[-115.701,62.4853],[-115.809,62.5992],[-115.9917,62.6815],[-116.0375,62.7257],[-116.0042,62.7658],[-115.7629,62.7201],[-115.7243,62.6596],[-115.2886,62.6074],[-115.1651,62.5188],[-114.9021,62.466],[-114.7137,62.3762],[-114.4369,62.3729],[-114.2839,62.4129],[-114.2271,62.3854],[-114.2245,62.3124],[-114.0228,62.2681],[-113.5743,62.0188],[-113.3088,62.0049],[-113.0375,62.0186],[-112.9234,62.0735],[-112.8915,62.0368],[-112.5293,62.074],[-112.3019,62.1345],[-111.7796,62.3682],[-111.3934,62.7219],[-110.6727,62.9269],[-110.0559,62.952],[-109.0221,62.8067]],[[-111.7453,62.0815],[-111.6675,62.1228],[-111.828,62.1129],[-112.0712,61.974],[-112.3061,61.9161],[-113.0108,61.8085],[-112.9198,61.7622],[-112.7544,61.7639],[-112.6898,61.6051],[-112.455,61.6051],[-112.3309,61.6497],[-112.1374,61.8367],[-111.7866,62.0021],[-111.7453,62.0815]]]}},{"type":"Feature","properties":{},"geometry":{"type":"Polygon","coordinates":[[[-75.7866,44.4843],[-75.8322,44.3973],[-76.3524,44.1061],[-76.3061,44.0432],[-76.1733,44.0794],[-76.1542,44.0454],[-76.1923,44.0034],[-76.0707,43.9985],[-76.1983,43.8745],[-76.2846,43.8692],[-76.2181,43.7578],[-76.2026,43.5745],[-76.4727,43.5073],[-76.7223,43.3426],[-76.9631,43.2638],[-77.2708,43.2945],[-77.5291,43.2674],[-77.8382,43.3571],[-78.175,43.3947],[-78.6895,43.3615],[-79.3375,43.1977],[-79.7278,43.2528],[-79.773,43.3011],[-79.569,43.5783],[-79.0606,43.8352],[-77.7265,44.0093],[-77.6818,44.0448],[-77.549,44.0248],[-77.5676,44.0077],[-77.5029,43.9625],[-77.259,43.964],[-77.3148,43.9465],[-77.2672,43.9216],[-77.19,43.9476],[-77.208,43.876],[-77.0545,43.883],[-76.8791,43.9429],[-77.0438,43.9519],[-76.863,44.0999],[-77.1027,44.0463],[-77.0832,44.1481],[-77.1153,44.1729],[-77.2715,44.1387],[-77.296,44.0979],[-77.3316,44.1042],[-77.3327,44.1529],[-77.5844,44.0943],[-77.2508,44.1888],[-77.0587,44.2051],[-77.01,44.1529],[-76.896,44.1875],[-77.0623,44.0912],[-76.9915,44.0741],[-76.6877,44.218],[-76.4078,44.2625],[-75.7866,44.4843]],[[-76.6875,44.1375],[-76.6426,44.1993],[-76.8095,44.1399],[-76.6875,44.1375]],[[-76.2751,44.0086],[-76.2751,44.0086],[-76.2751,44.0086],[-76.2767,43.9871],[-76.262,43.9901],[-76.2313,44.0178],[-76.2306,44.0285],[-76.2598,44.0224],[-76.2751,44.0086]],[[-76.237,44.2326],[-76.4305,44.2268],[-76.4845,44.1278],[-76.4227,44.1215],[-76.3296,44.2078],[-76.237,44.2326]],[[-76.0806,44.2947],[-76.0806,44.2947],[-76.0806,44.2947],[-76.0754,44.3058],[-76.1191,44.3059],[-76.1452,44.2921],[-76.1503,44.2811],[-76.1427,44.2692],[-76.1112,44.2773],[-76.0806,44.2947]]]}},{"type":"Feature","properties":{},"geometry":{"type":"Polygon","coordinates":[[[-117.8425,66.4237],[-117.5421,66.4828],[-117.5144,66.4603],[-117.6744,66.3361],[-117.6799,66.2532],[-117.9866,66.1054],[-117.9072,66.0665],[-117.924,66.0436],[-118.0726,66.0359],[-118.1991,65.9052],[-118.2092,65.8563],[-118.157,65.8314],[-117.8463,65.8402],[-117.9433,65.7227],[-118.5689,65.6439],[-118.9437,65.784],[-119.6191,65.7823],[-119.9878,65.5862],[-119.5086,65.3676],[-119.885,65.3249],[-120.1591,65.1757],[-121.2301,64.8265],[-121.3668,64.8336],[-121.4715,64.8795],[-121.48,64.9334],[-121.0889,65.004],[-120.5504,65.2894],[-120.4058,65.4114],[-120.3833,65.5572],[-120.6635,65.6052],[-121.3675,65.4347],[-121.5479,65.3638],[-121.6152,65.0932],[-122.0399,64.9613],[-123.4459,65.1161],[-123.472,65.1518],[-123.4439,65.1846],[-122.8526,65.2781],[-122.7666,65.3425],[-122.7692,65.4085],[-122.8873,65.487],[-122.3741,65.6566],[-122.2058,65.7526],[-122.1636,65.8175],[-122.5308,65.9437],[-122.5488,65.9862],[-122.3875,66.007],[-121.772,65.9481],[-121.475,65.9569],[-121.2934,66.0014],[-121.2492,66.0542],[-121.2782,66.092],[-122.1104,66.2343],[-123.0157,66.2552],[-122.9926,66.1729],[-123.1161,66.0537],[-123.1978,66.1037],[-123.3962,66.1354],[-124.4994,66.1531],[-124.5902,66.1096],[-124.5901,66.0157],[-124.7321,66.0398],[-124.8167,65.9413],[-124.9629,66.0102],[-125.0905,66.1573],[-125.0628,66.2478],[-124.5252,66.2762],[-123.1768,66.5169],[-123.0882,66.4734],[-122.5288,66.5601],[-122.5226,66.5994],[-122.3443,66.5835],[-121.9804,66.6362],[-121.5283,66.7191],[-121.2334,66.8325],[-119.8775,67.0294],[-119.097,66.9091],[-119.5679,66.7458],[-120.0845,66.6541],[-120.1295,66.6004],[-120.3303,66.5373],[-120.3251,66.4702],[-120.4779,66.4218],[-120.0165,66.3801],[-119.7224,66.3114],[-118.7558,66.3313],[-118.3373,66.3986],[-118.0041,66.6013],[-117.6965,66.6584],[-117.691,66.5958],[-117.8645,66.4608],[-117.8425,66.4237]]]}},{"type":"Feature","properties":{},"geometry":{"type":"Polygon","coordinates":[[[-83.0765,42.2755],[-83.1048,42.2864],[-83.0634,42.3227],[-82.902,42.394],[-82.8701,42.519],[-82.7838,42.6127],[-82.8044,42.6389],[-82.7326,42.6896],[-82.6499,42.6866],[-82.613,42.5246],[-82.4185,42.4723],[-82.428,42.3667],[-82.5157,42.3218],[-82.9706,42.3268],[-83.0765,42.2755]]]}},{"type":"Feature","properties":{},"geometry":{"type":"Polygon","coordinates":[[[14.0384,59.0827],[14.0908,59.0794],[13.9926,58.9864],[13.9752,58.8654],[13.7995,58.7224],[13.3581,58.6171],[13.2402,58.5148],[13.1476,58.5214],[13.1482,58.5972],[13.0406,58.6043],[12.6243,58.3823],[12.5506,58.3789],[12.5711,58.4322],[12.507,58.3969],[12.3133,58.3953],[12.6069,58.6171],[12.5252,58.6612],[12.4997,58.7645],[12.4255,58.8015],[12.4738,58.8397],[12.4686,58.9349],[12.5758,58.8257],[12.7084,59.0355],[12.8184,59.082],[13.0406,59.0143],[13.1221,58.9209],[13.2357,58.9051],[13.1033,59.2546],[13.1549,59.3529],[13.2457,59.3103],[13.2775,59.3573],[13.6797,59.3897],[13.752,59.3312],[14.028,59.3201],[14.0475,59.2412],[13.9306,59.0898],[14.0384,59.0827]]]}},{"type":"Feature","properties":{},"geometry":{"type":"Polygon","coordinates":[[[-80.6288,26.8871],[-80.7426,26.6973],[-80.7841,26.6909],[-80.8956,26.7522],[-81.0808,26.9557],[-80.8703,27.1471],[-80.7586,27.1822],[-80.6544,27.0537],[-80.6288,26.8871]]]}},{"type":"Feature","properties":{},"geometry":{"type":"Polygon","coordinates":[[[-84.8143,11.2604],[-84.7691,11.1177],[-84.8031,11.065],[-84.8966,11.0354],[-85.4111,11.1739],[-85.6836,11.317],[-85.899,11.7024],[-85.912,12.0029],[-85.8714,12.0978],[-85.6758,12.0641],[-85.2593,11.7829],[-84.8143,11.2604]]]}},{"type":"Feature","properties":{},"geometry":{"type":"Polygon","coordinates":[[[37.2855,11.7945],[37.113,11.8551],[37.0582,11.8341],[37.002,11.9066],[37.0278,12.1645],[37.0959,12.2657],[37.2691,12.2242],[37.4603,12.3033],[37.5552,12.223],[37.5918,12.1171],[37.5766,12.0179],[37.3872,11.6323],[37.3006,11.6685],[37.3218,11.7091],[37.2855,11.7945]]]}},{"type":"Feature","properties":{},"geometry":{"type":"Polygon","coordinates":[[[-69.3663,-16.2229],[-69.4831,-16.1819],[-69.4472,-16.0295],[-69.6273,-15.9667],[-69.8341,-15.8193],[-69.8454,-15.92],[-70.011,-15.8281],[-70.0169,-15.7335],[-69.9563,-15.6462],[-69.7978,-15.6935],[-69.9382,-15.3987],[-69.833,-15.3098],[-69.6869,-15.2642],[-69.6251,-15.3436],[-69.3605,-15.5111],[-69.2988,-15.6214],[-69.0387,-15.7956],[-69.0144,-15.9102],[-68.7961,-15.972],[-68.8887,-16.0844],[-68.8292,-16.1902],[-68.6352,-16.2211],[-68.5861,-16.2881],[-68.7875,-16.4069],[-68.9063,-16.4239],[-68.9284,-16.4482],[-68.8563,-16.5475],[-68.9042,-16.5894],[-69.0982,-16.4835],[-69.0519,-16.4174],[-69.0437,-16.2811],[-68.946,-16.2233],[-68.8852,-16.2407],[-68.8909,-16.2057],[-69.0774,-16.0813],[-69.1356,-16.2321],[-69.2216,-16.2541],[-69.3663,-16.2229]]]}},{"type":"Feature","properties":{},"geometry":{"type":"Polygon","coordinates":[[[-99.3489,53.1989],[-99.3303,53.1594],[-99.4587,53.0527],[-99.5388,53.0674],[-99.6382,53.1881],[-99.6568,53.1445],[-99.9717,53.0977],[-100.2004,53.1518],[-100.8912,53.4707],[-100.8546,53.5012],[-100.6036,53.4978],[-100.6336,53.5686],[-100.3225,53.5925],[-100.3236,53.6689],[-100.4317,53.79],[-100.33,53.8645],[-100.3472,53.898],[-100.5062,53.9168],[-100.4834,53.9496],[-100.3027,53.9733],[-100.3499,54.2147],[-100.1219,54.2459],[-99.8691,54.1857],[-100.2265,54.0146],[-100.1052,53.9715],[-100.1406,53.8462],[-99.963,53.8757],[-99.6601,54.034],[-99.6019,54.0107],[-99.7756,53.8351],[-99.9084,53.8267],[-99.9262,53.7605],[-100.2194,53.6319],[-99.9764,53.4911],[-99.8936,53.2548],[-99.4375,53.3369],[-99.3489,53.1989]]]}},{"type":"Feature","properties":{},"geometry":{"type":"Polygon","coordinates":[[[36.4189,61.3924],[36.3639,61.1597],[35.8803,60.9478],[35.9099,60.9025],[35.8551,60.8705],[35.5506,60.938],[35.3996,61.0399],[35.1329,61.0071],[34.9425,61.0704],[34.8464,61.0267],[34.7967,61.1228],[34.8873,61.2061],[35.1566,61.1937],[35.2311,61.1652],[35.062,61.1256],[35.142,61.0773],[35.4406,61.0626],[35.5273,61.0228],[35.5834,61.0342],[35.6294,61.15],[35.4574,61.3559],[34.63,61.6544],[34.388,61.7961],[34.3146,61.8687],[34.4944,61.8076],[34.5624,61.8238],[34.5943,61.874],[34.5663,61.9689],[34.2552,62.1686],[34.2565,62.2623],[34.0983,62.3789],[33.9775,62.408],[33.944,62.5005],[34.0539,62.4945],[34.3275,62.264],[34.3429,62.1989],[34.6356,62.095],[34.6581,62.2452],[34.609,62.3388],[34.6956,62.3646],[34.5202,62.5416],[34.5566,62.5399],[34.8405,62.3101],[34.8925,62.1871],[35.1146,62.0536],[35.1678,62.0967],[35.0459,62.2288],[35.3872,62.1578],[35.5535,62.2359],[35.5402,62.3542],[35.3518,62.5227],[34.9434,62.6428],[34.8386,62.5912],[34.7393,62.6213],[34.6211,62.7124],[34.4796,62.8738],[34.4895,62.9036],[34.9104,62.8154],[35.7398,62.5202],[35.8029,62.4611],[35.8227,62.3522],[35.6744,62.0794],[35.6894,62.0402],[35.8184,61.9511],[36.1087,61.6111],[36.4189,61.3924]],[[35.3258,61.9354],[35.3393,62.0328],[35.2518,62.0797],[35.1604,61.8586],[35.2736,61.8703],[35.3258,61.9354]]]}},{"type":"Feature","properties":{},"geometry":{"type":"Polygon","coordinates":[[[-111.9739,41.0021],[-111.9606,40.9415],[-112.0971,40.8809],[-112.1899,40.769],[-112.37,40.7008],[-112.478,40.9434],[-112.5462,40.8392],[-112.5803,40.8486],[-112.7284,41.019],[-112.8138,41.2237],[-112.9613,41.3774],[-113.0144,41.5972],[-112.742,41.6591],[-112.7073,41.6029],[-112.7376,41.5366],[-112.604,41.4315],[-112.5272,41.4209],[-112.4371,41.2188],[-112.3662,41.2485],[-112.4022,41.4323],[-112.3735,41.4572],[-112.243,41.3925],[-112.0645,41.3999],[-112.0762,41.347],[-112.2411,41.3452],[-112.3036,41.2826],[-111.9739,41.0021]],[[-112.1713,40.8752],[-112.1557,40.9556],[-112.1981,41.0561],[-112.2629,41.0583],[-112.2495,40.9645],[-112.1713,40.8752]]]}},{"type":"Feature","properties":{},"geometry":{"type":"Polygon","coordinates":[[[-84.7626,45.7924],[-84.9814,45.767],[-84.9775,45.7065],[-85.0878,45.6053],[-85.0877,45.5069],[-84.9298,45.4126],[-85.2229,45.3562],[-85.3757,45.277],[-85.389,45.0328],[-85.5494,44.7719],[-85.4941,44.9944],[-85.5339,44.9756],[-85.5933,44.8157],[-85.6472,44.8375],[-85.5659,45.2065],[-85.8578,44.9615],[-85.9105,44.9763],[-86.0577,44.9164],[-86.1258,44.7478],[-86.2587,44.699],[-86.2422,44.5513],[-86.2959,44.3306],[-86.5192,44.0737],[-86.438,43.8127],[-86.5421,43.6373],[-86.3291,43.2241],[-86.2215,42.9004],[-86.2327,42.65],[-86.2996,42.4176],[-86.6916,41.8534],[-87.1587,41.6464],[-87.3563,41.6433],[-87.477,41.6955],[-87.5566,41.766],[-87.6946,42.0844],[-87.7975,42.2114],[-87.7814,42.7534],[-87.8877,43.0125],[-87.9017,43.2449],[-87.6997,43.7237],[-87.7294,43.8512],[-87.7001,43.9766],[-87.5349,44.1743],[-87.5274,44.3857],[-87.3373,44.7758],[-87.4196,44.8656],[-87.6044,44.8469],[-87.7875,44.6516],[-87.9692,44.552],[-88.0283,44.6179],[-87.9516,44.7637],[-87.8303,44.9425],[-87.627,45.0323],[-87.5928,45.1778],[-87.1142,45.6925],[-86.9823,45.9173],[-86.9928,45.7896],[-86.9379,45.7002],[-86.7536,45.8595],[-86.5633,45.8825],[-86.5593,45.8063],[-86.6914,45.7014],[-86.6897,45.6573],[-86.622,45.6228],[-86.5275,45.7532],[-86.3513,45.831],[-86.2718,45.9367],[-86.1229,45.9689],[-85.9137,45.9412],[-85.6148,46.0205],[-85.4788,46.1076],[-85.3859,46.1086],[-84.9718,45.989],[-84.7569,45.8628],[-84.7626,45.7924]],[[-85.4923,45.7602],[-85.5385,45.7754],[-85.5729,45.7379],[-85.6121,45.6093],[-85.5091,45.6245],[-85.4923,45.7602]],[[-86.0524,45.1564],[-86.0379,45.1028],[-85.9882,45.088],[-85.9798,45.1316],[-86.0524,45.1564]],[[-86.9263,45.4149],[-86.9667,45.3683],[-86.9469,45.3457],[-86.8619,45.3522],[-86.8619,45.4086],[-86.9263,45.4149]],[[-87.0491,45.3029],[-87.2588,45.138],[-87.3965,44.9541],[-87.3546,44.8388],[-87.2803,44.8349],[-87.0589,45.1024],[-87.0842,45.154],[-86.9859,45.2752],[-87.0491,45.3029]]]}},{"type":"Feature","properties":{},"geometry":{"type":"Polygon","coordinates":[[[-84.4324,46.5221],[-84.3439,46.5312],[-84.5284,46.4361],[-84.6349,46.4823],[-84.8512,46.4695],[-85.0343,46.5058],[-84.9679,46.7707],[-85.0146,46.7835],[-85.6161,46.6906],[-86.132,46.6868],[-86.6375,46.453],[-86.7329,46.4901],[-86.9136,46.4833],[-87.0341,46.5432],[-87.3581,46.5244],[-87.6375,46.8265],[-87.7776,46.8879],[-88.2163,46.9516],[-88.383,46.8743],[-88.4491,46.8015],[-88.466,47.0125],[-88.5433,47.1216],[-88.6327,47.1669],[-88.6505,47.232],[-88.9481,47.043],[-89.1548,46.9886],[-89.355,46.8819],[-89.6951,46.8386],[-90.1536,46.6545],[-90.4688,46.5841],[-90.7368,46.6889],[-90.77,46.6454],[-90.9435,46.619],[-90.7684,46.908],[-90.8399,46.9625],[-91.8356,46.7021],[-91.9873,46.699],[-92.107,46.7619],[-90.8467,47.5853],[-89.8288,47.9009],[-89.3454,48.1211],[-89.2215,48.3107],[-89.2007,48.4508],[-88.7746,48.5831],[-88.9327,48.3354],[-88.7344,48.3841],[-88.6253,48.5987],[-88.5496,48.6582],[-88.5026,48.8331],[-88.3953,48.8449],[-88.3229,48.7385],[-88.5665,48.528],[-88.5594,48.4468],[-88.5009,48.467],[-88.4435,48.5603],[-88.2331,48.597],[-88.1384,48.6829],[-88.1088,48.776],[-88.2243,48.8671],[-88.2636,48.9737],[-88.0698,49.0014],[-87.2236,48.7758],[-86.8199,48.7726],[-86.6925,48.8079],[-86.581,48.753],[-86.4324,48.7582],[-86.2826,48.5979],[-86.1042,48.2103],[-85.9136,48.0295],[-85.6146,47.9407],[-84.8547,47.95],[-85.0143,47.6388],[-84.9358,47.5398],[-84.5943,47.3202],[-84.7751,47.004],[-84.6249,46.9224],[-84.488,46.944],[-84.385,46.9058],[-84.382,46.8533],[-84.5535,46.8056],[-84.5399,46.6973],[-84.4881,46.7435],[-84.4381,46.723],[-84.5685,46.5433],[-84.5005,46.4833],[-84.4324,46.5221]],[[-90.7557,46.9648],[-90.7608,46.937],[-90.708,46.9273],[-90.7557,46.9648]],[[-90.6534,46.8277],[-90.5961,46.8688],[-90.7916,46.7723],[-90.6534,46.8277]],[[-90.5467,46.9193],[-90.5426,46.9627],[-90.6504,46.9368],[-90.5467,46.9193]],[[-90.4102,47.0438],[-90.4474,47.0662],[-90.4717,47.0175],[-90.4102,47.0438]],[[-88.0567,48.8368],[-88.0866,48.808],[-88.0567,48.7167],[-87.8163,48.7679],[-87.7651,48.8411],[-87.915,48.8646],[-88.0567,48.8368]],[[-88.911,47.9362],[-88.6248,48.042],[-88.4849,48.1674],[-89.1466,47.9526],[-89.2001,47.9171],[-89.1691,47.9171],[-89.1952,47.8518],[-88.9699,47.8813],[-88.911,47.9362]],[[-87.7905,47.4114],[-87.741,47.4336],[-87.8779,47.4842],[-88.3203,47.4211],[-88.562,47.2722],[-88.6157,47.1742],[-88.4341,47.1223],[-88.4538,47.1519],[-88.4167,47.1915],[-88.4091,47.1314],[-88.4687,47.0476],[-88.4022,47.0193],[-88.2219,47.2106],[-87.9749,47.3549],[-88.0207,47.3924],[-87.7905,47.4114]],[[-87.6903,48.75],[-87.626,48.7804],[-87.7482,48.8347],[-87.7437,48.7642],[-87.6903,48.75]],[[-85.6059,47.7421],[-85.7651,47.8067],[-85.9507,47.7473],[-85.8586,47.7191],[-85.6059,47.7421]]]}},{"type":"Feature","properties":{},"geometry":{"type":"Polygon","coordinates":[[[-84.3439,46.5312],[-84.1654,46.5626],[-84.0871,46.507],[-84.0918,46.3608],[-83.4591,46.2376],[-83.0255,46.1813],[-82.35,46.1933],[-82.196,46.1339],[-81.7693,46.1044],[-81.7652,46.0579],[-81.6153,46.1194],[-81.5417,46.0747],[-81.6402,46.04],[-81.5967,45.9666],[-81.2368,45.9741],[-81.1737,46.0161],[-81.1603,45.9549],[-81.097,45.9416],[-80.8178,45.951],[-80.5107,45.5897],[-80.4443,45.5841],[-80.414,45.6199],[-80.3496,45.3993],[-80.1773,45.3438],[-80.1761,45.3966],[-80.0571,45.3746],[-80.0497,45.3011],[-80.1211,45.2233],[-80.0065,45.1533],[-80.0859,45.1094],[-79.8284,44.9363],[-79.7716,44.8193],[-79.6959,44.8751],[-79.7086,44.7912],[-79.6779,44.7689],[-79.827,44.768],[-79.925,44.8129],[-79.9296,44.863],[-80.1082,44.8068],[-79.9975,44.6523],[-80.0078,44.5717],[-80.0848,44.4894],[-80.4603,44.5778],[-80.5929,44.6385],[-80.6702,44.727],[-80.7898,44.7003],[-80.9097,44.6176],[-80.8954,44.781],[-80.9635,44.809],[-81.1302,44.7697],[-81.0063,44.8762],[-80.9728,44.9696],[-81.1336,44.9179],[-81.1379,44.9681],[-81.2595,45.0283],[-81.3125,45.1562],[-81.2852,45.2413],[-81.6974,45.2512],[-81.7061,45.2235],[-81.5903,45.1659],[-81.4512,45.015],[-81.3552,44.9775],[-81.3584,44.911],[-81.2782,44.7899],[-81.2777,44.6437],[-81.4022,44.4606],[-81.5649,44.3597],[-81.7081,44.1307],[-81.7128,43.4741],[-81.7845,43.3269],[-82.1811,43.0851],[-82.4172,43.0174],[-82.6633,43.8542],[-82.7161,43.939],[-82.8782,44.0478],[-82.9946,44.0611],[-83.3826,43.9241],[-83.353,43.8793],[-83.4689,43.7309],[-83.6679,43.621],[-83.848,43.6636],[-83.9383,43.7375],[-83.8788,43.9625],[-83.614,44.0583],[-83.5125,44.2708],[-83.4628,44.2649],[-83.3306,44.3751],[-83.2996,44.7852],[-83.3278,44.8692],[-83.4516,44.992],[-83.4259,45.0589],[-83.2787,45.0468],[-83.3973,45.2736],[-83.4785,45.3388],[-84.0728,45.5091],[-84.2423,45.6444],[-84.7626,45.7924],[-84.7569,45.8628],[-84.7133,45.8705],[-84.7249,45.9575],[-84.6315,46.0526],[-84.5213,45.9946],[-83.901,45.9809],[-84.0408,46.0882],[-84.0549,46.1589],[-84.2479,46.203],[-84.2022,46.2832],[-84.2548,46.4076],[-84.358,46.5047],[-84.3439,46.5312]],[[-83.3453,45.9928],[-83.48,45.9067],[-83.332,45.8804],[-83.2692,45.9466],[-83.3453,45.9928]],[[-83.529,46.0236],[-83.6082,46.0966],[-83.6839,46.1063],[-83.7148,46.0375],[-83.8751,45.9913],[-83.8232,45.9557],[-83.5883,45.9411],[-83.4938,45.9908],[-83.529,46.0236]],[[-83.829,46.1477],[-83.7946,46.2143],[-83.8221,46.2535],[-83.9707,46.303],[-84.097,46.2876],[-83.9786,46.1094],[-83.9068,46.0972],[-83.8759,46.1479],[-83.829,46.1477]],[[-84.1688,46.3245],[-84.1849,46.2794],[-84.1207,46.2459],[-84.1688,46.3245]],[[-84.1327,46.3407],[-84.1636,46.41],[-84.1424,46.5309],[-84.2155,46.5361],[-84.2742,46.4875],[-84.189,46.3601],[-84.1327,46.3407]],[[-84.429,45.8065],[-84.5631,45.8039],[-84.4123,45.7363],[-84.3748,45.7654],[-84.429,45.8065]],[[-82.9623,45.8334],[-82.3232,45.6836],[-82.0553,45.5613],[-81.7598,45.6976],[-81.9767,45.5699],[-81.8812,45.5355],[-81.7547,45.5911],[-81.593,45.7917],[-81.6851,45.8014],[-81.6648,45.8719],[-81.6982,45.8937],[-81.8038,45.7432],[-81.8406,45.8854],[-81.9389,45.9792],[-82.0546,45.955],[-82.1426,45.8694],[-82.332,45.982],[-82.5272,45.9386],[-82.5805,45.8955],[-82.5204,45.8489],[-82.5314,45.8058],[-82.7646,45.8582],[-82.8452,45.9904],[-83.0973,45.9351],[-83.1762,45.9689],[-83.2158,45.9327],[-83.2218,45.9021],[-83.1601,45.8752],[-82.9623,45.8334]],[[-81.7126,45.5263],[-81.8375,45.484],[-81.7881,45.4658],[-81.7126,45.5263]],[[-80.173,44.7962],[-80.1714,44.8648],[-80.2363,44.8645],[-80.173,44.7962]]]}},{"type":"Feature","properties":{},"geometry":{"type":"Polygon","coordinates":[[[-97.4268,25.3536],[-97.5373,25.0815],[-97.6871,24.4764],[-97.7578,23.9148],[-97.741,24.3909],[-97.8332,24.5171],[-97.8003,24.546],[-97.7252,24.5013],[-97.6886,24.6635],[-97.7029,24.8445],[-97.643,24.9077],[-97.7287,24.9937],[-97.6997,25.2008],[-97.7545,25.2573],[-97.6535,25.3648],[-97.5431,25.3115],[-97.5077,25.4474],[-97.4375,25.406],[-97.4268,25.3536]]]}},{"type":"Feature","properties":{},"geometry":{"type":"Polygon","coordinates":[[[-102.8372,58.3299],[-102.9823,58.2746],[-103.0009,58.243],[-102.9405,58.1734],[-103.2593,58.0533],[-103.2809,57.8968],[-103.2112,57.8281],[-103.33,57.6972],[-103.3604,57.6946],[-103.3137,57.8279],[-103.359,57.8614],[-103.5593,57.8687],[-103.8293,57.7791],[-103.6563,57.9193],[-103.8031,57.9469],[-103.6734,58.0374],[-103.7059,58.1274],[-103.6125,58.2674],[-103.6619,58.2836],[-103.6104,58.4085],[-103.5499,58.4551],[-103.3841,58.4316],[-103.2391,58.4716],[-103.1849,58.5522],[-102.9525,58.5325],[-102.8034,58.4116],[-102.8372,58.3299]]]}},{"type":"Feature","properties":{},"geometry":{"type":"Polygon","coordinates":[[[-109.2328,59.1266],[-110.0738,58.9487],[-110.4032,58.7682],[-110.4401,58.716],[-110.3695,58.6757],[-110.3761,58.6445],[-110.7472,58.6137],[-110.812,58.5125],[-110.9034,58.6314],[-111.075,58.5048],[-111.0976,58.6155],[-111.3015,58.7556],[-111.2804,58.7885],[-111.1498,58.7749],[-111.1607,58.7389],[-111.1248,58.7351],[-111.0186,58.7641],[-110.4831,59.1102],[-109.8753,59.3566],[-109.777,59.4132],[-109.8007,59.445],[-109.6225,59.5425],[-109.398,59.5972],[-109.1725,59.5867],[-109.0359,59.4978],[-108.7954,59.5037],[-108.8567,59.387],[-108.2192,59.4733],[-107.2389,59.3482],[-106.0182,59.2713],[-107.5888,59.2924],[-107.7082,59.34],[-107.8367,59.2158],[-108.2112,59.1611],[-109.1033,59.0978],[-109.2328,59.1266]]]}},{"type":"Feature","properties":{},"geometry":{"type":"Polygon","coordinates":[[[-72.8999,51.1459],[-73.4593,50.7933],[-73.3943,50.8927],[-73.1315,51.0903],[-73.1729,51.1578],[-73.6308,50.824],[-73.8001,50.5952],[-73.7879,50.3899],[-73.8432,50.4057],[-73.8177,50.2114],[-74.0079,50.1204],[-74.0757,50.0427],[-74.2195,50.0576],[-73.8276,50.2494],[-73.8988,50.3524],[-73.8386,50.6393],[-73.9157,50.5438],[-73.9316,50.4577],[-74.0024,50.4781],[-74.1319,50.4032],[-73.8453,50.8882],[-73.9114,50.8975],[-73.8919,50.981],[-73.0669,51.3904],[-72.9859,51.397],[-73.0672,51.3172],[-73.0405,51.3094],[-72.7919,51.3531],[-73.0674,51.206],[-73.0718,51.1603],[-72.8113,51.2441],[-72.6901,51.2406],[-72.8999,51.1459]]]}},{"type":"Feature","properties":{},"geometry":{"type":"Polygon","coordinates":[[[5.8672,52.5632],[5.87,52.4854],[5.4953,52.2519],[5.0399,52.3441],[5.0141,52.3643],[5.069,52.4514],[5.0659,52.6237],[5.2417,52.6698],[5.2475,52.7304],[5.0681,52.9234],[5.3772,53.0647],[5.4204,52.8745],[5.6568,52.8514],[5.6191,52.6585],[5.8354,52.6093],[5.8672,52.5632]],[[5.8009,52.4658],[5.8342,52.5022],[5.7975,52.5646],[5.6581,52.5876],[5.1686,52.3788],[5.2424,52.3337],[5.4991,52.3019],[5.8009,52.4658]]]}},{"type":"Feature","properties":{},"geometry":{"type":"Polygon","coordinates":[[[38.681,58.1082],[38.3831,58.1219],[38.357,58.1001],[38.4371,58.0175],[38.2811,58.0539],[38.2205,58.2373],[37.8972,58.2918],[37.4169,58.6131],[37.1553,58.695],[37.1508,58.8487],[37.4229,58.7266],[37.4104,58.67],[37.5377,58.6127],[37.5646,58.5528],[37.6611,58.5575],[37.6323,58.6362],[38.0739,58.5419],[38.0955,58.6345],[37.9453,58.7203],[38.0239,58.7459],[37.9959,58.8617],[37.7137,58.9277],[37.5014,58.8448],[37.4658,58.8746],[37.4844,58.9272],[37.6732,59.0252],[37.6956,59.064],[37.6449,59.1568],[37.9873,59.1768],[38.0272,59.1281],[38.1594,59.1016],[38.1805,59.1321],[38.1433,59.2098],[38.294,59.1613],[38.4146,59.1734],[38.2395,59.0627],[37.9102,59.1027],[37.8577,59.0751],[38.1194,58.9546],[38.7528,58.5469],[38.9893,58.4956],[38.9703,58.4408],[39.0053,58.3581],[38.8305,58.2956],[38.8052,58.122],[38.6917,58.207],[38.6192,58.2013],[38.6979,58.133],[38.681,58.1082]]]}},{"type":"Feature","properties":{},"geometry":{"type":"Polygon","coordinates":[[[78.3026,42.5884],[77.8707,42.4283],[77.8539,42.3666],[77.7162,42.2404],[77.5146,42.1818],[76.9215,42.1904],[76.5777,42.2914],[76.2631,42.3276],[76.2154,42.4352],[76.965,42.6123],[77.3374,42.6697],[77.5349,42.6513],[77.6841,42.7018],[78.2488,42.7337],[78.1189,42.6415],[78.1363,42.6077],[78.3026,42.5884]]]}},{"type":"Feature","properties":{},"geometry":{"type":"Polygon","coordinates":[[[-94.0521,49.3731],[-94.0473,49.268],[-94.119,49.2063],[-94.1095,49.2634],[-94.2211,49.3936],[-94.2784,49.4073],[-94.2542,49.4709],[-94.6464,49.4449],[-94.7901,49.3533],[-94.6402,49.3536],[-94.4641,49.232],[-94.3541,49.266],[-94.24,49.1812],[-94.074,49.1554],[-94.1969,49.0958],[-94.3095,49.1036],[-94.7128,48.8634],[-94.8178,48.8678],[-95.0026,48.9643],[-95.1792,48.8967],[-95.2735,48.8862],[-95.3128,48.9281],[-95.2605,49.1371],[-94.9828,49.1953],[-94.9356,49.2398],[-94.9409,49.321],[-95.0142,49.3682],[-94.6454,49.6031],[-94.7449,49.6162],[-95.1074,49.4634],[-95.1386,49.4719],[-95.1161,49.5426],[-95.1525,49.6224],[-95.0084,49.6354],[-94.9263,49.576],[-94.8401,49.6126],[-94.8703,49.6627],[-94.823,49.6904],[-94.5882,49.7238],[-94.5758,49.8073],[-94.6782,49.9527],[-94.6145,49.9927],[-94.5385,49.9312],[-94.451,49.7375],[-94.3122,49.6852],[-94.3144,49.5998],[-94.3684,49.5631],[-94.1733,49.4966],[-94.1444,49.4274],[-94.0521,49.3731]],[[-94.7016,49.1906],[-94.7874,49.1925],[-94.7315,49.0918],[-94.6569,49.0899],[-94.5935,49.0359],[-94.5283,49.0415],[-94.4462,49.1794],[-94.5152,49.2148],[-94.7016,49.1906]]]}},{"type":"Feature","properties":{},"geometry":{"type":"Polygon","coordinates":[[[-88.0305,49.9612],[-88.1445,49.9122],[-88.1081,49.8678],[-88.1124,49.7114],[-88.1803,49.4662],[-88.3049,49.4592],[-88.406,49.3891],[-88.5416,49.5488],[-88.5627,49.4622],[-88.6218,49.4279],[-88.7729,49.4581],[-88.7104,49.587],[-88.5902,49.6078],[-88.6075,49.6466],[-88.7442,49.6308],[-88.8232,49.5396],[-88.9601,49.5013],[-89.0186,49.5678],[-88.9074,49.5794],[-88.9303,49.7547],[-89.0075,49.7143],[-89.0921,49.7755],[-89.0692,49.824],[-89.0044,49.7865],[-88.9494,49.8098],[-88.9451,49.8797],[-88.8885,49.9325],[-88.8932,50.0568],[-88.7694,50.2133],[-88.6391,50.277],[-88.2876,50.15],[-88.4205,50.2892],[-88.3438,50.275],[-88.1705,50.1348],[-88.2154,50.0958],[-88.2347,49.9906],[-88.1326,50.0352],[-88.0305,49.9612]],[[-88.5543,50.022],[-88.6297,50.0435],[-88.6544,49.9497],[-88.7482,49.8681],[-88.5882,49.805],[-88.6359,49.9158],[-88.5543,50.022]],[[-88.385,49.6473],[-88.3929,49.7],[-88.489,49.6604],[-88.4903,49.6117],[-88.385,49.6473]]]}},{"type":"Feature","properties":{},"geometry":{"type":"Polygon","coordinates":[[[-101.7243,57.9098],[-101.5443,57.9202],[-101.5434,57.816],[-101.8284,57.5786],[-102.1062,57.4272],[-102.0938,57.3676],[-101.8356,57.2702],[-102.0324,57.1912],[-102.0481,57.1143],[-101.9621,57.0247],[-102.1768,56.864],[-102.3126,56.8384],[-102.4654,56.6079],[-102.8854,56.4735],[-102.9773,56.3692],[-103.1367,56.4142],[-103.2716,56.2766],[-103.257,56.4753],[-103.2984,56.4959],[-103.2934,56.5434],[-103.1919,56.5553],[-103.1056,56.853],[-103.069,56.8491],[-103.0511,56.5687],[-102.9777,56.5616],[-102.8615,56.6833],[-102.7325,56.7163],[-102.5698,56.8304],[-102.5437,56.9297],[-102.5838,57.0462],[-102.7418,57.1009],[-102.6934,57.2099],[-102.7889,57.2827],[-102.9193,57.2952],[-102.933,57.3644],[-102.8901,57.4507],[-102.6944,57.5643],[-102.6918,57.6882],[-102.5226,57.7305],[-102.205,57.931],[-102.1509,58.0379],[-102.0524,58.1074],[-101.991,58.0883],[-102.0133,58.0029],[-101.971,57.9634],[-101.8193,58.0646],[-101.8465,57.8665],[-101.8154,57.8431],[-101.7243,57.9098]]]}},{"type":"Feature","properties":{},"geometry":{"type":"Polygon","coordinates":[[[-75.75,43.2255],[-75.7334,43.2057],[-75.7996,43.1809],[-75.9592,43.1768],[-76.0964,43.2537],[-75.75,43.2255]]]}},{"type":"Feature","properties":{},"geometry":{"type":"Polygon","coordinates":[[[-153.9713,59.7693],[-154.5338,59.6279],[-154.6135,59.4515],[-155.7434,59.3345],[-155.8813,59.3769],[-155.9137,59.4565],[-155.8457,59.5376],[-154.9927,59.7054],[-154.3282,59.7914],[-153.9713,59.7693]]]}},{"type":"Feature","properties":{},"geometry":{"type":"Polygon","coordinates":[[[-155.9608,57.8702],[-156.0212,57.8374],[-155.9931,57.7635],[-156.0404,57.7053],[-156.1592,57.6334],[-156.1148,57.7489],[-156.1606,57.7972],[-156.6775,57.8881],[-156.8317,57.9314],[-156.8836,57.9991],[-156.8166,58.0672],[-156.6377,58.0858],[-156.279,58.0065],[-155.9758,57.9092],[-155.9608,57.8702]]]}},{"type":"Feature","properties":{},"geometry":{"type":"Polygon","coordinates":[[[-119.9427,39.0251],[-119.9657,38.9574],[-120.0334,38.9453],[-120.1392,39.0908],[-120.0591,39.2214],[-119.9617,39.254],[-119.9184,39.2065],[-119.9427,39.0251]]]}},{"type":"Feature","properties":{},"geometry":{"type":"Polygon","coordinates":[[[35.3237,-14.619],[35.2493,-14.7389],[35.1973,-14.6818],[35.208,-14.5313],[35.2676,-14.5173],[35.3237,-14.619]]]}},{"type":"Feature","properties":{},"geometry":{"type":"Polygon","coordinates":[[[84.5156,47.9299],[84.3568,47.7321],[84.2418,47.7064],[83.6246,48.0128],[83.259,48.0946],[83.0268,48.2119],[83.0386,48.2496],[83.4353,48.27],[83.4976,48.3045],[83.5326,48.3751],[83.3922,48.4999],[83.387,48.554],[83.4712,48.8582],[83.7473,49.0393],[84.1206,49.1591],[84.0998,49.238],[83.8485,49.4171],[83.6604,49.4429],[83.3637,49.6438],[83.6082,49.6063],[83.9636,49.7264],[83.7295,49.5352],[84.2878,49.2377],[84.3606,49.1605],[83.6092,48.9104],[83.5141,48.8133],[83.4869,48.7183],[83.6134,48.4373],[83.9194,48.3972],[83.6819,48.3534],[83.5812,48.2675],[84.0515,48.0835],[84.3339,48.0231],[84.5156,47.9299]]]}},{"type":"Feature","properties":{},"geometry":{"type":"Polygon","coordinates":[[[-88.3251,44.0676],[-88.3338,43.9381],[-88.4311,43.8081],[-88.4648,43.8134],[-88.5187,44.0291],[-88.4845,44.1104],[-88.4179,44.1945],[-88.3581,44.196],[-88.3211,44.1802],[-88.3251,44.0676]]]}},{"type":"Feature","properties":{},"geometry":{"type":"Polygon","coordinates":[[[-71.4385,66.5964],[-71.2092,66.862],[-71.1941,66.9446],[-71.2274,67.0008],[-71.0014,67.0202],[-70.8257,66.9944],[-70.4628,66.7533],[-69.9455,66.6883],[-69.4898,66.5808],[-69.4661,66.5469],[-69.6458,66.4757],[-69.6458,66.4417],[-69.2533,66.4508],[-69.2207,66.4059],[-69.5851,66.2032],[-69.6477,66.2462],[-69.7696,66.2031],[-69.9755,66.2583],[-70.3765,66.1948],[-70.6188,66.2824],[-71.1037,65.9908],[-71.2258,65.9535],[-71.3209,65.9874],[-71.2211,66.0242],[-71.1793,66.0827],[-71.1936,66.1508],[-71.1266,66.3306],[-71.4385,66.5964]]]}},{"type":"Feature","properties":{},"geometry":{"type":"Polygon","coordinates":[[[36.6846,2.5378],[36.633,2.4247],[36.571,2.4052],[36.424,2.7344],[36.1536,3.0379],[35.8723,3.5981],[35.8473,3.7753],[35.9505,4.5529],[36.0449,4.539],[36.1324,4.653],[36.1741,4.6319],[36.197,4.4309],[36.2212,3.4729],[36.3107,3.2066],[36.4272,3.0114],[36.6521,2.8584],[36.6967,2.7266],[36.6846,2.5378]]]}},{"type":"Feature","properties":{},"geometry":{"type":"Polygon","coordinates":[[[-101.9346,63.2211],[-101.5835,63.3973],[-101.5475,63.4559],[-101.3194,63.3938],[-101.2928,63.4149],[-101.3323,63.4668],[-101.2758,63.4906],[-101.1372,63.4304],[-100.9024,63.5303],[-100.7058,63.5465],[-100.6444,63.4685],[-100.6728,63.3729],[-100.7703,63.319],[-101.0601,63.2675],[-101.1135,63.1714],[-101.1037,63.1019],[-100.8841,63.0072],[-100.8837,62.9562],[-101.059,62.858],[-101.0279,62.7611],[-101.2904,62.6661],[-101.3815,62.6827],[-101.3217,62.8281],[-101.3805,62.9281],[-101.5294,62.664],[-101.5896,62.776],[-101.7547,62.8005],[-101.8231,62.8806],[-101.9892,62.8866],[-102.0347,62.9246],[-102.0971,63.0764],[-102.1737,63.122],[-102.1602,63.1648],[-101.9346,63.2211]]]}},{"type":"Feature","properties":{},"geometry":{"type":"Polygon","coordinates":[[[-94.6256,64.1588],[-94.247,64.1237],[-94.2245,64.0761],[-94.3116,64.0125],[-94.4547,63.9964],[-94.8604,64.0655],[-95.7842,64.0563],[-96.2274,64.193],[-96.2734,64.3014],[-96.2026,64.3246],[-95.2506,64.2739],[-94.6501,64.1968],[-94.6256,64.1588]]]}},{"type":"Feature","properties":{},"geometry":{"type":"Polygon","coordinates":[[[19.7641,54.4338],[19.7171,54.4823],[19.988,54.71],[20.0843,54.6731],[20.4049,54.6816],[19.7641,54.4338]]]}},{"type":"Feature","properties":{},"geometry":{"type":"Polygon","coordinates":[[[19.7171,54.4823],[19.7641,54.4338],[19.7385,54.4118],[19.4809,54.3004],[19.3468,54.268],[19.251,54.3106],[19.7171,54.4823]]]}},{"type":"Feature","properties":{},"geometry":{"type":"Polygon","coordinates":[[[-73.3732,44.1477],[-73.4049,44.0539],[-73.3676,43.757],[-73.4512,44.0834],[-73.4439,44.193],[-73.3541,44.2812],[-73.4438,44.6375],[-73.3468,45.018],[-73.3239,45.0288],[-73.2851,44.9126],[-73.204,45.0217],[-73.104,45.078],[-73.1108,45.0093],[-73.1927,44.9566],[-73.2137,44.5864],[-73.2625,44.5418],[-73.2276,44.445],[-73.3732,44.1477]]]}},{"type":"Feature","properties":{},"geometry":{"type":"Polygon","coordinates":[[[-115.6116,33.2745],[-115.6979,33.1383],[-115.7889,33.1466],[-116.0617,33.4326],[-116.0535,33.5021],[-115.9484,33.5194],[-115.6116,33.2745]]]}},{"type":"Feature","properties":{},"geometry":{"type":"Polygon","coordinates":[[[-117.3187,63.2087],[-117.3596,63.1462],[-117.7385,63.1131],[-118.201,63.2827],[-118.6274,63.337],[-118.6283,63.3751],[-118.3443,63.5129],[-118.1002,63.5702],[-117.764,63.4042],[-117.5752,63.3716],[-117.3187,63.2087]]]}},{"type":"Feature","properties":{},"geometry":{"type":"Polygon","coordinates":[[[-72.9674,-41.2854],[-72.9738,-41.0875],[-72.8487,-40.9744],[-72.7032,-41.0258],[-72.599,-41.1836],[-72.6294,-41.2145],[-72.727,-41.1996],[-72.8762,-41.2938],[-72.9674,-41.2854]]]}},{"type":"Feature","properties":{},"geometry":{"type":"Polygon","coordinates":[[[118.6047,33.1721],[118.4917,32.998],[118.1832,32.8848],[118.1809,32.9713],[118.1421,32.9861],[118.0662,32.9355],[118.0499,32.9638],[118.1302,33.0278],[118.2403,33.0084],[118.1823,33.1394],[117.9785,33.1423],[117.9146,33.126],[117.8916,33.0646],[117.809,33.0481],[117.9116,33.181],[118.1143,33.2147],[118.1749,33.2102],[118.3402,32.9942],[118.4072,33.0099],[118.4545,33.1602],[118.2492,33.2211],[118.2329,33.2881],[118.3184,33.2684],[118.4465,33.4068],[118.6071,33.376],[118.4877,33.5398],[118.4931,33.6227],[118.5442,33.6446],[118.6636,33.4631],[118.7743,33.4428],[118.8605,33.3565],[118.7155,33.0893],[118.6809,33.0765],[118.6529,33.1738],[118.6047,33.1721]]]}},{"type":"Feature","properties":{},"geometry":{"type":"Polygon","coordinates":[[[100.7868,51.397],[100.6882,50.983],[100.5072,50.8087],[100.4452,50.6589],[100.4726,50.6032],[100.1934,50.4938],[100.2962,51.1086],[100.284,51.2504],[100.4021,51.3921],[100.3797,51.4661],[100.5593,51.6103],[100.7868,51.397]]]}},{"type":"Feature","properties":{},"geometry":{"type":"Polygon","coordinates":[[[92.3164,50.3017],[92.2354,50.413],[92.8928,50.6583],[92.9902,50.608],[92.9777,50.5396],[93.0759,50.4277],[93.3618,50.2816],[93.0952,50.1983],[92.9128,50.0559],[92.6014,50.0052],[92.3817,50.1419],[92.3164,50.3017]]]}},{"type":"Feature","properties":{},"geometry":{"type":"Polygon","coordinates":[[[29.1284,-8.6617],[29.0205,-8.9223],[28.6959,-9.3964],[28.5208,-9.4044],[28.5098,-9.4848],[28.3774,-9.5027],[28.3242,-9.364],[28.3674,-9.1008],[28.8671,-8.5129],[28.9537,-8.5206],[29.1284,-8.6617]]]}},{"type":"Feature","properties":{},"geometry":{"type":"Polygon","coordinates":[[[132.8098,45.0516],[132.6136,44.7113],[132.3655,44.5294],[132.069,44.7425],[132.1087,44.9687],[132.0151,45.0743],[132.005,45.214],[132.0711,45.2868],[132.2302,45.3284],[132.5795,45.2962],[132.8082,45.1488],[132.8098,45.0516]]]}},{"type":"Feature","properties":{},"geometry":{"type":"Polygon","coordinates":[[[104.5702,12.4264],[104.4641,12.5061],[104.2578,12.5639],[104.1403,12.6711],[104.1046,12.7886],[104.0075,12.804],[103.8064,12.9469],[103.6991,13.207],[103.7311,13.2499],[103.9807,13.1792],[104.0996,13.0355],[104.2348,12.764],[104.4398,12.7243],[104.471,12.5587],[104.5548,12.5144],[104.5702,12.4264]]]}},{"type":"Feature","properties":{},"geometry":{"type":"Polygon","coordinates":[[[100.7527,36.8109],[100.7043,36.5894],[100.6275,36.5568],[100.4306,36.6411],[99.9585,36.6787],[99.8274,36.7394],[99.6499,36.9113],[99.6809,36.9474],[99.8164,36.9554],[99.7872,37.149],[99.9562,37.2178],[100.2745,37.1502],[100.7527,36.8109]]]}},{"type":"Feature","properties":{},"geometry":{"type":"Polygon","coordinates":[[[71.2386,67.9896],[70.9706,68.0116],[70.9298,68.0646],[71.093,68.1034],[71.3807,68.0249],[71.3427,67.9875],[71.2386,67.9896]]]}},{"type":"Feature","properties":{},"geometry":{"type":"Polygon","coordinates":[[[43.2612,33.7277],[43.1062,33.9152],[43.066,34.2581],[43.1158,34.3291],[43.2388,34.1414],[43.4675,33.9504],[43.4928,33.888],[43.4783,33.7291],[43.2612,33.7277]]]}},{"type":"Feature","properties":{},"geometry":{"type":"Polygon","coordinates":[[[43.8784,32.6877],[43.7926,32.5352],[43.4821,32.6424],[43.423,32.8104],[43.5078,33.0599],[43.5502,33.0794],[43.7199,32.8084],[43.8784,32.6877]]]}},{"type":"Feature","properties":{},"geometry":{"type":"Polygon","coordinates":[[[35.5854,31.7242],[35.5451,31.3591],[35.4229,31.3254],[35.4214,31.6186],[35.522,31.7559],[35.559,31.7655],[35.5854,31.7242]]]}},{"type":"Feature","properties":{},"geometry":{"type":"Polygon","coordinates":[[[27.4971,58.1841],[27.5686,58.2148],[27.5918,58.1746],[27.8651,58.1735],[27.973,58.1326],[28.097,58.0444],[28.1692,57.9145],[28.1018,57.86],[27.9109,57.8958],[27.8027,57.9902],[27.6238,58.0143],[27.4971,58.1841]]]}},{"type":"Feature","properties":{},"geometry":{"type":"Polygon","coordinates":[[[-72.0546,48.4537],[-72.1654,48.481],[-72.3062,48.6193],[-72.3305,48.6686],[-72.2905,48.7332],[-72.1581,48.7553],[-71.9996,48.7236],[-71.7756,48.6099],[-71.7806,48.5182],[-71.8225,48.4751],[-72.0546,48.4537]]]}},{"type":"Feature","properties":{},"geometry":{"type":"Polygon","coordinates":[[[-77.0576,42.6445],[-77.191,42.4254],[-77.1481,42.5684],[-77.0576,42.6445]]]}},{"type":"Feature","properties":{},"geometry":{"type":"Polygon","coordinates":[[[-76.8792,42.4163],[-76.9699,42.8776],[-76.882,42.6828],[-76.8792,42.4163]]]}},{"type":"Feature","properties":{},"geometry":{"type":"Polygon","coordinates":[[[-76.5197,42.5011],[-76.6671,42.6027],[-76.7728,42.778],[-76.7349,42.9433],[-76.6651,42.6684],[-76.5197,42.5011]]]}},{"type":"Feature","properties":{},"geometry":{"type":"Polygon","coordinates":[[[4.6853,10.3655],[4.5982,10.1961],[4.6586,9.8847],[4.594,9.8668],[4.5368,10.0283],[4.4737,10.07],[4.5058,10.1737],[4.4639,10.1959],[4.4654,10.3055],[4.3996,10.3753],[4.4595,10.4601],[4.4915,10.644],[4.6804,10.5848],[4.6496,10.5169],[4.6853,10.3655]]]}},{"type":"Feature","properties":{},"geometry":{"type":"Polygon","coordinates":[[[45.6663,37.7419],[45.7467,37.7012],[45.755,37.5777],[45.8577,37.4265],[45.8312,37.3405],[45.6628,37.2881],[45.5355,37.1349],[45.4485,37.1495],[45.3646,37.2266],[45.2342,37.7637],[45.087,37.8854],[45.0803,37.9876],[45.1882,38.1079],[45.1712,38.1438],[45.0154,38.1444],[45.026,38.1927],[45.1056,38.2643],[45.3569,38.2643],[45.4584,38.1734],[45.4873,38.0729],[45.4359,37.8062],[45.4832,37.7536],[45.6663,37.7419]]]}},{"type":"Feature","properties":{},"geometry":{"type":"Polygon","coordinates":[[[-106.2582,57.6963],[-106.1104,57.6546],[-106.0954,57.4646],[-106.14,57.4139],[-106.5415,57.3263],[-106.8036,57.3556],[-106.9698,57.2536],[-107.0906,57.2357],[-107.0831,57.3607],[-107.0282,57.4262],[-107.0691,57.4757],[-106.9235,57.4622],[-106.6549,57.5975],[-106.2582,57.6963]]]}},{"type":"Feature","properties":{},"geometry":{"type":"Polygon","coordinates":[[[-99.6063,62.9588],[-99.2977,63.1871],[-99.332,63.0995],[-99.3036,63.0476],[-99.1594,62.9905],[-99.142,62.9288],[-99.3859,62.8169],[-99.7295,62.8195],[-99.7622,62.848],[-99.6063,62.9588]]]}},{"type":"Feature","properties":{},"geometry":{"type":"Polygon","coordinates":[[[-102.5491,60.3223],[-102.4848,60.3145],[-102.3153,60.424],[-102.4371,60.5004],[-102.4343,60.5847],[-102.2611,60.6485],[-101.8864,60.2383],[-101.8487,60.1116],[-101.8847,59.9828],[-101.9828,60.0099],[-102.0233,59.9293],[-102.2746,60.2109],[-102.3817,60.2502],[-102.5875,60.2457],[-102.6004,60.3088],[-102.5491,60.3223]]]}},{"type":"Feature","properties":{},"geometry":{"type":"Polygon","coordinates":[[[57.865,41.7731],[57.8178,41.6999],[57.6849,41.6362],[57.3456,41.5732],[57.1744,41.7346],[57.0618,41.7249],[57.0534,41.7734],[57.1827,42.1854],[57.2727,42.3033],[57.3923,42.3349],[57.5498,42.2607],[57.6272,42.1496],[57.6131,42.105],[57.7003,41.9126],[57.8448,41.8378],[57.865,41.7731]]]}},{"type":"Feature","properties":{},"geometry":{"type":"Polygon","coordinates":[[[76.747,54.8323],[77.1344,54.9232],[77.2453,54.856],[77.3266,54.9683],[77.5703,55.0533],[78.033,54.9755],[78.0491,54.9274],[77.6435,54.8027],[77.6359,54.7691],[77.7406,54.6613],[77.5999,54.6138],[77.5221,54.6647],[77.2451,54.7231],[76.7342,54.7165],[76.747,54.8323]]]}},{"type":"Feature","properties":{},"geometry":{"type":"Polygon","coordinates":[[[82.1327,45.764],[81.7486,45.8719],[81.4267,46.0554],[81.3994,46.3047],[81.4432,46.3921],[81.5297,46.4518],[81.65,46.4557],[81.9122,46.3508],[82.0253,46.1848],[82.1327,45.764]]]}},{"type":"Feature","properties":{},"geometry":{"type":"Polygon","coordinates":[[[-90.425,30.274],[-90.4666,30.1979],[-90.574,30.1969],[-90.5569,30.2837],[-90.4931,30.3482],[-90.4327,30.3261],[-90.425,30.274]]]}},{"type":"Feature","properties":{},"geometry":{"type":"Polygon","coordinates":[[[-73.9897,56.0256],[-74.2493,55.938],[-74.2764,55.9515],[-74.2306,55.9848],[-74.3362,56.0241],[-74.7324,56.0914],[-74.8004,56.1373],[-74.8191,56.2734],[-74.6638,56.3362],[-74.4774,56.3176],[-74.3122,56.2623],[-74.2484,56.161],[-73.9854,56.0965],[-73.9897,56.0256]]]}},{"type":"Feature","properties":{},"geometry":{"type":"Polygon","coordinates":[[[-80.4472,46.2822],[-80.1467,46.2575],[-80.1255,46.3236],[-80.0533,46.3458],[-79.6534,46.3583],[-79.494,46.3106],[-79.4355,46.2354],[-79.5726,46.1659],[-79.7718,46.2129],[-79.9865,46.1608],[-80.015,46.2321],[-80.2934,46.225],[-80.4472,46.2822]]]}},{"type":"Feature","properties":{},"geometry":{"type":"Polygon","coordinates":[[[117.2289,48.5853],[117.0886,48.5791],[117.0955,48.7048],[116.9885,48.841],[117.6357,49.3421],[117.7069,49.3219],[117.6861,49.2204],[117.7162,49.1801],[118.0347,49.0715],[117.9643,49.035],[117.7723,49.0588],[117.2289,48.5853]]]}},{"type":"Feature","properties":{},"geometry":{"type":"Polygon","coordinates":[[[29.9949,-11.0905],[29.9174,-11.3007],[29.7524,-11.4161],[29.5881,-11.3936],[29.5501,-11.248],[29.496,-11.1947],[29.7412,-10.9306],[29.8467,-10.8865],[29.9273,-10.8782],[29.9995,-10.9376],[29.9949,-11.0905]]]}},{"type":"Feature","properties":{},"geometry":{"type":"Polygon","coordinates":[[[28.4471,69.326],[28.7604,69.4191],[28.5542,69.2987],[28.5323,69.257],[28.5664,69.2216],[28.4004,69.0824],[28.091,69.0074],[28.3291,68.8931],[28.3358,68.8571],[27.9895,68.8798],[27.8908,68.861],[27.9924,68.788],[27.8698,68.7424],[27.7791,68.792],[27.6548,68.7315],[27.4642,68.7609],[27.2823,68.7148],[27.2598,68.7365],[27.4279,68.8022],[27.4166,68.8407],[27.1617,68.923],[27.4845,69.0041],[27.7453,69.1291],[27.9406,69.1784],[28.0881,69.1619],[27.9908,69.2538],[28.0314,69.288],[28.101,69.2993],[28.1385,69.2373],[28.2324,69.2487],[28.3445,69.3229],[28.4471,69.326]]]}},{"type":"Feature","properties":{},"geometry":{"type":"Polygon","coordinates":[[[26.7799,64.3912],[26.8661,64.53],[27.2137,64.4967],[27.2173,64.4139],[27.3654,64.3304],[27.727,64.3967],[27.925,64.3813],[27.9297,64.3067],[27.7378,64.2817],[27.7646,64.2447],[28.1879,64.1312],[27.9289,64.1448],[27.5624,64.2745],[27.3229,64.2092],[27.2585,64.1204],[26.9425,64.2385],[26.7799,64.3912]]]}},{"type":"Feature","properties":{},"geometry":{"type":"Polygon","coordinates":[[[27.5686,58.2148],[27.4971,58.1841],[27.4255,58.3031],[27.2366,58.4522],[27.1567,58.6479],[26.9664,58.8056],[26.9741,58.8843],[27.1073,58.9542],[27.5237,59.0069],[27.683,58.9796],[27.7484,58.9121],[27.8205,58.4849],[27.5827,58.3064],[27.5686,58.2148]]]}},{"type":"Feature","properties":{},"geometry":{"type":"Polygon","coordinates":[[[29.1977,-1.6437],[29.3576,-2.0159],[29.0767,-2.3449],[28.8503,-2.4479],[28.9167,-2.2877],[28.8722,-2.1869],[28.9094,-2.008],[29.0328,-1.6475],[29.0712,-1.6054],[29.1977,-1.6437]]]}},{"type":"Feature","properties":{},"geometry":{"type":"Polygon","coordinates":[[[29.4189,-0.6297],[29.3664,-0.6399],[29.327,-0.5297],[29.4964,-0.1802],[29.6438,-0.1197],[29.783,-0.1215],[29.8871,-0.1725],[29.868,-0.3027],[29.5104,-0.6117],[29.4189,-0.6297]]]}},{"type":"Feature","properties":{},"geometry":{"type":"Polygon","coordinates":[[[120.6017,31.0875],[120.3944,30.9706],[120.236,30.936],[120.1032,30.9733],[119.978,31.0911],[119.9394,31.253],[119.9874,31.3918],[120.2186,31.5318],[120.2709,31.4446],[120.3804,31.4291],[120.3265,31.3197],[120.4307,31.2002],[120.3947,31.1004],[120.4607,31.0808],[120.5399,31.1271],[120.6017,31.0875]]]}},{"type":"Feature","properties":{},"geometry":{"type":"Polygon","coordinates":[[[-76.5468,56.1639],[-76.3972,56.3453],[-76.4251,56.3887],[-76.3658,56.5502],[-76.2451,56.4229],[-76.2754,56.3787],[-75.9354,56.1738],[-76.1468,56.1268],[-76.5468,56.1639]]]}},{"type":"Feature","properties":{},"geometry":{"type":"Polygon","coordinates":[[[-62.2298,-30.7762],[-62.7269,-30.9172],[-62.9793,-30.6917],[-62.6438,-30.5206],[-62.4127,-30.5433],[-62.2879,-30.5889],[-62.233,-30.6715],[-62.2298,-30.7762]]]}},{"type":"Feature","properties":{},"geometry":{"type":"Polygon","coordinates":[[[33.1671,49.0193],[33.0763,49.0043],[33.0435,49.0631],[32.7695,49.1159],[31.9005,49.5128],[31.888,49.5544],[32.1145,49.5413],[32.6318,49.3818],[32.6824,49.401],[32.6646,49.537],[32.712,49.5594],[32.7539,49.4848],[33.1943,49.1187],[33.1671,49.0193]]]}},{"type":"Feature","properties":{},"geometry":{"type":"Polygon","coordinates":[[[-76.0884,53.6662],[-76.1001,53.737],[-75.9303,53.7658],[-75.85,53.8551],[-75.2923,53.8965],[-75.1838,53.8205],[-74.7993,53.8934],[-74.7338,53.8957],[-74.7247,53.8572],[-75.2699,53.7091],[-75.2652,53.684],[-74.7708,53.6539],[-74.4334,53.6845],[-74.9354,53.5779],[-75.0268,53.5763],[-74.9984,53.6223],[-75.0339,53.6393],[-75.6334,53.6377],[-75.6577,53.6201],[-75.6011,53.582],[-75.6324,53.5384],[-75.9345,53.4653],[-76.1017,53.4753],[-76.1245,53.5226],[-75.9068,53.6531],[-75.945,53.6857],[-76.0884,53.6662]]]}},{"type":"Feature","properties":{},"geometry":{"type":"Polygon","coordinates":[[[-76.1001,53.737],[-76.0884,53.6662],[-76.8385,53.4992],[-77.3966,53.5208],[-77.4877,53.5605],[-77.4648,53.6381],[-77.685,53.6792],[-77.4197,53.7978],[-76.9019,53.8472],[-76.766,53.9097],[-76.731,53.9765],[-76.888,54.0566],[-76.8679,54.0724],[-76.6596,54.0263],[-76.5093,54.0479],[-76.472,54.0824],[-76.5574,54.1572],[-76.3684,54.188],[-76.1053,54.116],[-76.2554,54.0735],[-76.304,53.9627],[-76.7497,53.7229],[-76.1001,53.737]]]}},{"type":"Feature","properties":{},"geometry":{"type":"Polygon","coordinates":[[[-156.5483,57.7661],[-156.7775,57.566],[-156.768,57.5066],[-156.8343,57.4434],[-157.0438,57.5479],[-156.8926,57.5796],[-156.6834,57.7552],[-156.5483,57.7661]]]}},{"type":"Feature","properties":{},"geometry":{"type":"Polygon","coordinates":[[[-71.5089,18.47],[-71.6068,18.421],[-71.7935,18.4944],[-71.777,18.5312],[-71.6834,18.5511],[-71.5089,18.47]]]}},{"type":"Feature","properties":{},"geometry":{"type":"Polygon","coordinates":[[[-159.6655,66.4735],[-159.6626,66.4329],[-159.9455,66.4417],[-160.1344,66.5195],[-159.9225,66.5351],[-159.6655,66.4735]]]}},{"type":"Feature","properties":{},"geometry":{"type":"Polygon","coordinates":[[[-115.0622,60.3294],[-115.1573,60.1947],[-115.2862,60.1598],[-115.2943,60.109],[-115.6053,60.1729],[-115.8793,60.163],[-115.8961,60.2014],[-115.8043,60.2542],[-115.5314,60.2621],[-115.1099,60.3499],[-115.0622,60.3294]]]}},{"type":"Feature","properties":{},"geometry":{"type":"Polygon","coordinates":[[[-76.6372,53.2601],[-76.6879,53.1697],[-76.8433,53.095],[-76.7985,52.9809],[-76.8995,52.9948],[-76.9375,53.1188],[-76.8807,53.2159],[-76.8918,53.3449],[-76.8436,53.3942],[-76.7199,53.4688],[-76.7033,53.4194],[-76.6612,53.4168],[-76.5639,53.4849],[-76.5146,53.4675],[-76.5226,53.3795],[-76.6715,53.3401],[-76.6562,53.298],[-76.5892,53.2889],[-76.6372,53.2601]]]}},{"type":"Feature","properties":{},"geometry":{"type":"Polygon","coordinates":[[[-71.9817,-50.2237],[-72.2739,-50.3023],[-72.7939,-50.2908],[-72.9727,-50.3566],[-73.0045,-50.4194],[-72.9621,-50.4705],[-72.7819,-50.4834],[-72.955,-50.62],[-73.1086,-50.3651],[-73.2853,-50.3314],[-73.2144,-50.2695],[-73.028,-50.2893],[-72.9718,-50.2613],[-72.9827,-50.2259],[-73.1634,-50.1476],[-73.2914,-50.2111],[-73.3004,-50.1848],[-73.2864,-50.0696],[-73.1877,-49.9824],[-73.0625,-50.1331],[-72.9472,-50.1796],[-72.7998,-50.1964],[-72.1162,-50.1323],[-71.9817,-50.2237]]]}},{"type":"Feature","properties":{},"geometry":{"type":"Polygon","coordinates":[[[90.3457,30.5242],[90.2889,30.8469],[90.3529,30.8802],[90.5785,30.8289],[90.712,30.8945],[90.8656,30.8854],[90.9437,30.9238],[91.0117,30.8878],[91.0143,30.8392],[90.714,30.6413],[90.3457,30.5242]]]}},{"type":"Feature","properties":{},"geometry":{"type":"Polygon","coordinates":[[[33.4575,38.8536],[33.5975,38.7989],[33.6735,38.7123],[33.6171,38.5778],[33.5331,38.5228],[33.2357,38.6667],[33.1581,38.7721],[33.2928,38.9672],[33.3054,39.1267],[33.4237,39.0558],[33.4575,38.8536]]]}},{"type":"Feature","properties":{},"geometry":{"type":"Polygon","coordinates":[[[-105.9591,59.9976],[-106.0734,59.959],[-106.0553,59.8449],[-106.1036,59.8095],[-106.2367,59.8623],[-106.3384,59.8047],[-106.375,59.8307],[-106.3258,59.9345],[-106.3324,60.0221],[-106.4069,60.0636],[-106.3076,60.1008],[-106.1946,60.0214],[-106.1223,60.1437],[-106.0189,60.1922],[-105.8726,60.2283],[-105.7044,60.1837],[-105.7701,60.1306],[-106.069,60.0831],[-106.0459,60.0499],[-105.8801,60.0382],[-105.8754,60.0063],[-105.9591,59.9976]]]}},{"type":"Feature","properties":{},"geometry":{"type":"Polygon","coordinates":[[[27.5354,60.9382],[27.3396,61.0214],[27.5793,60.984],[27.6918,61.0116],[27.7243,61.0779],[27.8487,60.9842],[27.5354,60.9382]]]}},{"type":"Feature","properties":{},"geometry":{"type":"Polygon","coordinates":[[[29.4723,62.8694],[29.5623,62.8336],[29.583,62.8884],[29.4937,63.0293],[29.522,63.0514],[29.8225,62.7947],[29.8119,62.7319],[29.6664,62.682],[29.4216,62.8832],[29.4723,62.8694]]]}},{"type":"Feature","properties":{},"geometry":{"type":"Polygon","coordinates":[[[29.2295,62.7053],[29.2193,62.7725],[29.293,62.8047],[29.3896,62.7212],[29.5221,62.7059],[29.4541,62.641],[29.2186,62.6501],[29.1875,62.6838],[29.2295,62.7053]]]}},{"type":"Feature","properties":{},"geometry":{"type":"Polygon","coordinates":[[[160.4802,69.2499],[160.2558,69.2376],[159.9649,69.282],[159.8077,69.3475],[159.8436,69.3782],[159.9977,69.3573],[160.4802,69.2499]]]}},{"type":"Feature","properties":{},"geometry":{"type":"Polygon","coordinates":[[[71.3595,67.8698],[71.3026,67.9064],[71.5519,68.0038],[71.7085,68.0373],[71.7861,67.9928],[71.7762,67.9502],[71.6504,67.8954],[71.3595,67.8698]]]}},{"type":"Feature","properties":{},"geometry":{"type":"Polygon","coordinates":[[[70.4888,70.0915],[70.5117,70.0555],[70.3713,70.0147],[70.2313,70.0105],[70.1275,70.0756],[70.1739,70.136],[70.4888,70.0915]]]}},{"type":"Feature","properties":{},"geometry":{"type":"Polygon","coordinates":[[[70.851,69.9687],[70.7489,70.0333],[70.8371,70.136],[70.9408,70.1391],[70.9431,70.0541],[71.0578,69.9879],[71.0261,69.9532],[70.851,69.9687]]]}},{"type":"Feature","properties":{},"geometry":{"type":"Polygon","coordinates":[[[70.5631,70.123],[70.3723,70.153],[70.3443,70.1996],[70.8208,70.1908],[70.5631,70.123]]]}},{"type":"Feature","properties":{},"geometry":{"type":"Polygon","coordinates":[[[35.0128,63.5056],[35.3736,63.4923],[35.4132,63.4479],[35.1724,63.3805],[34.8716,63.4638],[34.8288,63.4337],[34.9573,63.119],[34.9104,62.9508],[34.8631,62.919],[34.8986,63.0547],[34.804,63.3256],[34.5168,63.4839],[34.4533,63.6234],[34.3581,63.6967],[34.2154,63.613],[34.2144,63.676],[34.3473,63.8512],[34.4284,63.8482],[34.644,63.7892],[34.6158,63.7662],[34.8567,63.7208],[34.9896,63.5851],[34.9525,63.5402],[35.0128,63.5056]]]}},{"type":"Feature","properties":{},"geometry":{"type":"Polygon","coordinates":[[[33.4414,63.4438],[33.5862,63.4874],[33.6969,63.4093],[33.9328,63.4181],[34.066,63.2288],[33.8969,63.1886],[33.5722,63.2027],[33.2738,63.3164],[33.2574,63.4234],[33.4414,63.4438]]]}},{"type":"Feature","properties":{},"geometry":{"type":"Polygon","coordinates":[[[30.604,62.8763],[30.6146,62.9657],[30.6765,62.9734],[30.7549,63.0498],[30.8309,63.0267],[30.8468,62.9544],[30.6895,62.8474],[30.659,62.7669],[30.4808,62.7877],[30.604,62.8763]]]}},{"type":"Feature","properties":{},"geometry":{"type":"Polygon","coordinates":[[[29.9937,63.2927],[29.9588,63.2267],[29.9944,63.1397],[30.3298,62.8291],[30.2286,62.8044],[30.1426,62.7217],[30.0902,62.7291],[30.216,62.8685],[30.1368,62.9288],[30.0331,62.9594],[29.8141,63.1452],[29.393,63.1826],[29.0425,63.4746],[29.092,63.5734],[29.7843,63.2943],[29.9937,63.2927]]]}},{"type":"Feature","properties":{},"geometry":{"type":"Polygon","coordinates":[[[31.1697,66.1066],[31.3349,65.9183],[31.1551,65.9142],[30.6515,66.0518],[30.7224,66.1863],[30.8986,66.2629],[31.1033,66.2454],[31.1697,66.1066]]]}},{"type":"Feature","properties":{},"geometry":{"type":"Polygon","coordinates":[[[32.5174,65.5323],[32.6642,65.4774],[32.7063,65.3884],[31.9963,65.5686],[31.9427,65.6215],[31.5736,65.7349],[31.5074,65.7955],[31.693,65.8563],[32.0515,65.8759],[32.1395,65.7839],[32.3285,65.7005],[32.4252,65.5418],[32.5174,65.5323]]]}},{"type":"Feature","properties":{},"geometry":{"type":"Polygon","coordinates":[[[-72.8412,81.6804],[-68.9683,81.9403],[-70.0161,81.8402],[-72.8412,81.6804]]]}},{"type":"Feature","properties":{},"geometry":{"type":"Polygon","coordinates":[[[-89.5223,52.8827],[-89.2832,53.0057],[-89.1229,52.9659],[-88.952,52.9877],[-89.0438,52.8702],[-89.5223,52.8827]]]}},{"type":"Feature","properties":{},"geometry":{"type":"Polygon","coordinates":[[[87.3752,41.851],[87.1021,41.9009],[86.7534,41.8255],[86.728,41.8503],[86.8286,42.0725],[86.889,42.1081],[87.3153,42.0167],[87.3752,41.851]]]}},{"type":"Feature","properties":{},"geometry":{"type":"Polygon","coordinates":[[[30.8682,61.974],[30.8496,62.0829],[30.9712,62.065],[31.0526,61.9701],[31.0198,61.9288],[30.9389,61.9214],[30.8682,61.974]]]}},{"type":"Feature","properties":{},"geometry":{"type":"Polygon","coordinates":[[[31.531,58.2302],[31.4465,58.2059],[31.394,58.142],[30.857,58.2391],[31.1702,58.3595],[31.2983,58.4766],[31.5182,58.3726],[31.6371,58.388],[31.6883,58.2023],[31.531,58.2302]]]}},{"type":"Feature","properties":{},"geometry":{"type":"Polygon","coordinates":[[[116.7058,29.1362],[116.6724,29.0976],[116.4955,29.1224],[116.4772,29.043],[116.5366,28.8455],[116.5115,28.8038],[116.0973,29.1059],[115.965,29.3114],[116.0906,29.5553],[116.1175,29.6531],[116.0823,29.7025],[116.1976,29.7514],[116.2297,29.6984],[116.1098,29.4266],[116.1961,29.3616],[116.1366,29.3093],[116.1529,29.2526],[116.3685,29.2225],[116.3619,29.1538],[116.4687,29.2501],[116.6401,29.2367],[116.7058,29.1362]]]}},{"type":"Feature","properties":{},"geometry":{"type":"Polygon","coordinates":[[[116.4608,30.0545],[116.5199,29.9882],[116.3881,29.966],[116.2899,29.9936],[116.2569,30.0935],[116.4608,30.0545]]]}},{"type":"Feature","properties":{},"geometry":{"type":"Polygon","coordinates":[[[116.1951,30.0375],[116.2417,30.0321],[116.2598,29.9764],[116.2111,29.9076],[116.0441,29.8811],[115.9774,29.9517],[115.9854,30.0161],[116.1183,30.0004],[116.1504,30.061],[116.1951,30.0375]]]}},{"type":"Feature","properties":{},"geometry":{"type":"Polygon","coordinates":[[[114.3505,30.196],[114.4059,30.2678],[114.4958,30.2894],[114.458,30.3644],[114.5012,30.3662],[114.6028,30.2995],[114.6417,30.1329],[114.6234,30.0959],[114.5092,30.1939],[114.4452,30.0847],[114.3505,30.196]]]}},{"type":"Feature","properties":{},"geometry":{"type":"Polygon","coordinates":[[[89.3176,31.7942],[89.1381,31.6016],[89.0575,31.5956],[88.9455,31.6245],[88.927,31.728],[88.6846,31.7295],[88.5663,31.844],[88.6078,31.8801],[88.7893,31.8286],[88.9685,31.918],[89.1202,31.9127],[89.2663,31.8723],[89.3176,31.7942]]]}},{"type":"Feature","properties":{},"geometry":{"type":"Polygon","coordinates":[[[92.7866,48.1782],[92.4422,48.0302],[92.2003,47.7687],[92.0842,47.8157],[91.9908,47.933],[91.9762,48.0097],[92.2486,48.1301],[92.287,48.3522],[92.4832,48.3389],[92.4019,48.2374],[92.4047,48.1564],[92.5437,48.1384],[92.6434,48.1931],[92.6383,48.33],[92.802,48.2529],[92.7866,48.1782]]]}},{"type":"Feature","properties":{},"geometry":{"type":"Polygon","coordinates":[[[176.0655,-38.812],[175.927,-38.9019],[175.7554,-38.9432],[175.7996,-38.8454],[175.7491,-38.7726],[175.8092,-38.677],[176.0574,-38.7213],[176.0655,-38.812]]]}},{"type":"Feature","properties":{},"geometry":{"type":"Polygon","coordinates":[[[6.8736,46.4322],[6.845,46.3848],[6.6653,46.4024],[6.3364,46.3609],[6.1333,46.2046],[6.1584,46.3024],[6.3439,46.4576],[6.5882,46.5288],[6.8736,46.4322]]]}},{"type":"Feature","properties":{},"geometry":{"type":"Polygon","coordinates":[[[-6.4884,54.7228],[-6.3179,54.7088],[-6.2719,54.66],[-6.3543,54.5022],[-6.5624,54.5146],[-6.5847,54.56],[-6.4884,54.7228]]]}},{"type":"Feature","properties":{},"geometry":{"type":"Polygon","coordinates":[[[14.933,58.7839],[14.8914,58.5917],[14.9625,58.5393],[14.9462,58.5109],[14.6864,58.3947],[14.4994,58.0855],[14.245,57.8095],[14.1593,57.7963],[14.1211,57.9245],[14.2132,58.1502],[14.5066,58.5607],[14.6316,58.6798],[14.9681,58.8488],[14.933,58.7839]]]}},{"type":"Feature","properties":{},"geometry":{"type":"Polygon","coordinates":[[[42.9887,38.3456],[42.8822,38.4768],[42.6833,38.4565],[42.3531,38.4998],[42.3646,38.5485],[42.526,38.7452],[43.0794,38.8093],[43.1628,38.8462],[43.0752,38.9161],[43.1521,38.9476],[43.4359,38.9878],[43.6107,38.947],[43.2919,38.8128],[43.21,38.7159],[43.1864,38.6031],[43.3184,38.4887],[43.2346,38.4072],[43.1477,38.3366],[42.9887,38.3456]]]}},{"type":"Feature","properties":{},"geometry":{"type":"Polygon","coordinates":[[[-110.199,44.3354],[-110.2729,44.3188],[-110.4261,44.4467],[-110.5308,44.4137],[-110.5551,44.4467],[-110.3269,44.5669],[-110.2718,44.5438],[-110.199,44.3354]]]}},{"type":"Feature","properties":{},"geometry":{"type":"Polygon","coordinates":[[[-152.9398,70.5686],[-153.7935,70.4871],[-154.0194,70.5431],[-154.2572,70.6605],[-153.6114,70.7368],[-152.9398,70.5686]]]}},{"type":"Feature","properties":{},"geometry":{"type":"Polygon","coordinates":[[[-114.1556,47.9326],[-114.1986,48.0396],[-114.1336,48.0914],[-114.0465,48.0153],[-114.0244,47.9342],[-114.0046,47.7849],[-114.0564,47.711],[-114.1501,47.7144],[-114.1479,47.8125],[-114.2496,47.8366],[-114.1556,47.9326]]]}},{"type":"Feature","properties":{},"geometry":{"type":"Polygon","coordinates":[[[-113.6357,35.8309],[-113.9886,36.1647],[-114.039,36.1635],[-114.1104,36.032],[-114.2084,36.0057],[-114.3727,36.1001],[-114.5039,36.1062],[-114.6404,36.106],[-114.7414,36.0135],[-114.8162,36.1215],[-114.4315,36.2372],[-114.3868,36.4827],[-114.3364,36.5192],[-114.3703,36.2092],[-114.2951,36.1104],[-114.2259,36.0497],[-114.1593,36.0768],[-113.9963,36.2437],[-113.7775,36.0481],[-113.6357,35.8309]]]}},{"type":"Feature","properties":{},"geometry":{"type":"Polygon","coordinates":[[[-111.8167,58.5601],[-111.8434,58.4251],[-111.7889,58.3313],[-111.8983,58.3059],[-112.1888,58.4126],[-112.2368,58.4598],[-112.2111,58.5499],[-112.2551,58.5763],[-112.3932,58.5779],[-112.4473,58.6178],[-112.3373,58.7776],[-112.0409,58.8188],[-112.119,58.7363],[-111.7313,58.6858],[-111.7167,58.6595],[-111.8167,58.5601]]]}},{"type":"Feature","properties":{},"geometry":{"type":"Polygon","coordinates":[[[-63.1756,54.1295],[-63.2033,54.0738],[-63.1036,54.0036],[-63.1369,53.9734],[-63.5552,54.0059],[-63.5292,53.9294],[-63.7031,53.9176],[-63.8267,53.858],[-64.1239,53.8965],[-64.1761,54.0122],[-64.5642,54.1245],[-64.6518,54.1139],[-64.6885,54.0809],[-64.6416,54.0311],[-64.694,53.9605],[-65.0139,53.8885],[-65.2976,53.7596],[-65.2951,53.7241],[-65.191,53.6742],[-65.1278,53.5004],[-64.9731,53.4551],[-65.0203,53.4211],[-65.5291,53.4897],[-65.5825,53.5425],[-65.3881,53.5592],[-65.3168,53.6049],[-65.3811,53.715],[-65.3378,53.8792],[-65.5071,53.9497],[-65.5826,54.0608],[-65.8255,54.1353],[-66.2542,54.4255],[-66.3638,54.5412],[-66.4401,54.5622],[-66.3493,54.4235],[-66.4062,54.3383],[-66.3235,54.1542],[-66.3818,54.1637],[-66.4915,54.2733],[-66.6165,54.5206],[-66.6211,54.6231],[-66.5079,54.6535],[-66.5088,54.8024],[-66.6003,54.9225],[-66.5675,54.9584],[-66.5979,55.0286],[-66.5324,55.1001],[-66.3449,54.9788],[-66.3515,54.9138],[-66.432,54.893],[-66.3993,54.8527],[-66.4292,54.8135],[-66.3542,54.6872],[-66.2001,54.5766],[-66.191,54.4764],[-65.9376,54.2707],[-65.8716,54.2805],[-65.7915,54.2021],[-65.6822,54.1755],[-65.4003,54.0066],[-65.3454,54.0433],[-65.1921,53.993],[-65.1034,54.0119],[-65.1777,54.0748],[-65.1305,54.0833],[-64.8163,54.0765],[-65.0111,54.2243],[-65.1649,54.4352],[-65.3049,54.4596],[-65.2712,54.6077],[-65.2235,54.6502],[-65.1354,54.6377],[-65.2178,54.5566],[-64.9602,54.3026],[-64.9702,54.236],[-64.8834,54.1484],[-64.2191,54.1781],[-64.3247,54.2727],[-64.4799,54.2733],[-64.4247,54.3317],[-64.3663,54.6153],[-64.3973,54.7434],[-64.296,54.6585],[-64.3202,54.5174],[-64.1379,54.3504],[-63.7476,54.0963],[-63.5836,54.0777],[-63.373,54.1402],[-63.1756,54.1295]]]}},{"type":"Feature","properties":{},"geometry":{"type":"Polygon","coordinates":[[[101.0227,73.8604],[100.949,73.8938],[101.104,73.9922],[101.0622,74.0951],[100.8999,74.256],[100.4118,74.3369],[99.7096,74.3397],[99.5072,74.4004],[100.1715,74.4399],[100.4947,74.5772],[100.5008,74.6307],[100.4342,74.7218],[100.3184,74.8004],[100.0974,74.8609],[100.2662,74.936],[100.419,74.9475],[100.4634,75.0066],[100.2854,75.0786],[100.0419,75.1029],[100.0335,75.1478],[100.1924,75.1502],[100.5373,75.0725],[100.6119,75.0362],[100.6155,74.9823],[100.5438,74.932],[100.5727,74.8226],[100.7066,74.7574],[101.0589,74.6807],[101.8062,74.6411],[103.2531,74.676],[104.234,74.8144],[104.2094,74.8588],[103.8776,74.9275],[103.9122,74.9854],[104.1171,75.0551],[104.1459,75.1125],[104.2638,75.1212],[104.4672,75.093],[104.8644,74.9146],[105.3065,74.8549],[105.3331,74.8144],[104.5081,74.7398],[103.5686,74.5926],[102.0409,74.502],[101.9855,74.4132],[102.1896,74.2401],[102.1612,74.2326],[101.9788,74.2361],[101.4265,74.3559],[101.3129,74.404],[101.3656,74.4789],[100.8559,74.4634],[100.8823,74.425],[101.1028,74.387],[101.1562,74.2458],[101.4391,74.0429],[101.5525,73.878],[101.5326,73.8413],[101.0227,73.8604]]]}},{"type":"Feature","properties":{},"geometry":{"type":"Polygon","coordinates":[[[-88.8777,15.7119],[-88.9704,15.6364],[-89.0224,15.4893],[-89.0786,15.4436],[-89.3013,15.3817],[-89.3881,15.488],[-89.1054,15.6021],[-88.8428,15.7653],[-88.8777,15.7119]]]}},{"type":"Feature","properties":{},"geometry":{"type":"Polygon","coordinates":[[[149.3181,72.0367],[149.1874,71.9211],[149.1131,71.9062],[149.0098,71.9249],[148.9158,72.0336],[148.9611,72.1291],[149.0207,72.1625],[149.2236,72.1268],[149.3181,72.0367]]]}},{"type":"Feature","properties":{},"geometry":{"type":"Polygon","coordinates":[[[89.6109,37.4952],[89.1447,37.5385],[89.082,37.5866],[89.4869,37.6277],[89.6449,37.5753],[89.6452,37.5099],[89.6109,37.4952]]]}},{"type":"Feature","properties":{},"geometry":{"type":"Polygon","coordinates":[[[14.0845,63.2587],[14.0259,63.3188],[14.5102,63.2652],[14.6715,63.1392],[14.5044,63.1648],[14.4273,63.1266],[14.4737,62.8871],[14.427,62.8262],[14.3453,62.9251],[14.341,62.953],[14.4298,62.9799],[14.3572,63.0871],[14.057,63.1941],[13.9719,63.2627],[14.0845,63.2587]]]}},{"type":"Feature","properties":{},"geometry":{"type":"Polygon","coordinates":[[[-91.3453,50.9688],[-91.2744,51.069],[-90.9762,51.0111],[-90.6041,51.2145],[-90.4269,51.1192],[-90.9365,50.9544],[-91.318,50.9185],[-91.3671,50.9305],[-91.3453,50.9688]]]}},{"type":"Feature","properties":{},"geometry":{"type":"Polygon","coordinates":[[[32.5139,-8.039],[32.5213,-8.0904],[32.171,-7.9634],[31.9602,-7.9859],[31.8232,-7.7835],[31.7995,-7.6532],[31.8973,-7.585],[32.0265,-7.6335],[32.5139,-8.039]]]}},{"type":"Feature","properties":{},"geometry":{"type":"Polygon","coordinates":[[[102.8785,18.5267],[102.6465,18.4499],[102.5059,18.7457],[102.7467,18.6503],[102.7533,18.5988],[102.8785,18.5267]]]}},{"type":"Feature","properties":{},"geometry":{"type":"Polygon","coordinates":[[[-74.531,48.4608],[-74.686,48.3571],[-74.7057,48.4197],[-74.8666,48.56],[-74.9455,48.5756],[-74.9603,48.3643],[-75.0817,48.3407],[-75.1395,48.2887],[-75.0992,48.4782],[-75.008,48.5642],[-75.0182,48.6122],[-75.1648,48.526],[-75.1739,48.4144],[-75.4145,48.4378],[-75.2818,48.5973],[-75.1808,48.6018],[-75.061,48.7063],[-74.9695,48.6936],[-74.7227,48.7848],[-74.5579,48.8024],[-74.5224,48.7561],[-74.58,48.6396],[-74.5548,48.6083],[-74.4117,48.5885],[-74.3697,48.4857],[-74.1002,48.3722],[-74.2375,48.3468],[-74.4625,48.4707],[-74.531,48.4608]]]}},{"type":"Feature","properties":{},"geometry":{"type":"Polygon","coordinates":[[[119.4068,32.7936],[119.3915,32.7513],[119.2534,32.7362],[119.1734,32.6857],[119.0794,32.8545],[119.2419,32.8964],[119.2449,33.0132],[119.3145,33.0544],[119.2369,33.1543],[119.1797,33.1482],[119.0992,33.027],[118.8818,33.0773],[119.1022,33.069],[119.1699,33.1861],[119.2541,33.2008],[119.349,33.0778],[119.4068,32.7936]]]}},{"type":"Feature","properties":{},"geometry":{"type":"Polygon","coordinates":[[[88.1607,69.4981],[87.937,69.4778],[87.7281,69.5126],[87.6947,69.5407],[87.7211,69.6241],[87.6088,69.809],[87.3491,69.8893],[87.4104,70.0035],[87.8096,70.0971],[87.9691,70.0611],[87.6566,69.9599],[87.66,69.9212],[87.9299,69.7562],[87.9958,69.6871],[88.0146,69.5895],[88.1607,69.4981]]]}},{"type":"Feature","properties":{},"geometry":{"type":"Polygon","coordinates":[[[27.0371,61.6624],[26.7433,61.6942],[26.8794,61.6261],[26.8898,61.5689],[26.7962,61.5581],[26.5538,61.7581],[26.2764,61.8662],[26.4119,61.976],[26.4415,61.9623],[26.3761,61.8703],[26.5244,61.8995],[26.5313,61.9391],[26.6678,61.8678],[26.8096,61.8873],[26.6976,61.9307],[26.5883,62.0373],[26.8192,61.9482],[26.8729,61.9018],[26.9,61.753],[27.0276,61.704],[27.0371,61.6624]]]}},{"type":"Feature","properties":{},"geometry":{"type":"Polygon","coordinates":[[[16.4038,59.3087],[15.8158,59.1489],[15.6241,59.1674],[15.5196,59.2551],[15.344,59.2695],[15.6131,59.3167],[15.9902,59.2864],[16.4038,59.3087]]]}},{"type":"Feature","properties":{},"geometry":{"type":"Polygon","coordinates":[[[26.6297,63.1136],[26.5917,63.089],[26.6483,62.9823],[26.6292,62.9519],[26.4615,63.0149],[26.4536,63.0945],[26.2316,63.2643],[26.3601,63.1865],[26.4906,63.1698],[26.586,63.2343],[26.449,63.3025],[26.4233,63.3543],[26.717,63.3143],[26.6492,63.2932],[26.7414,63.2268],[26.6297,63.1136]]]}},{"type":"Feature","properties":{},"geometry":{"type":"Polygon","coordinates":[[[-73.1821,55.0982],[-72.9232,55.1795],[-72.2254,55.2814],[-72.2898,55.1664],[-72.3578,55.1258],[-72.7057,55.0102],[-73.0451,54.9464],[-73.2135,54.9679],[-73.5554,54.9028],[-73.6044,54.9274],[-73.4092,54.9865],[-73.5113,55.0479],[-73.1821,55.0982]]]}},{"type":"Feature","properties":{},"geometry":{"type":"Polygon","coordinates":[[[37.232,60.1645],[37.3999,60.2889],[37.737,60.3294],[37.8984,60.3008],[37.9812,60.2392],[38.0042,60.1606],[37.9684,60.0857],[37.715,60.0774],[37.3967,60.098],[37.232,60.1645]]]}},{"type":"Feature","properties":{},"geometry":{"type":"Polygon","coordinates":[[[-54.8936,4.7826],[-54.941,4.7254],[-54.9241,4.6728],[-54.8647,4.6551],[-54.8738,4.6007],[-55.0129,4.599],[-55.1225,4.4624],[-55.3349,4.5279],[-55.1265,4.999],[-54.9376,4.9038],[-54.8067,4.9079],[-54.8385,4.7887],[-54.8936,4.7826]]]}},{"type":"Feature","properties":{},"geometry":{"type":"Polygon","coordinates":[[[35.7442,-3.6361],[35.7916,-3.48],[35.8691,-3.4236],[35.8381,-3.7014],[35.7746,-3.7571],[35.7442,-3.6361]]]}},{"type":"Feature","properties":{},"geometry":{"type":"Polygon","coordinates":[[[38.0551,6.5777],[38.1377,6.5772],[38.1065,6.449],[37.8428,6.0731],[37.7007,6.0146],[37.7091,6.0885],[37.8867,6.2633],[37.8688,6.4908],[38.0172,6.5893],[38.0551,6.5777]]]}},{"type":"Feature","properties":{},"geometry":{"type":"Polygon","coordinates":[[[18.184,67.478],[17.8383,67.586],[17.2457,67.6737],[17.1308,67.7925],[18.116,67.5609],[18.3958,67.462],[18.4279,67.4191],[18.184,67.478]]]}},{"type":"Feature","properties":{},"geometry":{"type":"Polygon","coordinates":[[[17.5856,46.7657],[17.4759,46.7235],[17.2693,46.7422],[17.8236,46.9112],[18.0775,47.0547],[18.1637,47.0105],[18.1427,46.9631],[17.5856,46.7657]]]}},{"type":"Feature","properties":{},"geometry":{"type":"Polygon","coordinates":[[[-77.2622,42.8146],[-77.354,42.6889],[-77.2705,42.8948],[-77.2622,42.8146]]]}},{"type":"Feature","properties":{},"geometry":{"type":"Polygon","coordinates":[[[-76.4792,42.77],[-76.5272,42.8361],[-76.5487,42.8973],[-76.5363,42.9221],[-76.4693,42.7807],[-76.4685,42.7691],[-76.4792,42.77],[-76.4792,42.77],[-76.4792,42.77]]]}},{"type":"Feature","properties":{},"geometry":{"type":"Polygon","coordinates":[[[-76.2722,42.7872],[-76.428,42.9105],[-76.4255,42.9601],[-76.2722,42.7872]]]}},{"type":"Feature","properties":{},"geometry":{"type":"Polygon","coordinates":[[[-163.468,60.4136],[-163.5766,60.3419],[-163.5566,60.27],[-163.7704,60.1668],[-163.793,60.2982],[-164.0536,60.2946],[-163.8496,60.3513],[-163.9385,60.389],[-163.8522,60.4333],[-163.468,60.4136]]]}},{"type":"Feature","properties":{},"geometry":{"type":"Polygon","coordinates":[[[-111.2882,42.0328],[-111.3487,41.8714],[-111.4074,41.9876],[-111.3934,42.1308],[-111.3127,42.1481],[-111.2882,42.0328]]]}},{"type":"Feature","properties":{},"geometry":{"type":"Polygon","coordinates":[[[-111.7418,40.1903],[-111.8268,40.158],[-111.8919,40.0637],[-111.9144,40.1762],[-111.8523,40.2523],[-111.8813,40.3771],[-111.7928,40.3688],[-111.6801,40.2254],[-111.7418,40.1903]]]}},{"type":"Feature","properties":{},"geometry":{"type":"Polygon","coordinates":[[[-126.4144,66.9381],[-126.3992,66.9829],[-126.29,67.0206],[-126.1287,66.9408],[-126.1835,66.8826],[-126.1894,66.7956],[-126.2747,66.7543],[-126.369,66.7843],[-126.4144,66.9381]]]}},{"type":"Feature","properties":{},"geometry":{"type":"Polygon","coordinates":[[[-94.2453,47.1915],[-94.3015,47.0967],[-94.3946,47.067],[-94.5194,47.1429],[-94.5781,47.0618],[-94.6208,47.1657],[-94.6108,47.206],[-94.2965,47.2846],[-94.3081,47.1828],[-94.2453,47.1915]]]}},{"type":"Feature","properties":{},"geometry":{"type":"Polygon","coordinates":[[[-90.2918,48.935],[-90.3396,48.8215],[-90.4404,48.7847],[-90.6343,48.8328],[-90.6882,48.9441],[-90.6262,48.9738],[-90.5465,48.8952],[-90.4796,48.8846],[-90.2918,48.935]]]}},{"type":"Feature","properties":{},"geometry":{"type":"Polygon","coordinates":[[[-75.6943,46.8966],[-75.7514,46.7176],[-76.0335,46.7595],[-75.955,46.8749],[-75.8306,46.9016],[-75.7365,46.9971],[-75.6943,46.8966]]]}},{"type":"Feature","properties":{},"geometry":{"type":"Polygon","coordinates":[[[-72.2652,-40.2603],[-72.2729,-40.3021],[-72.4573,-40.2929],[-72.5474,-40.2721],[-72.558,-40.2346],[-72.5286,-40.1717],[-72.3301,-40.1276],[-72.2733,-40.1663],[-72.2652,-40.2603]]]}},{"type":"Feature","properties":{},"geometry":{"type":"Polygon","coordinates":[[[-121.2558,60.4476],[-121.4078,60.3997],[-121.4965,60.4586],[-121.586,60.4379],[-121.3155,60.5883],[-121.3361,60.7706],[-121.1083,60.6646],[-121.0913,60.5916],[-121.2558,60.4476]]]}},{"type":"Feature","properties":{},"geometry":{"type":"Polygon","coordinates":[[[-72.3063,-49.7607],[-72.6206,-49.641],[-73.0294,-49.6729],[-72.9692,-49.5881],[-73.0181,-49.5084],[-72.8776,-49.4399],[-72.2109,-49.626],[-72.1014,-49.7086],[-72.1363,-49.7749],[-72.3063,-49.7607]]]}},{"type":"Feature","properties":{},"geometry":{"type":"Polygon","coordinates":[[[18.0355,-0.9568],[17.9168,-0.8155],[17.9014,-0.736],[17.8113,-0.6722],[18.0447,-0.6569],[18.1141,-0.7079],[18.1289,-0.9809],[18.0355,-0.9568]]]}},{"type":"Feature","properties":{},"geometry":{"type":"Polygon","coordinates":[[[30.7685,63.8336],[30.7971,63.9223],[31.1994,63.7862],[31.0803,63.7801],[31.1379,63.709],[31.1286,63.613],[30.9121,63.7081],[30.8827,63.7897],[30.7271,63.8253],[30.7685,63.8336]]]}},{"type":"Feature","properties":{},"geometry":{"type":"Polygon","coordinates":[[[116.4238,30.1083],[116.3145,30.2303],[116.5391,30.2068],[116.5256,30.0893],[116.4238,30.1083]]]}},{"type":"Feature","properties":{},"geometry":{"type":"Polygon","coordinates":[[[117.5811,47.6856],[117.529,47.7387],[117.5695,47.8355],[117.7092,47.9475],[117.8011,47.95],[117.8686,47.8648],[117.8559,47.8254],[117.6549,47.68],[117.5811,47.6856]]]}},{"type":"Feature","properties":{},"geometry":{"type":"Polygon","coordinates":[[[83.2303,31.4635],[82.9126,31.5171],[82.8373,31.5644],[83.1001,31.6517],[83.3408,31.4616],[83.2303,31.4635]]]}},{"type":"Feature","properties":{},"geometry":{"type":"Polygon","coordinates":[[[86.7773,31.1662],[86.628,31.0844],[86.4939,30.811],[86.4194,30.807],[86.3963,30.8709],[86.607,31.2211],[86.6539,31.3666],[86.7419,31.3419],[86.7773,31.1662]]]}},{"type":"Feature","properties":{},"geometry":{"type":"Polygon","coordinates":[[[79.7697,52.9671],[79.7336,52.8419],[79.6031,52.8372],[79.4511,52.8991],[79.3865,53.0066],[79.427,53.0756],[79.5943,53.1435],[79.7378,53.092],[79.8094,52.9961],[79.7697,52.9671]]]}},{"type":"Feature","properties":{},"geometry":{"type":"Polygon","coordinates":[[[73.3865,53.0696],[73.0878,53.2689],[72.9585,53.2497],[72.9227,53.2808],[73.0311,53.3842],[73.405,53.361],[73.4186,53.1539],[73.3865,53.0696]]]}},{"type":"Feature","properties":{},"geometry":{"type":"Polygon","coordinates":[[[80.3279,55.5399],[80.3081,55.4937],[80.0996,55.4127],[79.898,55.3851],[79.8232,55.4226],[79.8229,55.452],[80.0855,55.55],[80.3279,55.5399]]]}},{"type":"Feature","properties":{},"geometry":{"type":"Polygon","coordinates":[[[38.6506,61.3444],[38.7082,61.421],[38.9167,61.4447],[38.8576,61.3231],[38.8949,61.2548],[38.8365,61.2066],[38.6632,61.2165],[38.6506,61.3444]]]}},{"type":"Feature","properties":{},"geometry":{"type":"Polygon","coordinates":[[[28.8687,66.3113],[29.0893,66.2988],[28.6258,66.063],[28.5229,66.049],[28.0698,66.0344],[28.0246,66.119],[27.8856,66.1681],[28.086,66.145],[28.1766,66.0718],[28.8331,66.2331],[28.7271,66.3309],[28.8687,66.3113]]]}},{"type":"Feature","properties":{},"geometry":{"type":"Polygon","coordinates":[[[34.1936,67.8709],[34.3349,67.8581],[34.5823,67.5928],[34.5342,67.5523],[34.3184,67.5449],[34.3187,67.701],[34.1936,67.8709]]]}},{"type":"Feature","properties":{},"geometry":{"type":"Polygon","coordinates":[[[32.3153,66.5019],[32.3975,66.4452],[31.9914,66.4715],[31.9827,66.4991],[32.1346,66.5383],[31.9632,66.7003],[31.901,66.7407],[31.5542,66.7831],[31.7637,66.8377],[31.6803,66.8848],[31.7457,66.9121],[31.9481,66.8405],[32.2178,66.8352],[32.2387,66.8156],[32.1797,66.7615],[32.339,66.6741],[32.2202,66.6014],[32.3153,66.5019]]]}},{"type":"Feature","properties":{},"geometry":{"type":"Polygon","coordinates":[[[170.6562,-43.6581],[170.575,-43.9351],[170.5104,-44.0026],[170.5193,-43.5344],[170.5587,-43.707],[170.6562,-43.6581]]]}},{"type":"Feature","properties":{},"geometry":{"type":"Polygon","coordinates":[[[142.1938,72.5621],[141.9603,72.4842],[141.6896,72.4645],[141.6392,72.4759],[141.5859,72.5696],[141.9649,72.6084],[142.1938,72.5621]]]}},{"type":"Feature","properties":{},"geometry":{"type":"Polygon","coordinates":[[[90.9309,28.9233],[90.8084,28.9382],[90.7393,28.8656],[90.5347,28.7862],[90.4474,28.8775],[90.5303,28.861],[90.5936,28.9026],[90.6725,29.0108],[90.6535,29.126],[90.5345,29.1649],[90.3863,29.1074],[90.562,29.2111],[90.6326,29.1924],[90.7293,29.1299],[90.721,29.0723],[90.7882,28.9908],[90.8762,29.0238],[90.9925,28.978],[90.9928,28.8923],[90.9309,28.9233]]]}},{"type":"Feature","properties":{},"geometry":{"type":"Polygon","coordinates":[[[72.0026,56.202],[71.9475,56.1091],[71.7176,56.058],[71.6759,56.0669],[71.6246,56.1776],[72.0026,56.202]]]}},{"type":"Feature","properties":{},"geometry":{"type":"Polygon","coordinates":[[[67.6785,55.8007],[67.5037,55.713],[67.2979,55.7453],[67.3507,55.8675],[67.483,55.8064],[67.6785,55.8007]]]}},{"type":"Feature","properties":{},"geometry":{"type":"Polygon","coordinates":[[[32.9104,65.9748],[33.0865,65.9094],[33.0721,65.8327],[32.7428,65.7693],[32.7036,65.8305],[32.8487,65.8935],[32.7506,65.9745],[32.8356,66.0436],[32.8979,66.043],[32.8631,65.9976],[32.9104,65.9748]]]}},{"type":"Feature","properties":{},"geometry":{"type":"Polygon","coordinates":[[[158.9338,70.0923],[158.7924,69.9898],[158.5459,70.099],[158.7094,70.1382],[158.9338,70.0923]]]}},{"type":"Feature","properties":{},"geometry":{"type":"Polygon","coordinates":[[[160.0255,69.4565],[160.0994,69.4848],[160.0555,69.5378],[160.1036,69.5391],[160.4453,69.4305],[160.206,69.4107],[160.2777,69.3595],[160.2479,69.352],[160.0563,69.394],[160.0255,69.4565]]]}},{"type":"Feature","properties":{},"geometry":{"type":"Polygon","coordinates":[[[118.78,31.4094],[118.7229,31.5417],[118.9412,31.5541],[118.9602,31.4648],[118.85,31.3926],[118.78,31.4094]]]}},{"type":"Feature","properties":{},"geometry":{"type":"Polygon","coordinates":[[[113.4513,29.9402],[113.3688,29.7852],[113.3122,29.7492],[113.2751,29.7798],[113.2303,29.8928],[113.3312,29.8937],[113.3619,29.9493],[113.4513,29.9402]]]}},{"type":"Feature","properties":{},"geometry":{"type":"Polygon","coordinates":[[[26.1428,58.3273],[26.0848,58.1435],[25.9279,58.3051],[25.9661,58.3816],[26.019,58.3962],[26.1215,58.3737],[26.1428,58.3273]]]}},{"type":"Feature","properties":{},"geometry":{"type":"Polygon","coordinates":[[[117.9412,31.5205],[117.7845,31.5791],[117.5631,31.4451],[117.4679,31.4666],[117.2972,31.6498],[117.3663,31.7088],[117.4128,31.6941],[117.448,31.6101],[117.5431,31.5909],[117.7333,31.6597],[117.9412,31.5205]]]}},{"type":"Feature","properties":{},"geometry":{"type":"Polygon","coordinates":[[[12.8993,63.6524],[13.0124,63.712],[13.2734,63.7108],[13.2995,63.6954],[13.1098,63.6708],[13.0972,63.6078],[13.213,63.4862],[13.3582,63.4506],[13.3349,63.4272],[13.1131,63.4972],[12.8993,63.6524]]]}},{"type":"Feature","properties":{},"geometry":{"type":"Polygon","coordinates":[[[-64.9657,44.2524],[-65.0246,44.1638],[-65.1985,44.1814],[-65.1345,44.2702],[-65.0525,44.2241],[-64.9657,44.2524]]]}},{"type":"Feature","properties":{},"geometry":{"type":"Polygon","coordinates":[[[-66.1063,45.8713],[-66.1896,45.8808],[-66.0773,45.9529],[-66.0269,46.0497],[-65.9196,46.0929],[-65.9886,45.9422],[-66.1063,45.8713]]]}},{"type":"Feature","properties":{},"geometry":{"type":"Polygon","coordinates":[[[-120.3242,41.9869],[-120.3956,41.7924],[-120.4428,41.7853],[-120.4839,41.8692],[-120.4751,42.0648],[-120.4107,42.1073],[-120.3749,42.0897],[-120.3242,41.9869]]]}},{"type":"Feature","properties":{},"geometry":{"type":"Polygon","coordinates":[[[-119.4322,39.9027],[-119.4462,39.8681],[-119.4865,39.8781],[-119.6358,40.0283],[-119.6961,40.1235],[-119.6412,40.1908],[-119.5336,40.1807],[-119.4322,39.9027]]]}},{"type":"Feature","properties":{},"geometry":{"type":"Polygon","coordinates":[[[44.9896,40.515],[44.9862,40.6116],[45.0146,40.6144],[45.3729,40.4791],[45.602,40.3183],[45.6514,40.195],[45.5432,40.1555],[45.2759,40.1638],[45.1835,40.3853],[44.9896,40.515]]]}},{"type":"Feature","properties":{},"geometry":{"type":"Polygon","coordinates":[[[114.8389,30.2867],[114.7393,30.2794],[114.778,30.2151],[114.6789,30.2281],[114.6737,30.3004],[114.7129,30.3296],[114.8057,30.3454],[114.8389,30.2867]]]}},{"type":"Feature","properties":{},"geometry":{"type":"Polygon","coordinates":[[[114.6008,30.6615],[114.6399,30.6595],[114.646,30.7148],[114.7194,30.7511],[114.7863,30.6625],[114.6219,30.6084],[114.6008,30.6615]]]}},{"type":"Feature","properties":{},"geometry":{"type":"Polygon","coordinates":[[[117.3262,34.5874],[117.2099,34.4981],[117.1412,34.612],[117.1395,34.7254],[117.2664,34.6654],[117.3262,34.5874]]]}},{"type":"Feature","properties":{},"geometry":{"type":"Polygon","coordinates":[[[114.6008,30.3437],[114.4822,30.431],[114.601,30.3988],[114.6329,30.4399],[114.6086,30.4956],[114.7011,30.5122],[114.7564,30.4772],[114.7525,30.429],[114.6008,30.3437]]]}},{"type":"Feature","properties":{},"geometry":{"type":"Polygon","coordinates":[[[114.3008,30.0249],[114.2521,29.9722],[114.2551,29.9062],[114.1707,29.9209],[114.1434,29.9875],[114.177,30.1139],[114.2488,30.1406],[114.2527,30.0449],[114.3008,30.0249]]]}},{"type":"Feature","properties":{},"geometry":{"type":"Polygon","coordinates":[[[114.1576,29.8718],[114.0872,29.9337],[113.9687,29.8802],[114.0032,29.9424],[113.9406,29.981],[114.1009,30.0225],[114.1576,29.8718]]]}},{"type":"Feature","properties":{},"geometry":{"type":"Polygon","coordinates":[[[-119.603,37.0574],[-119.598,37.0508],[-119.603,37.031],[-119.641,37.0078],[-119.6931,36.9996],[-119.6716,37.0276],[-119.6229,37.0459],[-119.603,37.0574],[-119.603,37.0574],[-119.603,37.0574]]]}},{"type":"Feature","properties":{},"geometry":{"type":"Polygon","coordinates":[[[-119.8747,68.5585],[-119.8061,68.619],[-119.8255,68.661],[-119.665,68.754],[-119.4698,68.6083],[-119.5945,68.5745],[-119.6496,68.471],[-119.5114,68.3615],[-119.5255,68.3317],[-119.7338,68.2554],[-119.8478,68.2537],[-119.8355,68.4843],[-119.8747,68.5585]]]}},{"type":"Feature","properties":{},"geometry":{"type":"Polygon","coordinates":[[[-70.0805,49.4399],[-70.1375,49.4908],[-70.1572,49.5917],[-70.283,49.641],[-70.3509,49.5903],[-70.3539,49.5039],[-70.4675,49.5315],[-70.5155,49.4108],[-70.5713,49.4727],[-70.7361,49.4417],[-70.8159,49.5435],[-70.9631,49.406],[-70.8343,49.6254],[-70.7156,49.5248],[-70.4422,49.6835],[-70.3402,49.6702],[-70.3074,49.7481],[-70.3769,49.887],[-70.3172,49.8636],[-70.2357,49.6985],[-70.1354,49.7083],[-69.8985,49.5451],[-69.7831,49.3386],[-69.8558,49.3425],[-69.9463,49.5176],[-70.0805,49.4399]]]}},{"type":"Feature","properties":{},"geometry":{"type":"Polygon","coordinates":[[[-57.0349,49.2649],[-56.9629,49.3365],[-56.9284,49.2636],[-57.13,49.1656],[-57.7596,48.6723],[-57.8589,48.6432],[-58.0133,48.6631],[-57.3713,49.0109],[-57.27,49.0986],[-57.2617,49.1811],[-57.0349,49.2649]]]}},{"type":"Feature","properties":{},"geometry":{"type":"Polygon","coordinates":[[[-126.3573,67.2713],[-126.4947,67.2633],[-126.5477,67.4422],[-126.6126,67.5221],[-126.7625,67.5602],[-126.4937,67.5522],[-126.2053,67.4195],[-126.2064,67.3037],[-126.3573,67.2713]]]}},{"type":"Feature","properties":{},"geometry":{"type":"Polygon","coordinates":[[[-125.7513,67.3131],[-125.7295,67.2972],[-125.8284,67.1238],[-125.9185,67.0793],[-126.2216,67.0852],[-126.1844,67.1375],[-126.2352,67.2152],[-125.7513,67.3131]]]}},{"type":"Feature","properties":{},"geometry":{"type":"Polygon","coordinates":[[[-118.6664,64.9995],[-118.6978,65.109],[-118.8253,65.2175],[-118.4445,65.2907],[-118.2646,65.1991],[-118.246,65.1362],[-118.2818,65.0686],[-118.2367,64.9859],[-118.3193,64.8731],[-118.1557,64.8518],[-118.1457,64.7946],[-118.3329,64.7805],[-118.4885,64.8414],[-118.6362,64.9284],[-118.6664,64.9995]]]}},{"type":"Feature","properties":{},"geometry":{"type":"Polygon","coordinates":[[[-90.3572,53.7661],[-90.2899,53.868],[-90.1713,53.8379],[-90.0019,53.8863],[-89.8467,53.8149],[-89.6086,53.7715],[-89.9387,53.6788],[-90.3572,53.7661]]]}},{"type":"Feature","properties":{},"geometry":{"type":"Polygon","coordinates":[[[-93.1645,51.0712],[-93.2354,51.0335],[-93.3196,51.0746],[-93.4802,51.2366],[-93.37,51.3015],[-93.1746,51.2947],[-93.0716,51.1733],[-93.1645,51.0712]]]}},{"type":"Feature","properties":{},"geometry":{"type":"Polygon","coordinates":[[[-94.2363,53.7344],[-94.6819,53.7334],[-94.9334,53.8267],[-94.9334,53.9331],[-94.6341,53.9862],[-94.6014,53.9717],[-94.6893,53.8969],[-94.5901,53.8584],[-94.1308,53.8921],[-94.0021,53.8466],[-94.014,53.7985],[-94.2363,53.7344]]]}},{"type":"Feature","properties":{},"geometry":{"type":"Polygon","coordinates":[[[-70.5093,52.9958],[-70.397,52.9739],[-70.4839,52.8718],[-70.4334,52.6099],[-70.5217,52.6825],[-70.538,52.7997],[-70.6402,52.7358],[-70.7624,52.7874],[-70.7831,52.8993],[-70.8169,52.9086],[-70.94,52.8168],[-70.9811,52.8409],[-70.9236,52.9377],[-70.75,52.9627],[-70.7485,52.9958],[-70.8285,53.0145],[-70.8203,53.0603],[-70.6914,52.9978],[-70.5093,52.9958]]]}},{"type":"Feature","properties":{},"geometry":{"type":"Polygon","coordinates":[[[-104.3961,55.16],[-104.6369,55.1479],[-104.8222,54.9939],[-105.128,54.925],[-105.2368,54.9566],[-105.2577,55.074],[-105.2176,55.156],[-105.2368,55.2186],[-105.0814,55.302],[-104.5902,55.302],[-104.4002,55.2474],[-104.3689,55.1824],[-104.3961,55.16]]]}},{"type":"Feature","properties":{},"geometry":{"type":"Polygon","coordinates":[[[-93.5343,46.2487],[-93.5396,46.1501],[-93.6679,46.1368],[-93.775,46.2004],[-93.7955,46.2554],[-93.7583,46.308],[-93.6072,46.3602],[-93.5518,46.3412],[-93.5343,46.2487]]]}},{"type":"Feature","properties":{},"geometry":{"type":"Polygon","coordinates":[[[-71.2926,43.6347],[-71.2164,43.5865],[-71.2325,43.5397],[-71.4435,43.6277],[-71.3993,43.7246],[-71.3307,43.6996],[-71.2926,43.6347]]]}},{"type":"Feature","properties":{},"geometry":{"type":"Polygon","coordinates":[[[-79.4482,44.3096],[-79.4989,44.2269],[-79.5842,44.4051],[-79.4453,44.51],[-79.3727,44.6981],[-79.1627,44.4495],[-79.2016,44.3844],[-79.4482,44.3096]]]}},{"type":"Feature","properties":{},"geometry":{"type":"Polygon","coordinates":[[[-93.9227,54.8347],[-93.6455,54.7876],[-93.912,54.7437],[-93.989,54.6708],[-94.4144,54.5858],[-94.4952,54.5016],[-94.7634,54.4117],[-94.7355,54.4997],[-94.5081,54.6689],[-94.477,54.8008],[-94.2719,54.8424],[-93.9227,54.8347]]]}},{"type":"Feature","properties":{},"geometry":{"type":"Polygon","coordinates":[[[91.3158,35.5951],[91.268,35.5284],[91.0434,35.565],[90.9504,35.6336],[91.2219,35.6455],[91.3158,35.5951]]]}},{"type":"Feature","properties":{},"geometry":{"type":"Polygon","coordinates":[[[47.6085,30.6895],[47.4913,30.6631],[47.1037,30.7402],[46.8222,30.7253],[46.7117,30.8668],[46.8607,30.9167],[47.2897,30.7715],[47.4998,30.8089],[47.6085,30.6895]]]}},{"type":"Feature","properties":{},"geometry":{"type":"Polygon","coordinates":[[[-118.6798,43.2902],[-118.8209,43.2402],[-118.9476,43.3939],[-118.7911,43.4255],[-118.664,43.4051],[-118.6125,43.2981],[-118.6798,43.2902]]]}},{"type":"Feature","properties":{},"geometry":{"type":"Polygon","coordinates":[[[-56.4828,48.2997],[-56.7125,48.1819],[-56.5604,48.3518],[-56.4662,48.3291],[-56.4828,48.2997]]]}},{"type":"Feature","properties":{},"geometry":{"type":"Polygon","coordinates":[[[-95.5995,55.6145],[-95.7691,55.4418],[-95.9179,55.4186],[-95.8956,55.4865],[-95.7952,55.5686],[-95.5995,55.6145]]]}},{"type":"Feature","properties":{},"geometry":{"type":"Polygon","coordinates":[[[-165.3819,65.2052],[-165.4817,65.1341],[-165.7084,65.0804],[-165.8985,65.1653],[-165.3819,65.2052]]]}},{"type":"Feature","properties":{},"geometry":{"type":"Polygon","coordinates":[[[-163.7979,61.144],[-163.7814,61.1063],[-163.8424,61.0551],[-163.9359,61.1452],[-163.8262,61.2173],[-163.547,61.2313],[-163.7979,61.144]]]}},{"type":"Feature","properties":{},"geometry":{"type":"Polygon","coordinates":[[[-162.5081,60.7946],[-162.5725,60.7598],[-162.7684,60.8179],[-162.6552,60.8426],[-162.5081,60.7946]]]}},{"type":"Feature","properties":{},"geometry":{"type":"Polygon","coordinates":[[[-158.8625,59.2014],[-158.8751,59.1663],[-158.9411,59.1801],[-158.9587,59.2462],[-159.0584,59.337],[-158.9454,59.3144],[-158.8625,59.2014]]]}},{"type":"Feature","properties":{},"geometry":{"type":"Polygon","coordinates":[[[-158.2227,59.9428],[-158.535,59.961],[-159.0236,59.896],[-159.0918,59.9],[-159.1318,59.951],[-158.5418,60.0156],[-158.2227,59.9428]]]}},{"type":"Feature","properties":{},"geometry":{"type":"Polygon","coordinates":[[[-159.1586,60.1956],[-158.8533,60.2833],[-158.8742,60.2639],[-158.774,60.2163],[-158.7808,60.1897],[-159.1586,60.1956]]]}},{"type":"Feature","properties":{},"geometry":{"type":"Polygon","coordinates":[[[-158.7079,59.5641],[-158.8349,59.5177],[-158.5823,59.4246],[-158.8054,59.4447],[-158.9917,59.5159],[-159.1326,59.6511],[-158.9446,59.5858],[-158.6466,59.5956],[-158.7079,59.5641]]]}},{"type":"Feature","properties":{},"geometry":{"type":"Polygon","coordinates":[[[93.7994,49.129],[93.3975,48.9905],[93.2408,49.097],[92.8649,49.2254],[92.8346,49.2823],[93.0593,49.3224],[93.2596,49.2922],[93.4706,49.205],[93.6545,49.2149],[93.7994,49.129]]]}},{"type":"Feature","properties":{},"geometry":{"type":"Polygon","coordinates":[[[85.8881,30.9288],[85.7825,30.7593],[85.757,30.8399],[85.6923,30.8702],[85.5126,30.8458],[85.3523,30.9441],[85.4018,31.035],[85.4763,31.0455],[85.8104,31.0045],[85.8754,30.9782],[85.8881,30.9288]]]}},{"type":"Feature","properties":{},"geometry":{"type":"Polygon","coordinates":[[[42.4469,11.6772],[42.441,11.64],[42.3989,11.645],[42.4113,11.712],[42.4469,11.6772]]]}},{"type":"Feature","properties":{},"geometry":{"type":"Polygon","coordinates":[[[-92.9178,48.433],[-93.0711,48.5044],[-92.7876,48.4549],[-92.6976,48.517],[-92.9479,48.5865],[-93.0795,48.5906],[-93.117,48.5532],[-93.3393,48.6],[-93.4009,48.6815],[-93.3524,48.7169],[-93.3645,48.748],[-93.6128,48.8336],[-93.4339,48.8463],[-93.4628,48.9028],[-93.3225,48.9344],[-93.2026,48.7908],[-93.2609,48.6737],[-93.1237,48.7283],[-93.1492,48.6748],[-93.1185,48.668],[-92.7934,48.6953],[-92.8663,48.6152],[-92.6546,48.5997],[-92.5854,48.5337],[-92.5999,48.4846],[-92.4906,48.4562],[-92.4346,48.3907],[-92.4559,48.3507],[-92.6004,48.4242],[-92.9178,48.433]]]}},{"type":"Feature","properties":{},"geometry":{"type":"Polygon","coordinates":[[[-122.5015,56.0837],[-122.9246,56.0577],[-123.1391,55.9736],[-123.7817,55.9952],[-123.7736,55.8868],[-123.6572,55.7517],[-123.1691,55.3926],[-123.144,55.1762],[-123.4147,55.534],[-124.0399,55.9127],[-124.0329,56.0005],[-124.2097,56.0137],[-124.5076,56.1145],[-124.2146,56.0528],[-124.1575,56.0871],[-124.3454,56.2096],[-124.8344,56.7126],[-124.8356,56.7569],[-124.7591,56.7416],[-124.2489,56.2632],[-124.0735,56.2548],[-124.0727,56.1536],[-123.9695,56.0606],[-123.2376,56.0287],[-122.971,56.1156],[-122.566,56.158],[-122.2639,56.0838],[-122.2217,56.0212],[-122.5015,56.0837]]]}},{"type":"Feature","properties":{},"geometry":{"type":"Polygon","coordinates":[[[-96.0494,56.1357],[-96.0863,56.0791],[-96.5719,56.0862],[-96.5041,56.1503],[-96.2785,56.177],[-96.0539,56.2729],[-95.842,56.2908],[-96.1055,56.203],[-96.0494,56.1357]]]}},{"type":"Feature","properties":{},"geometry":{"type":"Polygon","coordinates":[[[-106.2172,47.5854],[-106.2686,47.5481],[-106.2513,47.644],[-106.3844,47.8479],[-106.454,47.8792],[-106.5558,47.7495],[-106.8133,47.7155],[-106.8625,47.6313],[-106.9057,47.6718],[-106.9927,47.6439],[-107.3062,47.685],[-107.4289,47.6346],[-107.6122,47.6234],[-107.9114,47.3904],[-107.9488,47.558],[-108.1963,47.6016],[-107.9594,47.6014],[-107.8412,47.5261],[-107.685,47.6462],[-107.7138,47.6876],[-107.4551,47.6624],[-107.3358,47.728],[-106.9295,47.725],[-106.9331,47.7639],[-106.5962,47.8595],[-106.5658,47.9075],[-106.5899,47.9582],[-106.4328,48.0271],[-106.3252,47.9851],[-106.3579,47.9252],[-106.2533,47.8147],[-106.2172,47.5854]]]}},{"type":"Feature","properties":{},"geometry":{"type":"Polygon","coordinates":[[[-102.1469,47.5677],[-102.4294,47.5623],[-102.2992,47.6569],[-102.3359,47.7569],[-102.6159,47.8189],[-102.6531,47.9163],[-102.6139,47.992],[-102.7613,48.0841],[-103.0588,48.1254],[-103.4593,48.0156],[-103.5825,48.0967],[-103.7499,48.0173],[-103.7587,48.074],[-103.6664,48.1419],[-103.575,48.1531],[-103.4504,48.0669],[-103.1177,48.1708],[-102.9163,48.1709],[-102.5984,48.053],[-102.5574,47.9677],[-102.5751,47.8437],[-102.5273,47.8224],[-102.4084,47.8056],[-102.4153,47.9383],[-102.2583,47.9777],[-102.2945,47.9118],[-102.2398,47.7661],[-102.1695,47.7293],[-102.212,47.6772],[-102.1605,47.624],[-101.8836,47.5613],[-101.2029,47.6448],[-101.1405,47.6064],[-101.3997,47.5062],[-101.9173,47.4639],[-102.1469,47.5677]]]}},{"type":"Feature","properties":{},"geometry":{"type":"Polygon","coordinates":[[[-132.0954,59.6071],[-132.1591,59.6255],[-132.3992,59.9218],[-132.9579,60.2007],[-133.2448,60.4485],[-133.1378,60.4274],[-132.7978,60.1923],[-132.5217,60.0982],[-132.3636,59.9859],[-132.23,59.8487],[-132.0954,59.6071]]]}},{"type":"Feature","properties":{},"geometry":{"type":"Polygon","coordinates":[[[-117.9071,49.3416],[-117.9568,49.3357],[-118.0626,49.4118],[-118.1395,49.5213],[-118.1557,49.6014],[-118.0925,49.8015],[-118.0875,49.5151],[-117.9071,49.3416]]]}},{"type":"Feature","properties":{},"geometry":{"type":"Polygon","coordinates":[[[-116.2146,48.1599],[-116.4098,48.107],[-116.456,47.9841],[-116.5533,47.9707],[-116.498,48.1147],[-116.3741,48.2083],[-116.4689,48.2633],[-116.5695,48.2498],[-116.4994,48.3015],[-116.3619,48.2837],[-116.2146,48.1599]]]}},{"type":"Feature","properties":{},"geometry":{"type":"Polygon","coordinates":[[[-120.0106,47.8516],[-120.1722,47.914],[-120.5304,48.1624],[-120.6283,48.2794],[-120.0106,47.8516]]]}},{"type":"Feature","properties":{},"geometry":{"type":"Polygon","coordinates":[[[-105.3942,59.1276],[-105.6604,59.0547],[-105.7848,58.922],[-105.868,58.9393],[-105.8061,59.0311],[-105.2151,59.2961],[-104.9481,59.2368],[-105.0124,59.1732],[-105.3942,59.1276]]]}},{"type":"Feature","properties":{},"geometry":{"type":"Polygon","coordinates":[[[-146.473,62.3321],[-146.5153,62.2818],[-146.6531,62.3615],[-146.7039,62.4108],[-146.6841,62.5045],[-146.473,62.3321]]]}},{"type":"Feature","properties":{},"geometry":{"type":"Polygon","coordinates":[[[-94.9702,48.032],[-94.7832,47.9696],[-94.7918,47.9097],[-95.1108,47.8893],[-95.2482,47.9073],[-95.2709,47.9424],[-95.1871,48.0334],[-95.0864,48.0651],[-94.9702,48.032]]]}},{"type":"Feature","properties":{},"geometry":{"type":"Polygon","coordinates":[[[-95.0204,48.1248],[-94.6902,48.2033],[-94.561,48.1782],[-94.6002,48.1064],[-94.7497,48.0664],[-95.0081,48.0725],[-95.0204,48.1248]]]}},{"type":"Feature","properties":{},"geometry":{"type":"Polygon","coordinates":[[[-97.9687,62.5485],[-98.2058,62.6897],[-98.3497,62.6156],[-98.3564,62.7076],[-98.4583,62.8285],[-98.2075,62.8098],[-98.1936,62.8506],[-97.7642,62.864],[-97.6302,62.9793],[-97.6179,62.9241],[-97.6623,62.864],[-97.6127,62.6626],[-97.4272,62.5024],[-97.3086,62.485],[-97.4449,62.4215],[-97.7025,62.507],[-97.9133,62.4589],[-98.0481,62.527],[-97.9687,62.5485]]]}},{"type":"Feature","properties":{},"geometry":{"type":"Polygon","coordinates":[[[-70.6474,64.6862],[-70.6369,64.7107],[-70.8041,64.7738],[-70.9995,64.7866],[-71.2245,64.6431],[-71.5629,64.6126],[-71.8989,64.7282],[-71.8981,64.7777],[-72.0532,64.9103],[-71.9562,64.9475],[-71.9626,64.9128],[-71.8185,64.9096],[-71.8731,64.8438],[-71.7477,64.8194],[-71.7084,64.8289],[-71.7502,64.8606],[-71.5117,64.9056],[-71.6385,64.9849],[-71.546,65.0816],[-71.6907,65.242],[-71.6653,65.3081],[-71.7649,65.3968],[-71.7371,65.4077],[-70.6945,65.024],[-70.6334,64.9076],[-70.3841,64.7172],[-70.4803,64.6641],[-70.4671,64.6214],[-70.385,64.5897],[-70.7205,64.6219],[-70.6474,64.6862]]]}},{"type":"Feature","properties":{},"geometry":{"type":"Polygon","coordinates":[[[-100.9182,29.5023],[-101.0998,29.4583],[-101.272,29.4979],[-101.2607,29.5625],[-101.3101,29.622],[-101.2751,29.6476],[-101.0721,29.5101],[-100.9926,29.5352],[-100.9507,29.6104],[-100.9182,29.5023]]]}},{"type":"Feature","properties":{},"geometry":{"type":"Polygon","coordinates":[[[-76.479,47.1384],[-76.3314,47.0832],[-76.3925,47.056],[-76.5353,47.1091],[-76.6507,47.2784],[-76.6386,47.1849],[-76.6688,47.1999],[-76.7414,47.3546],[-76.7814,47.3574],[-76.7791,47.4764],[-76.8228,47.4977],[-76.5223,47.6908],[-76.7216,47.5396],[-76.6052,47.5722],[-76.6334,47.5102],[-76.4078,47.446],[-76.5168,47.2008],[-76.479,47.1384]]]}},{"type":"Feature","properties":{},"geometry":{"type":"Polygon","coordinates":[[[-102.7106,20.1937],[-102.7857,20.1239],[-103.0078,20.1835],[-103.1704,20.1789],[-103.3721,20.2602],[-102.8938,20.3186],[-102.7696,20.1984],[-102.7106,20.1937]]]}},{"type":"Feature","properties":{},"geometry":{"type":"Polygon","coordinates":[[[-86.1035,12.3123],[-86.1047,12.2076],[-86.3146,12.1775],[-86.3038,12.265],[-86.4696,12.2737],[-86.5716,12.3432],[-86.589,12.4053],[-86.2942,12.4738],[-86.1612,12.3154],[-86.1035,12.3123]]]}},{"type":"Feature","properties":{},"geometry":{"type":"Polygon","coordinates":[[[-54.1828,-24.7084],[-54.3117,-24.7829],[-54.2205,-24.9201],[-54.3573,-24.8917],[-54.3933,-24.9455],[-54.3182,-25.0787],[-54.3773,-25.1801],[-54.2006,-25.2399],[-54.4326,-25.3094],[-54.4239,-25.3886],[-54.6105,-25.4327],[-54.6344,-25.302],[-54.5472,-25.2349],[-54.5273,-25.1547],[-54.7538,-25.0631],[-54.5276,-25.0525],[-54.5062,-24.9653],[-54.7949,-24.8798],[-54.4738,-24.8482],[-54.4657,-24.804],[-54.5243,-24.7505],[-54.3864,-24.6591],[-54.4193,-24.579],[-54.3995,-24.4535],[-54.3122,-24.3677],[-54.368,-24.2114],[-54.3501,-24.1224],[-54.2669,-24.0658],[-54.259,-24.6423],[-54.1828,-24.7084]]]}},{"type":"Feature","properties":{},"geometry":{"type":"Polygon","coordinates":[[[-79.6709,9.144],[-79.6905,9.1036],[-79.8475,9.0451],[-79.8108,9.1051],[-79.9004,9.1541],[-79.9601,9.0226],[-80.0116,9.0601],[-80.0765,9.0162],[-79.9233,9.2674],[-79.8224,9.3202],[-79.7989,9.2539],[-79.8382,9.2065],[-79.7394,9.1298],[-79.6709,9.144]]]}},{"type":"Feature","properties":{},"geometry":{"type":"Polygon","coordinates":[[[28.9876,-16.6109],[28.9314,-16.6887],[28.8666,-16.6758],[28.8291,-16.7701],[28.7615,-16.8084],[28.6549,-16.7],[28.5087,-16.7586],[28.4613,-16.8656],[28.3411,-16.7884],[28.1166,-16.861],[28.0763,-17.0464],[27.9586,-17.0399],[27.7049,-17.2071],[27.5762,-17.4514],[27.4533,-17.568],[27.3529,-17.6023],[27.0771,-17.9563],[27.0208,-17.9584],[27.1066,-17.7712],[27.371,-17.5041],[27.3439,-17.46],[27.4309,-17.2998],[27.609,-17.0729],[27.6882,-17.0662],[27.7055,-16.9398],[27.8313,-16.9015],[27.7936,-16.819],[27.8989,-16.7694],[28.042,-16.8176],[28.168,-16.7073],[28.1745,-16.6552],[28.2835,-16.6006],[28.29,-16.543],[28.393,-16.5855],[28.6232,-16.4949],[28.9876,-16.6109]]]}},{"type":"Feature","properties":{},"geometry":{"type":"Polygon","coordinates":[[[33.4868,1.6429],[33.2274,1.5849],[33.126,1.5032],[33.2582,1.4704],[33.1969,1.3993],[33.3172,1.4196],[33.3264,1.3556],[33.2603,1.2228],[32.8988,1.4303],[32.8637,1.4185],[32.8932,1.3114],[32.786,1.4021],[32.7422,1.3395],[32.5805,1.4111],[32.5368,1.4969],[32.801,1.5808],[32.811,1.5493],[32.9988,1.5474],[33.1014,1.6337],[33.3104,1.6557],[33.4141,1.7311],[33.4868,1.6429]]]}},{"type":"Feature","properties":{},"geometry":{"type":"Polygon","coordinates":[[[39.267,59.7825],[39.5817,59.6652],[39.7798,59.6378],[39.7215,59.5783],[39.7981,59.5252],[39.7344,59.4798],[39.5525,59.5459],[39.1939,59.7469],[39.0535,59.8685],[39.267,59.7825]]]}},{"type":"Feature","properties":{},"geometry":{"type":"Polygon","coordinates":[[[9.7307,47.5269],[9.4523,47.514],[9.2503,47.5979],[9.1132,47.7721],[9.7307,47.5269]]]}},{"type":"Feature","properties":{},"geometry":{"type":"Polygon","coordinates":[[[23.2406,61.4171],[22.9865,61.3693],[22.5791,61.211],[23.0534,61.4288],[23.2926,61.4521],[23.2406,61.4171]]]}},{"type":"Feature","properties":{},"geometry":{"type":"Polygon","coordinates":[[[35.5225,31.1771],[35.4979,31.1049],[35.4165,31.1044],[35.3818,31.2156],[35.4456,31.2317],[35.5225,31.1771]]]}},{"type":"Feature","properties":{},"geometry":{"type":"Polygon","coordinates":[[[35.6316,32.7816],[35.5769,32.7203],[35.5513,32.7496],[35.565,32.8916],[35.6229,32.8784],[35.6316,32.7816]]]}},{"type":"Feature","properties":{},"geometry":{"type":"Polygon","coordinates":[[[129.0316,-16.1432],[128.8946,-16.4242],[128.8023,-16.4504],[128.784,-16.6938],[128.7341,-16.7885],[128.5302,-16.5078],[128.6354,-16.2503],[128.6779,-16.2233],[128.6449,-16.1595],[128.8048,-16.0758],[128.7911,-16.1711],[128.9455,-16.1175],[129.0316,-16.1432]]]}},{"type":"Feature","properties":{},"geometry":{"type":"Polygon","coordinates":[[[97.887,34.8382],[97.6947,34.831],[97.6477,34.7879],[97.5471,34.876],[97.6506,35.0275],[97.7629,35.0881],[97.8015,34.9322],[97.887,34.8382]]]}},{"type":"Feature","properties":{},"geometry":{"type":"Polygon","coordinates":[[[97.4677,34.9757],[97.36,34.8655],[97.2305,34.8258],[97.0842,34.9068],[97.0624,34.9786],[97.2313,35.0225],[97.4677,34.9757]]]}},{"type":"Feature","properties":{},"geometry":{"type":"Polygon","coordinates":[[[73.291,41.7591],[72.9725,41.7552],[72.8395,41.7398],[72.6791,41.6631],[72.6354,41.6873],[72.7086,41.7674],[72.6584,41.8742],[72.6854,41.8996],[72.94,41.8783],[73.291,41.7591]]]}},{"type":"Feature","properties":{},"geometry":{"type":"Polygon","coordinates":[[[81.3091,30.6355],[81.2117,30.6108],[81.1256,30.6622],[81.1848,30.7205],[81.1993,30.8521],[81.2944,30.8173],[81.2522,30.7533],[81.3091,30.6355]]]}},{"type":"Feature","properties":{},"geometry":{"type":"Polygon","coordinates":[[[81.5841,30.7],[81.4337,30.5909],[81.373,30.6592],[81.3758,30.7582],[81.5244,30.7572],[81.5841,30.7]]]}},{"type":"Feature","properties":{},"geometry":{"type":"Polygon","coordinates":[[[0.2719,6.6745],[0.317,6.7383],[0.276,6.6483],[0.1521,6.6106],[0.1381,6.366],[0.1033,6.3382],[0.0733,6.4041],[-0.011,6.3794],[-0.0993,6.4899],[-0.6737,6.8015],[-0.6837,6.8344],[-0.5796,6.7847],[-0.5508,6.8108],[-0.4667,6.7227],[-0.4187,6.731],[-0.3934,6.8281],[-0.3353,6.7162],[-0.194,6.7413],[-0.1437,6.648],[-0.0569,6.63],[-0.0175,6.7327],[-0.0663,6.8252],[0.1117,6.8966],[0.0416,6.9465],[0.1232,6.9832],[0.0879,7.0228],[0.0846,7.1471],[0.0073,7.2094],[0.0987,7.1928],[0.1839,7.2867],[0.1021,7.3428],[0.0456,7.4775],[-0.0629,7.5076],[-0.0658,7.4443],[-0.157,7.5099],[-0.2424,7.5166],[-0.2079,7.5464],[0.0118,7.5426],[-0.0638,7.6414],[-0.6537,7.5513],[-0.1003,7.7555],[-0.1573,7.7786],[-0.1924,7.9552],[-0.3152,8.04],[-0.4168,7.9723],[-0.3794,8.0481],[-0.4458,8.0911],[-0.5266,8.0624],[-0.5429,8.1536],[-0.6244,8.0849],[-0.7556,8.102],[-0.7478,8.1345],[-0.6,8.1729],[-0.7951,8.3155],[-0.7836,8.3657],[-0.9989,8.6304],[-1.1284,8.6323],[-1.1528,8.5513],[-1.2189,8.6583],[-1.4046,8.739],[-1.715,8.6304],[-1.3765,8.8046],[-1.2693,8.7256],[-1.0618,8.7218],[-1.1744,8.9446],[-1.1517,9.1166],[-1.1056,8.897],[-1.0256,8.8438],[-0.8734,8.5855],[-0.8166,8.5995],[-0.7908,8.7614],[-0.8061,8.6887],[-0.7054,8.6431],[-0.8046,8.5199],[-0.7818,8.4686],[-0.4847,8.2095],[-0.2855,8.2531],[-0.202,8.2131],[-0.1925,8.1862],[-0.3304,8.1578],[-0.1279,8.0112],[-0.024,7.7926],[0.0702,7.8211],[0.07,8.081],[0.1703,8.0863],[0.1053,8.242],[0.2174,8.3633],[0.092,8.4031],[0.0855,8.548],[0.1977,8.7382],[0.1026,8.4338],[0.2936,8.3344],[0.2143,8.3142],[0.1836,8.2056],[0.2668,8.0943],[0.161,8.0596],[0.1085,7.9387],[0.1678,7.8633],[0.2575,7.905],[0.237,7.8335],[0.2775,7.7624],[0.2817,7.5754],[0.2404,7.5779],[0.2289,7.5364],[0.2498,7.4908],[0.3201,7.5425],[0.2716,7.2343],[0.3052,7.099],[0.24,6.8963],[0.2719,6.6745]],[[0.1304,6.6791],[0.1808,6.7259],[0.1592,6.7667],[0.0619,6.8076],[0.0175,6.7788],[0.0115,6.7175],[0.0896,6.6586],[0.1304,6.6791]]]}},{"type":"Feature","properties":{},"geometry":{"type":"Polygon","coordinates":[[[58.3121,45.062],[58.3725,45.1305],[58.417,45.2907],[58.5494,45.4077],[58.7117,45.8349],[58.8383,45.8342],[58.8137,45.8817],[58.8494,45.9181],[59.0599,45.8945],[59.0791,45.9435],[59.1792,45.9258],[59.2403,45.9939],[59.3029,46.0024],[59.244,45.8923],[59.1048,45.8967],[58.9142,45.7948],[58.8694,45.5961],[58.7662,45.5627],[58.6719,45.4596],[58.6292,45.2638],[58.6823,45.1298],[58.5468,45.0076],[58.588,44.9899],[58.567,44.9152],[58.6245,44.818],[58.5626,44.7724],[58.4831,44.5044],[58.3643,44.4247],[58.235,44.4609],[58.2368,44.5245],[58.3211,44.603],[58.221,44.8467],[58.3121,45.062]]]}},{"type":"Feature","properties":{},"geometry":{"type":"Polygon","coordinates":[[[60.7829,46.086],[60.7523,46.1177],[60.8248,46.201],[60.7224,46.3742],[60.5796,46.2932],[60.3484,46.4029],[60.1334,46.3565],[59.9884,46.4379],[60.0017,46.5719],[60.2867,46.7001],[60.4104,46.5041],[60.4593,46.6234],[60.58,46.563],[60.7408,46.627],[60.7454,46.6534],[60.5256,46.7508],[60.58,46.7839],[60.8108,46.7471],[60.7761,46.5814],[60.8924,46.4732],[61.1339,46.4496],[61.2639,46.4998],[61.2026,46.5775],[61.315,46.6477],[61.5285,46.6771],[61.2835,46.4475],[61.3003,46.3849],[61.2171,46.2369],[60.7829,46.086]]]}},{"type":"Feature","properties":{},"geometry":{"type":"Polygon","coordinates":[[[59.7287,46.0828],[59.5041,46.3188],[59.7308,46.3217],[59.7846,46.2842],[59.8133,46.1237],[59.7287,46.0828]]]}},{"type":"Feature","properties":{},"geometry":{"type":"Polygon","coordinates":[[[78.9908,46.7486],[79.0519,46.8077],[79.1219,46.7988],[79.222,46.7204],[79.2451,46.6452],[79.0949,46.5816],[79.0228,46.4475],[78.8898,46.3699],[78.4654,46.3924],[78.4451,46.2972],[78.3173,46.3499],[78.0752,46.3283],[77.8654,46.4287],[77.6521,46.4154],[77.4293,46.4997],[77.1651,46.489],[77.1039,46.4542],[76.7418,46.532],[76.2385,46.5549],[76.0333,46.5117],[75.867,46.5356],[75.6113,46.5072],[75.4916,46.5965],[75.5528,46.6726],[75.4633,46.6706],[75.404,46.6097],[75.448,46.4983],[75.4057,46.4708],[75.304,46.5194],[75.2122,46.4266],[75.0932,46.4609],[74.9112,46.4046],[74.7714,46.1078],[74.5499,46.0059],[74.278,46.0041],[74.2531,45.9417],[74.3033,45.7898],[74.2429,45.7517],[74.3127,45.6709],[74.0894,45.5091],[74.0828,45.3521],[74.151,45.3173],[74.1557,45.2706],[74.1,44.9889],[74.0172,45.0129],[73.9993,45.1887],[73.8397,45.2639],[73.6147,45.5133],[73.4367,45.6095],[73.5318,45.7342],[73.44,45.8059],[73.5599,45.8164],[73.7371,46.0127],[73.6627,46.0624],[73.6455,46.15],[73.6793,46.1831],[74.0207,46.2049],[73.9495,46.2884],[74.0943,46.4278],[74.3746,46.518],[74.5242,46.6229],[74.6254,46.7521],[74.9394,46.8168],[75.0887,46.8136],[75.3385,46.7299],[75.8259,46.8181],[76.2031,46.78],[76.4505,46.6407],[76.6684,46.6734],[76.7931,46.6307],[77.0824,46.6246],[77.1748,46.556],[77.266,46.6114],[77.86,46.6479],[78.1363,46.5949],[78.2971,46.4686],[78.3971,46.6577],[78.4765,46.6246],[78.5806,46.7231],[78.7609,46.7238],[78.8229,46.7948],[78.9908,46.7486]]]}},{"type":"Feature","properties":{},"geometry":{"type":"Polygon","coordinates":[[[30.8061,-8.5783],[30.6717,-8.5027],[30.5342,-8.5789],[30.5677,-8.5139],[30.4645,-8.4981],[30.4605,-8.3823],[30.5734,-8.2623],[30.5668,-8.115],[30.2773,-7.8483],[30.1471,-7.2992],[30.013,-7.1452],[29.7518,-6.9953],[29.5365,-6.7542],[29.4799,-6.633],[29.4762,-6.5146],[29.424,-6.4913],[29.3113,-6.1911],[29.1932,-6.038],[29.1896,-5.915],[29.3296,-5.7985],[29.333,-5.6619],[29.372,-5.6164],[29.1569,-5.236],[29.1018,-5.054],[29.1242,-4.586],[29.1692,-4.5041],[29.2026,-4.511],[29.2545,-4.1012],[29.2276,-4.0712],[29.1454,-4.3349],[29.063,-4.3172],[29.0993,-4.2057],[29.1422,-3.4079],[29.196,-3.3385],[29.3318,-3.3899],[29.3643,-3.8562],[29.6525,-4.4201],[29.6001,-4.8964],[29.792,-5.0409],[29.8163,-5.1521],[29.7584,-5.4669],[29.9512,-5.8609],[29.9162,-5.9384],[29.748,-6.0303],[29.7221,-6.2441],[29.9498,-6.498],[30.0938,-6.4571],[30.1664,-6.4826],[30.528,-6.9228],[30.561,-7.0654],[30.5125,-7.1156],[30.599,-7.3758],[30.6041,-7.5419],[30.9572,-8.1205],[30.964,-8.2381],[31.1428,-8.4508],[31.1891,-8.7299],[31.0221,-8.7865],[30.8061,-8.5783]]]}},{"type":"Feature","properties":{},"geometry":{"type":"Polygon","coordinates":[[[-52.5983,-32.5854],[-52.8079,-32.9069],[-52.8949,-32.9098],[-53.0152,-32.7987],[-53.131,-32.8456],[-53.2276,-33.0555],[-53.3518,-33.0951],[-53.4086,-33.1587],[-53.454,-33.5317],[-53.5438,-33.5395],[-53.6202,-33.1912],[-53.5995,-33.0787],[-53.4728,-32.9588],[-53.3545,-32.9259],[-53.3016,-32.7607],[-53.0295,-32.598],[-52.9588,-32.4684],[-52.8103,-32.3906],[-52.7796,-32.2633],[-52.7203,-32.1985],[-52.69,-32.3481],[-52.5933,-32.4991],[-52.5983,-32.5854]]]}},{"type":"Feature","properties":{},"geometry":{"type":"Polygon","coordinates":[[[-97.9592,50.3572],[-98.2422,50.2139],[-98.4019,50.2035],[-98.5193,50.242],[-98.608,50.5676],[-99.0065,51.1139],[-98.9883,51.1523],[-98.8472,51.0391],[-98.8361,51.0998],[-98.8969,51.1881],[-99.026,51.2672],[-99.1625,51.5435],[-99.3698,51.6354],[-99.5266,51.5462],[-99.5454,51.7137],[-99.39,51.7812],[-99.2173,51.6362],[-99.1659,51.6754],[-99.1663,51.7767],[-99.064,51.6864],[-98.9182,51.3953],[-98.9105,51.5127],[-98.9717,51.6755],[-98.8937,51.7089],[-98.8328,51.6843],[-98.7575,51.5878],[-98.7539,51.3628],[-98.5718,51.2433],[-98.7182,51.0878],[-98.7605,50.995],[-98.7404,50.9347],[-98.4101,50.8233],[-98.2438,50.719],[-97.9712,50.4701],[-97.9592,50.3572]]]}},{"type":"Feature","properties":{},"geometry":{"type":"Polygon","coordinates":[[[-99.6741,51.6131],[-99.7748,51.5896],[-99.9351,51.7175],[-99.9504,51.7629],[-99.8988,51.8409],[-99.9841,52.0403],[-100.011,51.7308],[-100.1134,51.8907],[-100.165,52.2542],[-99.9923,52.5665],[-100.0624,52.7628],[-100.2917,52.859],[-100.3429,52.807],[-100.2787,52.7818],[-100.2422,52.6398],[-100.2751,52.6233],[-100.4175,52.7729],[-100.4532,52.953],[-100.5995,52.998],[-100.6654,52.9802],[-100.6211,52.886],[-100.678,52.7784],[-100.8234,52.753],[-100.8331,52.8125],[-100.9146,52.8144],[-100.9925,52.8804],[-100.9939,52.9867],[-101.0907,53.1001],[-100.9637,53.1473],[-100.8952,53.0985],[-100.7255,53.0978],[-100.515,53.1711],[-99.6849,52.9103],[-99.6755,52.4729],[-99.8389,52.243],[-99.8089,52.0946],[-99.7444,52.0047],[-99.7976,51.8758],[-99.7812,51.7611],[-99.746,51.7521],[-99.6469,51.8425],[-99.62,51.651],[-99.6741,51.6131]]]}},{"type":"Feature","properties":{},"geometry":{"type":"Polygon","coordinates":[[[-68.2551,51.3985],[-68.2044,51.3058],[-68.2228,51.265],[-68.3523,51.149],[-68.6422,50.9907],[-68.7398,50.716],[-68.7428,50.9216],[-68.7822,51.0039],[-69.1756,51.3237],[-69.1336,51.5183],[-69.2498,51.6822],[-69.1179,51.6605],[-69.063,51.838],[-69.0104,51.6333],[-68.856,51.7206],[-68.8075,51.683],[-68.6996,51.6914],[-68.535,51.7552],[-68.4569,51.8828],[-68.4288,51.8588],[-68.4834,51.702],[-68.4611,51.6724],[-68.3187,51.6417],[-68.1966,51.6921],[-68.2909,51.5366],[-68.2551,51.3985]],[[-68.5383,51.3929],[-68.5624,51.4804],[-68.3914,51.3676],[-68.4045,51.5319],[-68.6055,51.6306],[-68.8441,51.6],[-69.1015,51.4103],[-69.0146,51.2796],[-68.6831,51.1562],[-68.3995,51.2565],[-68.5383,51.3929]]]}},{"type":"Feature","properties":{},"geometry":{"type":"Polygon","coordinates":[[[35.399,45.2554],[35.0619,45.3787],[35.0402,45.4285],[35.0803,45.4993],[35.0242,45.6039],[34.7623,45.743],[34.7427,45.7865],[34.6449,45.8375],[34.4952,45.7853],[34.6183,45.9148],[34.6076,45.9438],[34.39,45.8879],[34.3625,46.0003],[34.1897,46.0296],[34.1645,45.9444],[34.0724,46.0593],[33.9243,46.0391],[33.7039,46.2148],[33.8482,46.2307],[34.1068,46.1443],[34.1746,46.266],[34.2977,46.1814],[34.5442,46.1612],[34.5482,46.1149],[34.4691,46.1011],[34.4285,46.0224],[34.4787,45.9833],[34.5885,46.0207],[34.6667,46.1735],[34.7164,46.1646],[34.7546,46.1127],[34.7129,46.0528],[34.7889,46.0245],[34.8404,45.843],[35.182,45.4722],[35.4262,45.295],[35.399,45.2554]]]}},{"type":"Feature","properties":{},"geometry":{"type":"Polygon","coordinates":[[[29.5178,62.1231],[29.4697,62.08],[29.4922,62.0458],[29.6148,61.9831],[29.6854,62.0037],[29.777,61.8894],[29.4262,61.7344],[29.2657,61.6148],[29.0984,61.5784],[28.7302,61.6712],[28.6291,61.6416],[28.6084,61.6174],[28.7896,61.5899],[28.6799,61.5581],[28.6929,61.4839],[28.5822,61.473],[28.3451,61.3494],[28.7142,61.3518],[28.867,61.2473],[28.7879,61.2041],[28.2916,61.08],[27.9468,61.0677],[27.8816,61.1572],[27.9655,61.188],[28.1974,61.1634],[28.0725,61.2332],[27.5193,61.2296],[27.4062,61.2595],[27.4354,61.2955],[27.368,61.326],[27.2703,61.3243],[27.3006,61.4333],[27.2763,61.6529],[27.3292,61.6926],[27.359,61.5306],[27.4592,61.5235],[27.488,61.6182],[27.515,61.5771],[27.5932,61.5813],[27.7575,61.6562],[27.773,61.6853],[27.6226,61.7642],[27.6264,61.801],[27.8658,61.6964],[28.0538,61.5105],[28.1846,61.5439],[28.2617,61.7445],[28.4421,61.7679],[28.5391,61.8409],[28.8067,61.8278],[28.8384,61.8635],[28.4028,62.0691],[27.9257,62.1334],[27.8766,62.3292],[27.7996,62.4294],[27.547,62.412],[27.4194,62.4961],[27.2972,62.4768],[27.1777,62.5534],[27.1589,62.5773],[27.3395,62.5191],[27.398,62.5757],[27.6,62.4941],[27.6699,62.5128],[27.608,62.6008],[27.6838,62.9116],[27.5875,62.8997],[27.5599,62.8507],[27.4941,62.8631],[27.1761,63.0836],[27.2068,63.1216],[27.1932,63.2893],[27.2393,63.332],[27.1348,63.4961],[27.0203,63.501],[26.8986,63.584],[27.183,63.5179],[27.2338,63.4565],[27.2105,63.4166],[27.3628,63.3158],[27.3373,63.2133],[27.2639,63.1457],[27.4396,63.0234],[27.6053,63.0146],[27.7697,62.9456],[27.736,63.0585],[27.7674,63.0999],[27.8882,63.0189],[28.352,63.0397],[28.1545,62.933],[28.1868,62.8574],[28.1494,62.8037],[28.2644,62.6628],[28.6531,62.5272],[28.898,62.3903],[28.6593,62.42],[28.4965,62.5014],[28.5651,62.4986],[28.5554,62.5226],[28.3671,62.5871],[28.2743,62.5652],[28.1693,62.4337],[28.1026,62.4419],[28.1384,62.5381],[28.0567,62.6904],[27.9794,62.7321],[27.8493,62.7194],[27.7656,62.6795],[27.8015,62.6274],[27.7581,62.5832],[27.9154,62.4303],[28.0396,62.4089],[27.97,62.2589],[28.2765,62.2562],[28.3237,62.2873],[28.4062,62.237],[28.5658,62.2216],[28.699,62.3285],[28.6658,62.387],[28.765,62.3484],[28.8704,62.235],[28.7863,62.1772],[28.8258,62.1341],[29.3305,62.1658],[29.3527,62.2186],[29.2646,62.3936],[29.2967,62.4263],[29.2792,62.5987],[29.3346,62.6003],[29.3639,62.5304],[29.6265,62.4185],[29.6503,62.4274],[29.5889,62.5003],[29.6327,62.5972],[29.7757,62.5773],[29.9262,62.4336],[29.7685,62.313],[29.6406,62.3099],[29.599,62.2698],[29.6479,62.2234],[29.9815,62.1328],[29.5178,62.1231]],[[27.8494,62.9514],[27.8863,62.8344],[28.1088,62.7551],[28.0621,62.976],[27.8494,62.9514]],[[27.6371,61.2732],[27.6766,61.3104],[27.6287,61.3834],[27.4179,61.4373],[27.328,61.4002],[27.5879,61.2663],[27.6371,61.2732]],[[27.9593,61.4804],[27.9463,61.5275],[27.7316,61.5475],[27.7005,61.4876],[27.5196,61.4852],[27.7496,61.4014],[27.9593,61.4804]],[[28.4956,61.4782],[28.4449,61.5157],[28.5364,61.6215],[28.5154,61.6987],[28.2773,61.7097],[28.3082,61.5818],[28.2426,61.5391],[28.2401,61.3942],[28.4162,61.4165],[28.4945,61.444],[28.4956,61.4782]],[[29.477,61.9668],[29.3223,62.1296],[28.7033,62.0819],[28.6912,62.0364],[28.9442,61.8731],[28.9897,61.8021],[29.1369,61.7754],[29.2546,61.8075],[29.3418,61.9708],[29.477,61.9668]]]}},{"type":"Feature","properties":{},"geometry":{"type":"Polygon","coordinates":[[[84.5156,47.9299],[84.3568,47.7321],[84.2418,47.7064],[83.6246,48.0128],[83.259,48.0946],[83.0268,48.2119],[83.0386,48.2496],[83.4353,48.27],[83.4976,48.3045],[83.5326,48.3751],[83.3922,48.4999],[83.387,48.554],[83.4712,48.8582],[83.7473,49.0393],[84.1206,49.1591],[84.0998,49.238],[83.8485,49.4171],[83.6604,49.4429],[83.3637,49.6438],[83.6082,49.6063],[83.9636,49.7264],[83.7295,49.5352],[84.2878,49.2377],[84.3606,49.1605],[83.6092,48.9104],[83.5141,48.8133],[83.4869,48.7183],[83.6134,48.4373],[83.9194,48.3972],[83.6819,48.3534],[83.5812,48.2675],[84.0515,48.0835],[84.3339,48.0231],[84.5156,47.9299]]]}},{"type":"Feature","properties":{},"geometry":{"type":"Polygon","coordinates":[[[-108.5612,56.5097],[-108.692,56.4897],[-108.7356,56.6677],[-108.859,56.7088],[-108.8701,56.7477],[-108.7646,56.8131],[-108.7028,56.7915],[-108.6345,56.7149],[-108.4945,56.6926],[-108.4247,56.6291],[-108.4115,56.4644],[-108.134,56.4262],[-108.0744,56.3823],[-108.1106,56.3079],[-108.1894,56.271],[-108.1354,56.0378],[-108.2997,55.8579],[-108.5721,55.6975],[-108.6266,55.5521],[-108.6647,55.5685],[-108.6881,55.7492],[-108.7591,55.9032],[-109.0336,55.9301],[-109.1579,56.068],[-109.0864,56.1221],[-108.8748,56.0795],[-108.6715,55.9788],[-108.5995,55.8482],[-108.5196,55.8789],[-108.467,55.9358],[-108.4327,56.1041],[-108.2728,56.1906],[-108.2685,56.2444],[-108.5394,56.3662],[-108.5303,56.4788],[-108.5612,56.5097]]]}},{"type":"Feature","properties":{},"geometry":{"type":"Polygon","coordinates":[[[-71.166,-46.5269],[-71.2068,-46.5627],[-71.376,-46.5755],[-71.7817,-46.4994],[-72.258,-46.5857],[-72.7742,-46.8734],[-72.904,-47.0114],[-72.7889,-46.7854],[-72.6605,-46.664],[-72.7238,-46.5121],[-72.692,-46.4988],[-72.5848,-46.6052],[-72.4783,-46.5959],[-71.9882,-46.4371],[-71.8724,-46.3824],[-71.8724,-46.3238],[-71.626,-46.2969],[-71.5781,-46.3605],[-71.3131,-46.4363],[-71.166,-46.5269]]]}},{"type":"Feature","properties":{},"geometry":{"type":"Polygon","coordinates":[[[26.9499,62.8517],[27.0923,62.8425],[27.018,62.8319],[27.0184,62.8001],[26.8801,62.7959],[26.9826,62.6864],[26.9521,62.6524],[26.9987,62.6134],[26.8957,62.624],[26.8187,62.5638],[26.851,62.4974],[26.9301,62.4819],[26.909,62.4563],[26.7355,62.4944],[26.6902,62.5955],[26.5805,62.4121],[26.426,62.3659],[26.4199,62.3177],[26.3794,62.3459],[26.407,62.4183],[26.5076,62.4245],[26.5577,62.49],[26.5265,62.5389],[26.2734,62.551],[26.2381,62.4813],[26.3123,62.3676],[26.277,62.3399],[26.1727,62.3584],[26.1282,62.2798],[26.0496,62.3476],[25.956,62.3555],[26.0023,62.2769],[25.9459,62.2101],[25.9512,62.1446],[25.8763,62.2056],[25.8265,62.1482],[25.821,62.0721],[25.8783,62.021],[25.6408,61.9502],[25.6324,61.9162],[25.701,61.8852],[25.5883,61.793],[25.7215,61.8127],[25.6804,61.7119],[25.7057,61.601],[25.5857,61.5911],[25.5732,61.4944],[25.6409,61.4668],[25.5432,61.4229],[25.5473,61.335],[25.9774,61.255],[26.0815,61.1955],[26.1625,61.3104],[26.2751,61.3741],[26.2379,61.3167],[26.2569,61.2473],[26.1479,61.2562],[26.2411,61.1017],[26.0951,60.9638],[26.0253,60.9614],[26.1018,61.1013],[26.0262,61.1697],[25.871,61.1684],[25.6703,61.2727],[25.6215,61.2628],[25.6566,61.2059],[25.5314,61.1149],[25.6032,61.0548],[25.5918,61.0239],[25.4801,61.0877],[25.3556,61.0756],[25.4995,61.2289],[25.4654,61.2804],[25.406,61.2506],[25.2705,61.3522],[25.1938,61.4745],[25.1879,61.5318],[25.3981,61.5838],[25.4182,61.6259],[25.2093,61.7937],[25.3887,61.7935],[25.4436,61.8441],[25.3175,61.902],[25.5104,61.9307],[25.5428,61.9892],[25.6715,62.0588],[25.4721,62.1421],[25.6679,62.1356],[25.7353,62.2192],[25.8812,62.2917],[25.9225,62.3854],[25.7632,62.5342],[25.6896,62.5428],[25.6322,62.6274],[25.7811,62.6515],[25.8271,62.725],[25.8937,62.7196],[25.8184,62.7941],[25.9341,62.9126],[25.8323,63.0135],[25.6175,63.0707],[25.541,63.0301],[25.5221,62.9661],[25.4363,62.9745],[25.3679,63.0068],[25.4442,63.052],[25.4403,63.1283],[25.6229,63.2158],[25.6812,63.1375],[25.792,63.0915],[25.8368,63.1298],[25.9034,63.1107],[26.0836,62.9935],[26.0141,62.9719],[26.3641,62.7676],[26.3707,62.7255],[26.3021,62.7289],[26.0666,62.8192],[25.9797,62.7062],[26.0293,62.632],[25.9129,62.6479],[25.8205,62.6133],[25.8339,62.535],[25.9381,62.4623],[26.0963,62.5188],[26.0838,62.4208],[26.1601,62.3883],[26.1781,62.5503],[26.359,62.6333],[26.451,62.6332],[26.469,62.7038],[26.3595,62.8536],[26.5629,62.7063],[26.7854,62.6087],[26.8219,62.6973],[26.5684,62.9],[26.7302,62.8359],[26.7133,62.929],[26.765,62.9796],[27.0335,63.0194],[26.9779,62.9984],[26.9477,62.9156],[26.8941,62.9168],[26.9499,62.8517]]]}},{"type":"Feature","properties":{},"geometry":{"type":"Polygon","coordinates":[[[30.3619,65.1489],[30.6459,65.0738],[30.9029,65.1218],[30.9743,65.1828],[31.3456,65.1812],[31.5765,65.1374],[31.6607,65.0316],[31.9546,64.8637],[31.6639,64.9447],[31.5454,65.0025],[31.4818,65.0962],[31.3733,65.1157],[30.9061,65.074],[30.7427,64.9436],[30.5404,64.9315],[30.7209,64.9947],[30.3619,65.1489]]]}},{"type":"Feature","properties":{},"geometry":{"type":"Polygon","coordinates":[[[35.3018,47.4918],[35.2694,47.4505],[34.9605,47.4065],[34.5924,47.5201],[34.1898,47.42],[34.1729,47.3246],[34.0972,47.3161],[33.9041,47.1587],[33.6873,46.8606],[33.5398,46.8312],[33.6298,47.034],[33.7047,47.0608],[33.9628,47.3312],[33.9361,47.5415],[34.2107,47.5362],[34.2662,47.5899],[34.3803,47.5575],[34.4866,47.593],[34.9971,47.5876],[35.0878,47.6755],[35.1057,47.8416],[35.3018,47.4918]]]}},{"type":"Feature","properties":{},"geometry":{"type":"Polygon","coordinates":[[[-105.0416,21.8012],[-105.0419,21.7958],[-105.0633,21.8086],[-105.0416,21.8012],[-105.0416,21.8012],[-105.0416,21.8012]]]}},{"type":"Feature","properties":{},"geometry":{"type":"Polygon","coordinates":[[[48.3873,54.168],[48.4158,54.5972],[48.7451,54.675],[48.8638,54.8708],[48.8595,55.0116],[49.1595,55.1631],[49.1723,55.2927],[49.0477,55.4428],[49.059,55.4827],[49.1195,55.4759],[49.2335,55.3379],[49.3033,55.3234],[49.358,55.3391],[49.329,55.5178],[49.3674,55.5444],[49.3713,55.4648],[49.4549,55.4036],[49.7883,55.3835],[50.0896,55.4628],[50.3791,55.4305],[51.255,55.5262],[51.4139,55.4944],[51.4691,55.5113],[51.4666,55.5898],[51.398,55.6849],[51.4137,55.7745],[51.4803,55.8327],[51.4608,55.701],[51.5215,55.6323],[51.635,55.6459],[51.7635,55.7205],[51.9365,55.6991],[51.7484,55.6753],[51.7145,55.5928],[51.5502,55.5584],[51.5237,55.503],[51.4104,55.441],[51.2059,55.4887],[51.1742,55.4635],[51.2188,55.4001],[51.1843,55.3574],[50.8771,55.4521],[49.892,55.2937],[49.4607,55.1141],[49.3961,55.0161],[49.2244,55.0233],[49.0085,54.9701],[48.9398,54.9017],[48.9693,54.8281],[49.0979,54.8005],[48.9863,54.7276],[48.8641,54.4623],[48.5296,54.3942],[48.4994,54.3344],[48.5494,54.2405],[48.798,54.1308],[48.8477,54.0454],[49.0203,54.0152],[49.7273,54.2251],[49.7422,54.1907],[49.5368,54.1267],[49.4412,54.0377],[49.2179,53.9344],[49.2191,53.878],[49.3507,53.7702],[49.3689,53.6948],[49.1268,53.8248],[49.0911,53.7939],[49.063,53.6066],[49.0867,53.534],[49.2467,53.5021],[49.8816,53.4856],[49.9048,53.4567],[49.8519,53.426],[49.4947,53.436],[49.3161,53.4022],[49.2299,53.2842],[48.8008,53.2806],[48.7594,53.3238],[49.1365,53.3089],[49.205,53.3676],[48.9919,53.4398],[48.8654,53.6477],[48.9031,53.8275],[48.8134,53.9387],[48.3873,54.168]]]}},{"type":"Feature","properties":{},"geometry":{"type":"Polygon","coordinates":[[[-113.6357,35.8309],[-113.9886,36.1647],[-114.039,36.1635],[-114.1104,36.032],[-114.2084,36.0057],[-114.3727,36.1001],[-114.5039,36.1062],[-114.6404,36.106],[-114.7414,36.0135],[-114.8162,36.1215],[-114.4315,36.2372],[-114.3868,36.4827],[-114.3364,36.5192],[-114.3703,36.2092],[-114.2951,36.1104],[-114.2259,36.0497],[-114.1593,36.0768],[-113.9963,36.2437],[-113.7775,36.0481],[-113.6357,35.8309]]]}},{"type":"Feature","properties":{},"geometry":{"type":"Polygon","coordinates":[[[-110.3676,37.8979],[-110.4334,37.7111],[-110.8356,37.2246],[-110.7922,37.1932],[-110.6499,37.2083],[-110.6762,37.175],[-110.9956,37.1143],[-111.4734,36.9321],[-111.5301,37.0292],[-111.3392,37.0622],[-111.2559,37.1463],[-111.2108,37.1187],[-111.1633,37.1649],[-110.9626,37.1508],[-110.8584,37.3347],[-110.7362,37.4307],[-110.7554,37.5257],[-110.6814,37.5309],[-110.5549,37.6309],[-110.4471,37.7686],[-110.4352,37.8714],[-110.3676,37.8979]]]}},{"type":"Feature","properties":{},"geometry":{"type":"Polygon","coordinates":[[[-98.2946,57.4932],[-98.2011,57.4055],[-97.9949,57.3872],[-98.1087,57.3171],[-98.2502,57.1119],[-98.5612,57.0608],[-98.8546,56.8408],[-99.0021,56.8625],[-99.2182,56.7357],[-99.5527,56.7108],[-99.5709,56.6414],[-99.6861,56.7304],[-99.546,56.7759],[-99.3285,56.9876],[-99.1555,56.9558],[-99.0146,57.0847],[-99.0368,56.9745],[-99.0064,56.9269],[-98.8733,56.9461],[-98.8574,57.0597],[-98.6953,57.1172],[-98.6681,57.2618],[-98.5083,57.2993],[-98.5366,57.4564],[-98.5932,57.5288],[-98.5959,57.5854],[-98.5559,57.611],[-98.5277,57.543],[-98.4717,57.5488],[-98.206,57.6535],[-98.2946,57.4932]]]}},{"type":"Feature","properties":{},"geometry":{"type":"Polygon","coordinates":[[[-40.9201,-9.2572],[-40.8182,-9.4383],[-41.097,-9.5004],[-41.1875,-9.7024],[-41.6492,-9.8189],[-41.8183,-9.8201],[-41.8665,-9.7698],[-42.075,-9.8878],[-42.1711,-10.0243],[-42.1666,-10.0811],[-41.986,-10.1523],[-41.874,-10.3002],[-41.9949,-10.1957],[-42.3353,-10.0982],[-42.3632,-10.1922],[-42.1569,-10.6685],[-42.24,-10.8958],[-42.3362,-11.0008],[-42.2368,-10.6604],[-42.2592,-10.5484],[-42.4149,-10.4146],[-42.7253,-10.8422],[-42.7636,-11.1423],[-42.8254,-11.251],[-42.9337,-11.2438],[-43.0723,-11.1087],[-43.15,-11.143],[-43.087,-10.9403],[-42.8931,-10.7735],[-42.9915,-10.6231],[-42.9546,-10.5943],[-42.8389,-10.7411],[-42.7799,-10.7439],[-42.7481,-10.6148],[-42.8482,-10.462],[-42.6678,-10.5378],[-42.6139,-10.4796],[-42.679,-10.398],[-42.6726,-10.2882],[-42.5582,-10.3517],[-42.4969,-10.3313],[-42.4936,-10.2668],[-42.5959,-10.0928],[-42.8156,-9.9617],[-42.7529,-9.9564],[-42.7344,-9.9155],[-42.5467,-10.0784],[-42.4815,-10.0442],[-42.5098,-9.9483],[-42.3605,-9.9847],[-42.2875,-9.8345],[-42.3543,-9.708],[-42.221,-9.6963],[-42.1952,-9.6135],[-42.0902,-9.5918],[-42.0482,-9.5114],[-41.9984,-9.5166],[-41.9236,-9.618],[-41.7403,-9.5647],[-41.3654,-9.622],[-41.2639,-9.5938],[-41.2237,-9.511],[-41.264,-9.3618],[-41.1856,-9.366],[-41.1844,-9.2834],[-41.0643,-9.2823],[-41.0273,-9.0044],[-40.9347,-9.0568],[-40.9525,-9.1736],[-40.9201,-9.2572]],[[-42.8025,-10.9609],[-42.8489,-10.9354],[-42.7833,-10.8313],[-42.9914,-10.9435],[-42.8794,-10.9754],[-42.9306,-11.0794],[-42.8794,-11.1482],[-42.8074,-11.0826],[-42.8025,-10.9609]]]}},{"type":"Feature","properties":{},"geometry":{"type":"Polygon","coordinates":[[[99.143,2.412],[98.999,2.3488],[98.8463,2.3525],[98.6889,2.5551],[98.7109,2.577],[98.8847,2.4758],[98.9488,2.5044],[98.919,2.5582],[98.76,2.7294],[98.6405,2.6503],[98.5305,2.8586],[98.6402,2.8727],[98.7918,2.7992],[99.0415,2.4825],[99.143,2.412]]]}},{"type":"Feature","properties":{},"geometry":{"type":"Polygon","coordinates":[[[26.5702,61.6231],[26.4732,61.6116],[26.1827,61.7297],[26.0767,61.704],[26.0853,61.6573],[26.1436,61.669],[26.1832,61.6293],[26.1137,61.5416],[25.8914,61.6754],[25.9547,61.7166],[25.9439,61.796],[26.1265,61.7675],[26.2374,61.841],[26.2946,61.7161],[26.466,61.7354],[26.5702,61.6231]]]}},{"type":"Feature","properties":{},"geometry":{"type":"Polygon","coordinates":[[[170.2477,-44.1174],[170.2298,-44.1728],[170.1777,-44.1695],[170.1308,-43.8093],[170.1983,-43.7045],[170.1842,-43.8309],[170.2477,-44.1174]]]}},{"type":"Feature","properties":{},"geometry":{"type":"Polygon","coordinates":[[[169.9953,-44.2867],[169.8928,-44.277],[169.8649,-44.2236],[169.8808,-43.9731],[169.9123,-44.0507],[169.9796,-43.9739],[169.9134,-44.1722],[169.9953,-44.2867]]]}},{"type":"Feature","properties":{},"geometry":{"type":"Polygon","coordinates":[[[-80.1802,48.8121],[-80.1055,48.9127],[-79.8891,48.9242],[-79.8363,48.8747],[-79.8324,48.7298],[-79.7008,48.723],[-79.5764,48.7972],[-79.4126,48.7146],[-79.2592,48.6896],[-79.2263,48.4722],[-79.3132,48.4525],[-79.3193,48.6311],[-79.8673,48.6334],[-80.0604,48.7831],[-80.1802,48.8121]]]}},{"type":"Feature","properties":{},"geometry":{"type":"Polygon","coordinates":[[[-106.2172,47.5854],[-106.2686,47.5481],[-106.2513,47.644],[-106.3844,47.8479],[-106.454,47.8792],[-106.5558,47.7495],[-106.8133,47.7155],[-106.8625,47.6313],[-106.9057,47.6718],[-106.9927,47.6439],[-107.3062,47.685],[-107.4289,47.6346],[-107.6122,47.6234],[-107.9114,47.3904],[-107.9488,47.558],[-108.1963,47.6016],[-107.9594,47.6014],[-107.8412,47.5261],[-107.685,47.6462],[-107.7138,47.6876],[-107.4551,47.6624],[-107.3358,47.728],[-106.9295,47.725],[-106.9331,47.7639],[-106.5962,47.8595],[-106.5658,47.9075],[-106.5899,47.9582],[-106.4328,48.0271],[-106.3252,47.9851],[-106.3579,47.9252],[-106.2533,47.8147],[-106.2172,47.5854]]]}},{"type":"Feature","properties":{},"geometry":{"type":"Polygon","coordinates":[[[-100.2888,45.017],[-100.3703,44.9883],[-100.3918,44.8957],[-100.4761,44.794],[-100.6358,44.7501],[-100.5954,44.601],[-100.4876,44.5735],[-100.504,44.5222],[-100.3974,44.4702],[-100.4116,44.4187],[-100.6098,44.4705],[-100.6818,44.7142],[-100.7242,44.7319],[-100.8479,44.7637],[-101.1882,44.727],[-100.9595,44.8176],[-100.8055,44.8343],[-100.7668,44.8503],[-100.7779,44.8822],[-100.5588,44.8105],[-100.4571,44.8717],[-100.4468,44.9993],[-100.3346,45.1571],[-100.3167,45.2597],[-100.3452,45.3046],[-100.407,45.3482],[-100.6122,45.3549],[-100.3438,45.3901],[-100.6373,45.6623],[-100.4479,45.6445],[-100.3901,45.7101],[-100.4141,45.8077],[-100.6594,46.1196],[-100.5935,46.3137],[-100.6056,46.4885],[-100.634,46.5799],[-100.7771,46.7138],[-100.5851,46.6172],[-100.5274,46.3865],[-100.5741,46.1874],[-100.5588,46.0962],[-100.3504,45.854],[-100.3446,45.6852],[-100.4083,45.5638],[-100.2811,45.4269],[-100.2553,45.2418],[-100.2888,45.017]]]}},{"type":"Feature","properties":{},"geometry":{"type":"Polygon","coordinates":[[[-132.0954,59.6071],[-132.1591,59.6255],[-132.3992,59.9218],[-132.9579,60.2007],[-133.2448,60.4485],[-133.1378,60.4274],[-132.7978,60.1923],[-132.5217,60.0982],[-132.3636,59.9859],[-132.23,59.8487],[-132.0954,59.6071]]]}},{"type":"Feature","properties":{},"geometry":{"type":"Polygon","coordinates":[[[-117.9071,49.3416],[-117.9568,49.3357],[-118.0626,49.4118],[-118.1395,49.5213],[-118.1557,49.6014],[-118.0925,49.8015],[-118.0875,49.5151],[-117.9071,49.3416]]]}},{"type":"Feature","properties":{},"geometry":{"type":"Polygon","coordinates":[[[32.2343,22.6739],[32.0556,22.6646],[31.8257,22.3513],[31.7461,22.3627],[31.6452,22.3117],[31.6249,22.2423],[31.441,22.1019],[31.3193,21.8123],[31.0906,21.6092],[31.4497,22.2101],[31.7043,22.4529],[31.7846,22.4835],[31.6757,22.6258],[31.8242,22.5652],[31.9112,22.6609],[32.1322,22.7806],[32.2225,22.7693],[32.3374,22.691],[32.4129,22.6945],[32.5006,22.7581],[32.7391,23.229],[32.8559,23.3424],[32.841,23.4829],[32.7434,23.5161],[32.6611,23.4723],[32.599,23.4958],[32.7067,23.5704],[32.6244,23.5875],[32.6549,23.6329],[32.7978,23.5837],[32.8344,23.6186],[32.8733,23.7916],[32.8229,23.9098],[32.8795,23.9877],[32.933,23.9406],[32.9859,23.6955],[32.9092,23.6099],[33.0048,23.5087],[32.9219,23.4845],[32.9899,23.3711],[33.0074,23.237],[32.9213,23.2494],[32.9107,23.1606],[32.8551,23.1174],[32.9901,22.9551],[32.7436,23.0325],[32.7048,22.947],[32.6184,22.8961],[32.5863,22.783],[32.297,22.5313],[32.2484,22.547],[32.2988,22.5921],[32.2343,22.6739]]]}},{"type":"Feature","properties":{},"geometry":{"type":"Polygon","coordinates":[[[24.6084,61.6545],[24.4557,61.5901],[24.5067,61.5525],[24.4693,61.528],[24.1942,61.4567],[24.1284,61.3438],[24.2793,61.2932],[24.014,61.2306],[24.0918,61.1851],[24.3552,61.1619],[24.3369,61.1196],[24.4393,61.0312],[23.7813,61.2141],[23.773,61.2825],[23.8448,61.2282],[23.9521,61.224],[24.0354,61.3118],[24.0433,61.4231],[24.3575,61.5875],[24.3215,61.6327],[24.454,61.6261],[24.4908,61.679],[24.6911,61.7214],[24.6593,61.6561],[24.6084,61.6545]]]}},{"type":"Feature","properties":{},"geometry":{"type":"Polygon","coordinates":[[[23.511,61.419],[23.5275,61.3688],[23.7068,61.3173],[23.7175,61.2616],[23.349,61.3896],[23.7086,61.5109],[23.5703,61.6414],[23.6319,61.6517],[23.6028,61.6879],[23.667,61.7281],[23.7082,61.8648],[23.8378,61.8698],[24.0316,61.9742],[24.0034,62.076],[23.6812,62.1163],[23.6445,62.2155],[23.699,62.2274],[23.7012,62.1636],[23.855,62.1396],[23.9059,62.1541],[23.9282,62.2214],[23.9991,62.2319],[23.9543,62.1598],[24.181,62.1571],[24.1227,62.1235],[24.1263,62.0574],[24.2201,62.0451],[24.3008,62.1203],[24.3354,62.1027],[24.3044,62.0424],[24.3752,62.029],[24.5651,62.0453],[24.3626,62.1558],[24.5947,62.0902],[24.6108,62.2511],[24.6615,62.2656],[24.6815,62.1936],[24.7223,62.198],[24.6305,62.0427],[24.634,61.9859],[24.7061,61.9215],[24.5491,61.9931],[24.0943,62.0202],[24.105,61.9511],[23.7584,61.7857],[23.7857,61.7288],[23.7395,61.651],[23.8337,61.6365],[23.7718,61.6181],[23.798,61.5992],[23.7765,61.521],[23.511,61.419]]]}},{"type":"Feature","properties":{},"geometry":{"type":"Polygon","coordinates":[[[0.2719,6.6745],[0.317,6.7383],[0.276,6.6483],[0.1521,6.6106],[0.1381,6.366],[0.1033,6.3382],[0.0733,6.4041],[-0.011,6.3794],[-0.0993,6.4899],[-0.6737,6.8015],[-0.6837,6.8344],[-0.5796,6.7847],[-0.5508,6.8108],[-0.4667,6.7227],[-0.4187,6.731],[-0.3934,6.8281],[-0.3353,6.7162],[-0.194,6.7413],[-0.1437,6.648],[-0.0569,6.63],[-0.0175,6.7327],[-0.0663,6.8252],[0.1117,6.8966],[0.0416,6.9465],[0.1232,6.9832],[0.0879,7.0228],[0.0846,7.1471],[0.0073,7.2094],[0.0987,7.1928],[0.1839,7.2867],[0.1021,7.3428],[0.0456,7.4775],[-0.0629,7.5076],[-0.0658,7.4443],[-0.157,7.5099],[-0.2424,7.5166],[-0.2079,7.5464],[0.0118,7.5426],[-0.0638,7.6414],[-0.6537,7.5513],[-0.1003,7.7555],[-0.1573,7.7786],[-0.1924,7.9552],[-0.3152,8.04],[-0.4168,7.9723],[-0.3794,8.0481],[-0.4458,8.0911],[-0.5266,8.0624],[-0.5429,8.1536],[-0.6244,8.0849],[-0.7556,8.102],[-0.7478,8.1345],[-0.6,8.1729],[-0.7951,8.3155],[-0.7836,8.3657],[-0.9989,8.6304],[-1.1284,8.6323],[-1.1528,8.5513],[-1.2189,8.6583],[-1.4046,8.739],[-1.715,8.6304],[-1.3765,8.8046],[-1.2693,8.7256],[-1.0618,8.7218],[-1.1744,8.9446],[-1.1517,9.1166],[-1.1056,8.897],[-1.0256,8.8438],[-0.8734,8.5855],[-0.8166,8.5995],[-0.7908,8.7614],[-0.8061,8.6887],[-0.7054,8.6431],[-0.8046,8.5199],[-0.7818,8.4686],[-0.4847,8.2095],[-0.2855,8.2531],[-0.202,8.2131],[-0.1925,8.1862],[-0.3304,8.1578],[-0.1279,8.0112],[-0.024,7.7926],[0.0702,7.8211],[0.07,8.081],[0.1703,8.0863],[0.1053,8.242],[0.2174,8.3633],[0.092,8.4031],[0.0855,8.548],[0.1977,8.7382],[0.1026,8.4338],[0.2936,8.3344],[0.2143,8.3142],[0.1836,8.2056],[0.2668,8.0943],[0.161,8.0596],[0.1085,7.9387],[0.1678,7.8633],[0.2575,7.905],[0.237,7.8335],[0.2775,7.7624],[0.2817,7.5754],[0.2404,7.5779],[0.2289,7.5364],[0.2498,7.4908],[0.3201,7.5425],[0.2716,7.2343],[0.3052,7.099],[0.24,6.8963],[0.2719,6.6745]],[[0.1304,6.6791],[0.1808,6.7259],[0.1592,6.7667],[0.0619,6.8076],[0.0175,6.7788],[0.0115,6.7175],[0.0896,6.6586],[0.1304,6.6791]]]}},{"type":"Feature","properties":{},"geometry":{"type":"Polygon","coordinates":[[[103.5329,53.6358],[103.7251,53.6023],[103.7426,53.4958],[103.4899,53.5628],[103.4404,53.5189],[103.4404,53.2227],[103.3742,53.1073],[103.3429,53.5718],[103.2746,53.6774],[102.868,53.7899],[102.9273,53.8196],[103.1168,53.7741],[103.2085,53.8063],[103.0033,54.0677],[102.9867,54.1557],[103.0166,54.2826],[103.1064,54.415],[103.1727,54.424],[103.2177,54.4865],[103.1855,54.6266],[103.0331,54.782],[103.0695,54.9209],[103.226,55.0463],[103.2821,55.1587],[103.2719,55.3018],[103.1786,55.4865],[103.1391,55.6849],[102.9901,55.8536],[102.9207,56.0627],[102.7168,56.1434],[102.5301,56.1576],[102.4389,56.0915],[102.2359,56.1035],[101.9859,56.0256],[102.0003,55.9609],[101.9061,55.8343],[101.9131,55.783],[102.0847,55.7176],[102.0507,55.6628],[102.1016,55.6284],[102.3322,55.5896],[102.3858,55.5439],[102.3108,55.4006],[102.3424,55.32],[102.4302,55.2853],[102.2335,55.101],[102.1185,55.053],[102.3301,55.2709],[102.2601,55.4094],[102.3002,55.5299],[101.7888,55.414],[101.7574,55.469],[101.9792,55.5229],[101.9703,55.5625],[101.8059,55.6538],[101.7878,55.7721],[101.2745,55.9819],[101.7058,55.9727],[101.7322,56.0696],[101.6719,56.1346],[101.7096,56.2636],[101.7675,56.2866],[101.9642,56.227],[101.9219,56.1666],[101.9452,56.1245],[102.26,56.2545],[102.4619,56.2533],[102.5217,56.3495],[102.5818,56.3323],[102.6262,56.2534],[102.7992,56.2622],[102.872,56.199],[103.0233,56.2138],[103.0199,56.0452],[103.0625,55.9199],[103.2469,55.7136],[103.2259,55.5583],[103.3639,55.2186],[103.3043,55.0202],[103.1544,54.8012],[103.2791,54.578],[103.3485,54.3231],[103.4625,54.1601],[103.3969,54.1702],[103.2613,54.3421],[103.1441,54.2393],[103.1033,54.1473],[103.1604,54.0005],[103.298,53.874],[103.3303,53.7785],[103.5329,53.6358]]]}},{"type":"Feature","properties":{},"geometry":{"type":"Polygon","coordinates":[[[91.9367,68.4887],[92.1042,68.5091],[92.3308,68.4257],[91.1054,68.3678],[90.9196,68.311],[89.9351,68.2404],[89.807,68.2628],[89.7721,68.3054],[89.3128,68.3351],[89.3148,68.3885],[90.2319,68.3692],[91.9367,68.4887]]]}},{"type":"Feature","properties":{},"geometry":{"type":"Polygon","coordinates":[[[91.306,68.7931],[90.5439,68.71],[90.0505,68.7016],[89.5466,68.8189],[89.737,68.8561],[90.4451,68.7578],[91.7134,68.8623],[91.4841,68.7873],[91.306,68.7931]]]}},{"type":"Feature","properties":{},"geometry":{"type":"Polygon","coordinates":[[[89.4689,69.3782],[88.8251,69.3387],[88.8452,69.3712],[89.5463,69.4949],[89.901,69.6031],[90.2053,69.6251],[91.0804,69.488],[91.4355,69.5105],[91.5591,69.4179],[90.6596,69.4532],[90.4082,69.5193],[90.0988,69.539],[89.5818,69.4439],[89.4689,69.3782]]]}},{"type":"Feature","properties":{},"geometry":{"type":"Polygon","coordinates":[[[17.9673,65.8523],[17.8822,65.8896],[17.7404,65.8574],[17.6928,65.8752],[17.72,65.9788],[17.4597,66.0662],[17.36,66.0466],[17.3461,66.0801],[17.4713,66.1126],[17.6723,66.0673],[17.7331,66.0834],[17.7232,66.1152],[17.6207,66.1934],[17.7766,66.1875],[17.968,66.1062],[18.0095,66.0511],[17.9643,66.0483],[17.9452,65.9974],[18.0009,65.882],[17.9673,65.8523]]]}},{"type":"Feature","properties":{},"geometry":{"type":"Polygon","coordinates":[[[18.0009,65.882],[18.1396,65.7777],[18.3699,65.7521],[18.5086,65.6595],[18.2553,65.6768],[18.1731,65.6635],[18.1609,65.6212],[18.0933,65.6289],[17.9673,65.8523],[18.0009,65.882]]]}},{"type":"Feature","properties":{},"geometry":{"type":"Polygon","coordinates":[[[15.7554,63.7577],[15.6419,63.8082],[15.5419,63.76],[15.5199,63.85],[15.2626,63.961],[15.3901,63.9262],[15.419,63.9588],[15.3164,64.0312],[15.3192,64.1101],[15.0367,64.2846],[14.3277,64.3884],[14.0935,64.5187],[13.7098,64.6355],[13.8023,64.6598],[14.3557,64.4202],[15.2099,64.3218],[15.4189,64.0754],[15.3954,64.0187],[15.5782,63.8677],[15.7446,63.8297],[15.8237,63.7542],[15.7554,63.7577]]]}},{"type":"Feature","properties":{},"geometry":{"type":"Polygon","coordinates":[[[13.2898,64.7383],[13.3989,64.7855],[13.6348,64.6862],[13.1979,64.6845],[13.2898,64.7383]]]}},{"type":"Feature","properties":{},"geometry":{"type":"Polygon","coordinates":[[[43.5953,33.3062],[43.5664,33.2185],[43.4828,33.1904],[43.3043,33.3094],[43.382,33.4351],[43.4771,33.3384],[43.5539,33.3483],[43.5953,33.3062]]]}},{"type":"Feature","properties":{},"geometry":{"type":"Polygon","coordinates":[[[19.2933,42.2646],[19.3636,42.2896],[19.4674,42.0788],[19.2164,42.1585],[19.0988,42.2776],[19.2933,42.2646]]]}},{"type":"Feature","properties":{},"geometry":{"type":"Polygon","coordinates":[[[-107.9316,64.0364],[-108.2524,64.022],[-108.4594,63.9454],[-108.858,64.0651],[-109.1142,64.0755],[-109.3942,64.0204],[-109.639,64.0512],[-108.6336,64.1701],[-108.5983,64.1946],[-108.6022,64.3313],[-108.467,64.4135],[-108.4323,64.3977],[-108.4192,64.2666],[-108.2468,64.3157],[-108.3579,64.1813],[-108.3363,64.1556],[-108.1859,64.177],[-107.9449,64.0938],[-107.9316,64.0364]]]}},{"type":"Feature","properties":{},"geometry":{"type":"Polygon","coordinates":[[[-107.9449,64.0938],[-107.7519,64.0705],[-107.3226,64.1307],[-107.2379,64.0998],[-107.2687,63.9829],[-107.2224,63.9256],[-107.0879,63.9124],[-107.2736,63.7757],[-107.5016,63.7893],[-107.6322,63.8768],[-107.6215,63.9697],[-107.8051,63.9562],[-107.9316,64.0364],[-107.9449,64.0938]]]}},{"type":"Feature","properties":{},"geometry":{"type":"Polygon","coordinates":[[[-99.1466,43.4331],[-98.8314,43.2056],[-98.5708,43.1022],[-98.5597,43.0599],[-98.6656,43.0592],[-98.9002,43.1585],[-98.9299,43.2264],[-99.3152,43.4678],[-99.3826,43.6061],[-99.4708,43.6685],[-99.3653,43.8429],[-99.3644,43.9906],[-99.3029,43.9032],[-99.4105,43.7029],[-99.2443,43.4765],[-99.1466,43.4331]]]}},{"type":"Feature","properties":{},"geometry":{"type":"Polygon","coordinates":[[[-99.1836,26.7595],[-99.113,26.7271],[-99.1495,26.5917],[-99.2,26.5615],[-99.2433,26.5836],[-99.2832,26.7595],[-99.3308,26.8034],[-99.3941,26.795],[-99.368,26.8859],[-99.4565,27.0567],[-99.218,26.9102],[-99.1836,26.7595]]]}},{"type":"Feature","properties":{},"geometry":{"type":"Polygon","coordinates":[[[-107.7886,55.2109],[-108.0442,55.5083],[-107.9852,55.5747],[-107.85,55.5279],[-107.8058,55.5525],[-107.8574,55.6606],[-107.7689,55.6975],[-107.7665,55.8941],[-107.737,55.9212],[-107.6657,55.7442],[-107.7404,55.4083],[-107.7918,55.3669],[-107.7886,55.2109]]]}},{"type":"Feature","properties":{},"geometry":{"type":"Polygon","coordinates":[[[-103.8356,60.5535],[-103.9351,60.4769],[-103.949,60.4215],[-104.1875,60.3412],[-104.1345,60.5333],[-104.4939,60.7261],[-104.3426,60.8705],[-104.3795,60.9013],[-104.5046,60.8184],[-104.5877,60.8135],[-104.6432,60.8556],[-104.5296,60.8603],[-104.4486,61.0012],[-104.3349,61.0263],[-104.2131,60.9379],[-104.2188,60.8138],[-104.1407,60.8258],[-104.2167,60.7385],[-103.8505,60.8238],[-103.769,60.8659],[-103.7164,60.9518],[-103.6468,60.9022],[-103.667,60.8349],[-104.1366,60.6675],[-104.1228,60.6245],[-104.0421,60.6018],[-103.8786,60.6412],[-103.8103,60.7104],[-103.7456,60.701],[-103.7357,60.6418],[-103.8356,60.5535]]]}},{"type":"Feature","properties":{},"geometry":{"type":"Polygon","coordinates":[[[-95.2494,65.0034],[-95.4631,64.9211],[-95.4871,64.766],[-95.5926,64.7824],[-95.6365,64.8458],[-95.7988,64.9228],[-95.8579,64.9146],[-95.8809,64.8509],[-96.0321,64.9231],[-95.9313,65.0031],[-95.6321,65.0394],[-95.25,65.0342],[-95.2494,65.0034]]]}},{"type":"Feature","properties":{},"geometry":{"type":"Polygon","coordinates":[[[-69.3512,54.0825],[-69.2689,54.0473],[-69.8345,53.9461],[-69.8556,53.9768],[-69.7034,54.0379],[-69.7068,54.0692],[-69.9834,54.139],[-70.1409,54.129],[-69.8688,54.2893],[-70.0819,54.3426],[-69.9009,54.3793],[-69.7927,54.2826],[-69.6825,54.2679],[-69.6636,54.2104],[-69.6973,54.1527],[-69.4769,54.0925],[-69.4063,54.1214],[-69.3512,54.0825]]]}},{"type":"Feature","properties":{},"geometry":{"type":"Polygon","coordinates":[[[-68.6797,53.7984],[-68.7261,53.689],[-68.7155,53.5826],[-68.8532,53.5938],[-68.9004,53.4833],[-69.0552,53.4277],[-69.085,53.4442],[-68.9467,53.6091],[-68.827,53.6757],[-68.8657,53.7368],[-68.7666,53.7963],[-69.0076,53.9397],[-69.2425,53.9611],[-69.1544,53.9999],[-69.1461,54.0396],[-69.0616,54.0074],[-69.0049,54.0417],[-68.6797,53.7984]]]}},{"type":"Feature","properties":{},"geometry":{"type":"Polygon","coordinates":[[[-70.2327,54.4441],[-70.4194,54.3587],[-70.5171,54.4407],[-70.4244,54.41],[-70.2144,54.4794],[-69.9695,54.49],[-69.9119,54.5521],[-69.9119,54.6169],[-69.9597,54.6845],[-70.0292,54.6762],[-69.9834,54.7416],[-69.9002,54.7043],[-69.8395,54.5246],[-69.7656,54.4661],[-69.9487,54.4253],[-70.2327,54.4441]]]}},{"type":"Feature","properties":{},"geometry":{"type":"Polygon","coordinates":[[[-88.0569,36.6693],[-87.9103,36.187],[-87.9754,35.9453],[-88.0413,35.9485],[-87.9827,36.0989],[-87.9912,36.2341],[-88.0388,36.3068],[-88.0919,36.2604],[-88.1161,36.2928],[-88.0839,36.5548],[-88.2833,37.0215],[-88.2066,36.9706],[-88.0569,36.6693]]]}},{"type":"Feature","properties":{},"geometry":{"type":"Polygon","coordinates":[[[-82.4106,33.9541],[-82.1876,33.6938],[-82.2083,33.6636],[-82.5747,33.6427],[-82.2752,33.7254],[-82.4907,33.8979],[-82.5791,33.8654],[-82.5533,33.9373],[-82.5893,34.0174],[-82.4412,33.9384],[-82.4106,33.9541]]]}},{"type":"Feature","properties":{},"geometry":{"type":"Polygon","coordinates":[[[-118.4024,52.1724],[-118.1805,52.1781],[-118.218,52.1294],[-118.3923,52.0693],[-118.4986,52.0693],[-118.5513,52.2413],[-119.1276,52.7386],[-119.0581,52.7274],[-118.4024,52.1724]]]}},{"type":"Feature","properties":{},"geometry":{"type":"Polygon","coordinates":[[[-81.6839,29.3677],[-81.6829,29.5052],[-81.5292,29.2241],[-81.5955,29.1979],[-81.6839,29.3677]]]}},{"type":"Feature","properties":{},"geometry":{"type":"Polygon","coordinates":[[[-114.3589,34.4381],[-114.4048,34.4883],[-114.3769,34.5397],[-114.0817,34.318],[-114.1341,34.2416],[-114.1635,34.2534],[-114.1886,34.318],[-114.3589,34.4381]]]}},{"type":"Feature","properties":{},"geometry":{"type":"Polygon","coordinates":[[[-122.2317,40.871],[-122.2289,40.7934],[-122.1156,40.7998],[-122.1017,40.7663],[-122.4106,40.7214],[-122.3952,40.8291],[-122.351,40.7841],[-122.2317,40.871]]]}},{"type":"Feature","properties":{},"geometry":{"type":"Polygon","coordinates":[[[-114.0981,65.3782],[-114.1849,65.4458],[-114.4416,65.4771],[-114.3809,65.6159],[-114.3966,65.6571],[-114.2287,65.677],[-114.1829,65.6112],[-114.2981,65.6],[-114.2872,65.5551],[-113.937,65.4438],[-113.8396,65.3678],[-113.621,65.4164],[-113.517,65.3851],[-113.2705,65.4007],[-113.1127,65.3852],[-113.3121,65.3183],[-112.6781,65.2034],[-112.2174,65.2255],[-112.3456,65.1284],[-112.2419,64.9656],[-112.3178,64.9602],[-112.4568,65.1526],[-113.3236,65.2598],[-113.7871,65.244],[-114.0981,65.3782]]]}},{"type":"Feature","properties":{},"geometry":{"type":"Polygon","coordinates":[[[-121.9414,42.6043],[-121.9478,42.4994],[-121.8277,42.409],[-121.8094,42.2513],[-122.0595,42.4747],[-121.9414,42.6043]]]}},{"type":"Feature","properties":{},"geometry":{"type":"Polygon","coordinates":[[[-119.1951,43.2293],[-119.1325,43.3082],[-119.0052,43.2388],[-119.0813,43.1602],[-119.1951,43.2293]]]}},{"type":"Feature","properties":{},"geometry":{"type":"Polygon","coordinates":[[[-67.7078,45.6921],[-67.6004,45.6373],[-67.4801,45.6831],[-67.4494,45.6071],[-67.6255,45.6022],[-67.863,45.7396],[-67.7871,45.759],[-67.7078,45.6921]]]}},{"type":"Feature","properties":{},"geometry":{"type":"Polygon","coordinates":[[[-49.709,-4.4222],[-49.8101,-4.4094],[-49.865,-4.3213],[-49.7192,-4.0284],[-49.6873,-3.8348],[-49.6257,-3.8479],[-49.4347,-4.4896],[-49.2977,-4.6785],[-49.2898,-4.8359],[-49.3472,-4.8812],[-49.2812,-5.1648],[-49.1761,-5.2753],[-48.9622,-5.2757],[-48.9372,-5.3029],[-48.9711,-5.3331],[-49.1702,-5.3879],[-49.2812,-5.3012],[-49.5318,-4.8461],[-49.5924,-4.6522],[-49.7135,-4.5926],[-49.6526,-4.484],[-49.709,-4.4222]]]}},{"type":"Feature","properties":{},"geometry":{"type":"Polygon","coordinates":[[[-44.972,-18.782],[-44.9199,-18.8572],[-45.1288,-18.8488],[-45.0887,-19.0509],[-45.1562,-18.9479],[-45.3967,-19.007],[-45.386,-18.9234],[-45.2507,-18.9093],[-45.1949,-18.831],[-45.2136,-18.7531],[-45.2474,-18.8382],[-45.3399,-18.8289],[-45.2579,-18.6781],[-45.2554,-18.623],[-45.3593,-18.66],[-45.3718,-18.6358],[-45.2976,-18.5408],[-45.3184,-18.5008],[-45.3671,-18.4881],[-45.5155,-18.586],[-45.4788,-18.4737],[-45.355,-18.3947],[-45.3282,-18.3028],[-45.3785,-18.2678],[-45.3597,-18.2395],[-45.287,-18.2012],[-45.23,-18.2308],[-45.2849,-18.4143],[-45.1916,-18.5141],[-45.1809,-18.6068],[-45.133,-18.6083],[-45.152,-18.735],[-45.0972,-18.775],[-45.0169,-18.7227],[-44.972,-18.782]]]}},{"type":"Feature","properties":{},"geometry":{"type":"Polygon","coordinates":[[[-51.4161,-20.4258],[-51.4271,-20.2569],[-51.1814,-20.2567],[-51.1498,-20.1469],[-51.0779,-20.1747],[-51.0511,-19.7807],[-50.9975,-19.6676],[-50.9488,-19.9811],[-50.5821,-19.8201],[-50.6686,-19.9474],[-50.9355,-20.0896],[-50.9852,-20.1699],[-50.9129,-20.3193],[-50.9825,-20.3067],[-51.245,-20.3919],[-51.0655,-20.529],[-51.4161,-20.4258]]]}},{"type":"Feature","properties":{},"geometry":{"type":"Polygon","coordinates":[[[-72.609,-40.6584],[-72.5414,-40.6172],[-72.3648,-40.639],[-72.464,-40.7043],[-72.609,-40.6584]]]}},{"type":"Feature","properties":{},"geometry":{"type":"Polygon","coordinates":[[[-68.6763,-45.4225],[-68.5656,-45.6068],[-68.5992,-45.6448],[-68.8482,-45.6439],[-68.966,-45.4469],[-68.9698,-45.2821],[-68.8754,-45.2939],[-68.8356,-45.4135],[-68.7665,-45.3652],[-68.7015,-45.3694],[-68.6763,-45.4225]]]}},{"type":"Feature","properties":{},"geometry":{"type":"Polygon","coordinates":[[[9.1275,47.6707],[8.8812,47.6564],[8.9809,47.7023],[8.9987,47.7519],[9.1275,47.6707]]]}},{"type":"Feature","properties":{},"geometry":{"type":"Polygon","coordinates":[[[36.8674,62.1981],[36.768,62.2604],[36.813,62.4303],[36.9087,62.4663],[37.0153,62.4279],[37.0255,62.2617],[36.983,62.2112],[36.8674,62.1981]]]}},{"type":"Feature","properties":{},"geometry":{"type":"Polygon","coordinates":[[[38.909,60.5859],[38.8443,60.7343],[38.8658,60.7773],[39.1727,60.6797],[39.1876,60.4961],[39.0957,60.3945],[39.0312,60.3953],[39.0545,60.5229],[39.0083,60.5733],[38.909,60.5859]]]}},{"type":"Feature","properties":{},"geometry":{"type":"Polygon","coordinates":[[[31.5453,64.4352],[31.3457,64.4653],[31.3697,64.5005],[31.7427,64.4773],[31.79,64.4954],[31.7646,64.5575],[32.0439,64.4597],[32.0021,64.405],[31.5453,64.4352]]]}},{"type":"Feature","properties":{},"geometry":{"type":"Polygon","coordinates":[[[32.4057,67.4573],[32.246,67.4147],[31.8986,67.5123],[31.9443,67.5442],[32.2159,67.5392],[32.4057,67.4573]]]}},{"type":"Feature","properties":{},"geometry":{"type":"Polygon","coordinates":[[[35.159,67.8106],[35.08,67.707],[34.9951,67.8013],[35.1576,67.9064],[35.0915,67.9403],[35.0994,67.9791],[35.2467,68.0999],[35.2906,68.0779],[35.297,68.0056],[35.2433,67.9559],[35.2604,67.8803],[35.159,67.8106]]]}},{"type":"Feature","properties":{},"geometry":{"type":"Polygon","coordinates":[[[67.9908,41.2547],[68.393,41.161],[68.4559,41.1068],[68.1354,41.0483],[68.0243,41.0988],[67.9334,41.2246],[67.9908,41.2547]]]}},{"type":"Feature","properties":{},"geometry":{"type":"Polygon","coordinates":[[[111.1201,62.6196],[111.1936,62.7074],[111.1391,62.8485],[110.6483,62.9819],[110.4306,62.9887],[110.4844,63.1359],[110.0387,63.2079],[110.3742,63.2419],[110.3889,63.3501],[110.1623,63.4394],[109.848,63.3821],[109.5868,63.4555],[109.899,63.4559],[110.0957,63.6251],[110.1355,63.6213],[110.1272,63.5356],[110.4815,63.4596],[110.6104,63.3884],[110.4743,63.25],[110.5457,63.1979],[110.7436,63.2394],[110.9184,63.1779],[110.9394,63.1592],[110.8859,63.1247],[110.7192,63.0635],[110.9441,62.9974],[111.086,63.0941],[111.0425,63.3108],[111.1432,63.4237],[111.1601,63.1764],[111.2734,63.1187],[111.5575,63.1653],[111.5836,63.2178],[111.5358,63.2884],[111.6904,63.2889],[111.9,63.2192],[111.9854,63.0971],[111.8305,63.0032],[111.8287,62.9602],[111.998,62.9003],[112.12,62.9168],[112.1549,62.9702],[112.1151,63.0172],[112.1201,63.1299],[112.0466,63.3148],[111.8156,63.3834],[112.1255,63.4324],[112.1709,63.424],[112.1392,63.381],[112.148,63.2487],[112.2344,63.126],[112.4397,63.075],[112.4803,63.0203],[112.4002,62.9997],[112.3682,62.842],[112.175,62.7646],[111.8465,62.8735],[111.5807,62.8575],[111.3993,62.9185],[111.6334,62.9728],[111.657,63.0409],[111.7744,63.0703],[111.8438,63.1605],[111.7864,63.1958],[111.7092,63.1867],[111.5184,63.0471],[111.2066,63.0052],[111.1905,62.9401],[111.3449,62.8471],[111.4244,62.6534],[111.3171,62.5498],[111.3585,62.4717],[111.2931,62.4312],[111.3278,62.3975],[111.6048,62.3903],[111.6664,62.3312],[111.3896,62.3271],[111.3719,62.283],[111.6039,62.2136],[111.5509,62.1872],[111.3495,62.2234],[111.2856,62.1909],[111.2955,62.1307],[111.399,62.0578],[111.2508,61.9896],[111.0464,61.9896],[110.3031,62.1336],[110.1604,62.1241],[109.6652,61.9107],[109.6013,61.7831],[109.5599,61.7995],[109.5577,61.8996],[109.6367,62.0072],[109.6269,62.0525],[109.8163,62.0554],[110.1452,62.2044],[110.4334,62.1939],[111.0881,62.0506],[111.1564,62.1101],[111.1195,62.2208],[111.2429,62.3092],[111.2089,62.4313],[111.0124,62.5043],[110.8751,62.4682],[110.7842,62.5284],[111.0512,62.5439],[111.1201,62.6196]]]}},{"type":"Feature","properties":{},"geometry":{"type":"Polygon","coordinates":[[[139.8811,53.5557],[139.922,53.5267],[139.8087,53.3995],[139.8159,53.3401],[139.6717,53.3905],[139.6585,53.4562],[139.7478,53.5238],[139.8811,53.5557]]]}},{"type":"Feature","properties":{},"geometry":{"type":"Polygon","coordinates":[[[174.4293,64.5695],[174.5752,64.5806],[174.607,64.6515],[174.8036,64.6498],[174.6709,64.481],[174.5407,64.4332],[174.3375,64.4371],[174.2074,64.513],[174.3729,64.7015],[174.3518,64.5938],[174.4293,64.5695]]]}},{"type":"Feature","properties":{},"geometry":{"type":"Polygon","coordinates":[[[136.0578,35.3873],[136.1369,35.4661],[136.2681,35.3472],[135.8893,34.9998],[135.8916,35.0929],[136.0578,35.3873]]]}},{"type":"Feature","properties":{},"geometry":{"type":"Polygon","coordinates":[[[-137.1476,61.5034],[-136.9916,61.2727],[-137.0001,61.2271],[-137.0829,61.2923],[-137.168,61.4499],[-137.5218,61.6358],[-137.4417,61.652],[-137.1476,61.5034]]]}},{"type":"Feature","properties":{},"geometry":{"type":"Polygon","coordinates":[[[-155.4534,58.6369],[-155.6548,58.6016],[-155.473,58.5305],[-155.6533,58.5196],[-155.8408,58.5974],[-156.323,58.6293],[-156.4087,58.6907],[-156.1528,58.7293],[-156.0063,58.688],[-155.4345,58.6605],[-155.4534,58.6369]]]}},{"type":"Feature","properties":{},"geometry":{"type":"Polygon","coordinates":[[[-162.8382,61.0406],[-163.0306,61.0832],[-163.0022,61.1095],[-162.7126,61.0771],[-162.8382,61.0406]]]}},{"type":"Feature","properties":{},"geometry":{"type":"Polygon","coordinates":[[[-154.473,60.2224],[-153.6266,60.4363],[-154.7202,60.0401],[-154.7521,60.0696],[-154.473,60.2224]]]}},{"type":"Feature","properties":{},"geometry":{"type":"Polygon","coordinates":[[[-151.1658,60.2266],[-151.0646,60.3048],[-150.8943,60.2721],[-150.6537,60.1214],[-150.6814,60.0478],[-150.716,60.0518],[-151.0215,60.2056],[-151.1658,60.2266]]]}},{"type":"Feature","properties":{},"geometry":{"type":"Polygon","coordinates":[[[-160.0022,61.3505],[-160.1308,61.3584],[-160.038,61.4217],[-159.9339,61.3669],[-160.0022,61.3505]]]}},{"type":"Feature","properties":{},"geometry":{"type":"Polygon","coordinates":[[[-162.3074,60.951],[-162.2041,60.8528],[-162.3703,60.83],[-162.3967,60.95],[-162.3622,60.99],[-162.3074,60.951]]]}},{"type":"Feature","properties":{},"geometry":{"type":"Polygon","coordinates":[[[-163.7062,61.5619],[-163.6382,61.5186],[-163.699,61.472],[-163.7293,61.5227],[-163.9734,61.6453],[-163.7062,61.5619]]]}},{"type":"Feature","properties":{},"geometry":{"type":"Polygon","coordinates":[[[-163.4591,62.671],[-163.5235,62.5745],[-163.5822,62.6001],[-163.6189,62.6753],[-163.4557,62.7102],[-163.4099,62.679],[-163.4591,62.671]]]}},{"type":"Feature","properties":{},"geometry":{"type":"Polygon","coordinates":[[[-87.6611,34.8136],[-87.3828,34.8515],[-87.0061,34.6825],[-86.8985,34.5748],[-86.9587,34.5651],[-87.3231,34.7666],[-87.7004,34.7734],[-87.6611,34.8136]]]}},{"type":"Feature","properties":{},"geometry":{"type":"Polygon","coordinates":[[[91.0521,50.2084],[91.1311,50.1302],[90.9605,50.0803],[90.8913,50.1357],[90.9421,50.2142],[91.0521,50.2084]]]}},{"type":"Feature","properties":{},"geometry":{"type":"Polygon","coordinates":[[[90.4014,33.5263],[90.3939,33.4356],[90.2466,33.3251],[90.0333,33.3853],[90.0062,33.4366],[90.1864,33.4162],[90.2896,33.4747],[90.3187,33.7018],[90.4014,33.5263]]]}},{"type":"Feature","properties":{},"geometry":{"type":"Polygon","coordinates":[[[89.71,33.4688],[89.9352,33.5229],[89.9696,33.4799],[89.83,33.2558],[89.7857,33.4168],[89.71,33.4688]]]}},{"type":"Feature","properties":{},"geometry":{"type":"Polygon","coordinates":[[[76.1691,31.9002],[75.9748,31.9725],[75.9357,32.1392],[75.9828,32.1532],[76.0946,32.0734],[76.1714,31.9619],[76.1691,31.9002]]]}},{"type":"Feature","properties":{},"geometry":{"type":"Polygon","coordinates":[[[91.4689,31.9475],[91.4239,32.0619],[91.5114,32.1332],[91.5295,31.9659],[91.4689,31.9475]]]}},{"type":"Feature","properties":{},"geometry":{"type":"Polygon","coordinates":[[[87.4148,31.8517],[87.424,31.9117],[87.4896,31.9543],[87.5906,31.9477],[87.5958,31.9031],[87.5303,31.8471],[87.4148,31.8517]]]}},{"type":"Feature","properties":{},"geometry":{"type":"Polygon","coordinates":[[[78.443,33.9394],[78.4904,33.9735],[78.758,33.7473],[78.9756,33.7235],[78.7343,33.677],[78.443,33.9394]]]}},{"type":"Feature","properties":{},"geometry":{"type":"Polygon","coordinates":[[[69.2875,50.688],[69.3705,50.7192],[69.6167,50.6762],[69.6125,50.6145],[69.2749,50.5877],[69.0472,50.4257],[69.0567,50.3639],[69.2366,50.3535],[69.2558,50.2543],[68.9378,50.179],[68.6902,50.266],[68.779,50.5134],[68.8613,50.571],[69.0908,50.5639],[69.2268,50.6162],[69.2875,50.688]]]}},{"type":"Feature","properties":{},"geometry":{"type":"Polygon","coordinates":[[[64.5736,52.6049],[64.9487,52.9081],[64.9823,52.8829],[64.9671,52.7312],[64.8898,52.6719],[64.515,52.5157],[64.5736,52.6049]]]}},{"type":"Feature","properties":{},"geometry":{"type":"Polygon","coordinates":[[[11.7968,61.9393],[11.7527,61.9288],[11.7423,62.0084],[11.7779,62.0524],[11.7968,61.9393]]]}},{"type":"Feature","properties":{},"geometry":{"type":"Polygon","coordinates":[[[11.8455,62.2119],[11.8933,62.2999],[11.8922,62.3996],[11.9665,62.4066],[11.8851,62.0886],[11.9267,61.9309],[11.8827,61.9309],[11.8429,62.0461],[11.7213,62.1027],[11.8455,62.2119]]]}},{"type":"Feature","properties":{},"geometry":{"type":"Polygon","coordinates":[[[-76.6772,51.3734],[-76.5535,51.364],[-76.7512,51.2882],[-77.0259,51.3287],[-76.8195,51.4158],[-76.6772,51.3734]]]}},{"type":"Feature","properties":{},"geometry":{"type":"Polygon","coordinates":[[[-91.4178,51.1195],[-91.3899,51.071],[-91.5416,51.0855],[-91.6468,51.1536],[-91.4415,51.1629],[-91.4178,51.1195]]]}},{"type":"Feature","properties":{},"geometry":{"type":"Polygon","coordinates":[[[-91.9704,51.9577],[-91.9495,51.9821],[-91.8954,51.9519],[-91.9104,51.9111],[-91.9912,51.9368],[-91.9704,51.9577]]]}},{"type":"Feature","properties":{},"geometry":{"type":"Polygon","coordinates":[[[-78.6163,51.0771],[-78.5498,51.0337],[-78.813,51.0974],[-78.8274,51.1523],[-78.6163,51.0771]]]}},{"type":"Feature","properties":{},"geometry":{"type":"Polygon","coordinates":[[[-78.6279,47.5969],[-78.7628,47.5703],[-78.8128,47.6564],[-78.7919,47.691],[-78.6119,47.6806],[-78.5712,47.6562],[-78.6279,47.5969]]]}},{"type":"Feature","properties":{},"geometry":{"type":"Polygon","coordinates":[[[-77.2732,47.5913],[-77.2354,47.5495],[-77.1288,47.5608],[-77.0653,47.5085],[-76.9348,47.4875],[-76.9656,47.4423],[-77.1194,47.4773],[-77.1847,47.4562],[-77.165,47.3894],[-77.2594,47.3467],[-77.322,47.5735],[-77.2883,47.6137],[-77.2732,47.5913]]]}},{"type":"Feature","properties":{},"geometry":{"type":"Polygon","coordinates":[[[-108.0896,64.7154],[-108.0438,64.749],[-107.9792,64.7204],[-108.0896,64.7154]]]}},{"type":"Feature","properties":{},"geometry":{"type":"Polygon","coordinates":[[[-108.1887,64.6463],[-108.5333,64.5621],[-108.2402,64.684],[-108.1803,64.6856],[-108.1887,64.6463]]]}},{"type":"Feature","properties":{},"geometry":{"type":"Polygon","coordinates":[[[-108.9291,64.6003],[-109.0903,64.587],[-109.0618,64.7268],[-108.9303,64.7059],[-108.8209,64.5518],[-108.9291,64.6003]]]}},{"type":"Feature","properties":{},"geometry":{"type":"Polygon","coordinates":[[[-109.2509,64.5937],[-109.3398,64.6552],[-109.3471,64.7575],[-109.2403,64.7402],[-109.284,64.7017],[-109.272,64.662],[-109.1495,64.5804],[-109.1605,64.5474],[-109.2729,64.5363],[-109.2509,64.5937]]]}},{"type":"Feature","properties":{},"geometry":{"type":"Polygon","coordinates":[[[-78.8664,71.1603],[-78.6711,71.1119],[-79.211,71.0968],[-79.3667,71.1494],[-78.8664,71.1603]]]}},{"type":"Feature","properties":{},"geometry":{"type":"Polygon","coordinates":[[[-104.5114,69.7184],[-104.6457,69.7327],[-104.8621,69.8555],[-104.3583,69.8154],[-104.3882,69.7557],[-104.5114,69.7184]]]}},{"type":"Feature","properties":{},"geometry":{"type":"Polygon","coordinates":[[[-98.3823,67.3842],[-98.2287,67.3321],[-98.4211,67.192],[-98.5459,67.2427],[-98.4859,67.4209],[-98.3823,67.3842]]]}},{"type":"Feature","properties":{},"geometry":{"type":"Polygon","coordinates":[[[-96.2846,55.2377],[-95.7888,55.4002],[-95.7021,55.4014],[-95.6757,55.3641],[-95.7334,55.3075],[-96.1065,55.2172],[-96.2846,55.2377]]]}},{"type":"Feature","properties":{},"geometry":{"type":"Polygon","coordinates":[[[-102.3633,54.5775],[-102.2872,54.7154],[-102.1972,54.738],[-102.1161,54.7076],[-102.1058,54.5984],[-102.169,54.4553],[-102.3402,54.4749],[-102.3783,54.5164],[-102.3633,54.5775]]]}},{"type":"Feature","properties":{},"geometry":{"type":"Polygon","coordinates":[[[-105.8125,54.2341],[-105.7141,54.4925],[-105.5676,54.4595],[-105.5697,54.3274],[-105.6726,54.2223],[-105.7554,54.0551],[-105.8048,54.0778],[-105.8125,54.2341]]]}},{"type":"Feature","properties":{},"geometry":{"type":"Polygon","coordinates":[[[-70.9325,53.5188],[-70.9355,53.483],[-70.8433,53.427],[-70.8647,53.4068],[-70.9805,53.4309],[-71.1254,53.5653],[-71.0188,53.5957],[-70.9325,53.5188]]]}},{"type":"Feature","properties":{},"geometry":{"type":"Polygon","coordinates":[[[-60.9044,52.5496],[-60.6004,52.3201],[-60.6479,52.3154],[-60.9675,52.5162],[-61.2969,52.6034],[-61.1386,52.6192],[-60.9044,52.5496]]]}},{"type":"Feature","properties":{},"geometry":{"type":"Polygon","coordinates":[[[-111.9956,64.6598],[-111.988,64.6902],[-112.3434,64.8988],[-112.1144,64.848],[-111.8872,64.7006],[-111.9662,64.6378],[-111.9956,64.6598]]]}},{"type":"Feature","properties":{},"geometry":{"type":"Polygon","coordinates":[[[-83.6109,48.3783],[-83.7812,48.3045],[-83.9251,48.3071],[-83.7211,48.4208],[-83.5725,48.4244],[-83.4292,48.506],[-83.468,48.4337],[-83.6109,48.3783]]]}},{"type":"Feature","properties":{},"geometry":{"type":"Polygon","coordinates":[[[-107.0625,55.82],[-107.011,55.8901],[-106.8804,55.9083],[-106.9733,55.815],[-107.0625,55.82]]]}},{"type":"Feature","properties":{},"geometry":{"type":"Polygon","coordinates":[[[-106.4722,55.6309],[-106.5392,55.6888],[-106.3436,55.7599],[-106.3413,55.6619],[-106.4722,55.6309]]]}},{"type":"Feature","properties":{},"geometry":{"type":"Polygon","coordinates":[[[-102.5967,62.6575],[-102.5514,62.4987],[-102.5763,62.45],[-102.7366,62.4103],[-102.6771,62.5602],[-102.7736,62.7042],[-102.6604,62.7596],[-102.5967,62.6575]]]}},{"type":"Feature","properties":{},"geometry":{"type":"Polygon","coordinates":[[[-103.4474,61.3656],[-103.478,61.4312],[-103.4563,61.5131],[-103.2105,61.6769],[-103.1436,61.653],[-103.4474,61.3656]]]}},{"type":"Feature","properties":{},"geometry":{"type":"Polygon","coordinates":[[[-103.8362,58.6091],[-103.7858,58.691],[-103.6627,58.7017],[-103.5999,58.6611],[-103.6684,58.545],[-103.8362,58.6091]]]}},{"type":"Feature","properties":{},"geometry":{"type":"Polygon","coordinates":[[[-69.1535,56.5069],[-69.077,56.2718],[-68.7951,56.0548],[-69.1212,56.2475],[-69.1889,56.3259],[-69.1953,56.4275],[-69.2736,56.5037],[-69.1275,56.6499],[-69.1535,56.5069]]]}},{"type":"Feature","properties":{},"geometry":{"type":"Polygon","coordinates":[[[-88.9297,66.5769],[-89.0885,66.4834],[-89.0745,66.5559],[-88.7918,66.633],[-88.9297,66.5769]]]}},{"type":"Feature","properties":{},"geometry":{"type":"Polygon","coordinates":[[[-88.2025,66.6327],[-88.0911,66.6049],[-88.2126,66.5815],[-88.3962,66.6568],[-88.7103,66.5969],[-88.615,66.7108],[-88.567,66.7142],[-88.3411,66.7053],[-88.2025,66.6327]]]}},{"type":"Feature","properties":{},"geometry":{"type":"Polygon","coordinates":[[[122.8231,-23.6847],[122.6075,-23.4692],[122.703,-23.274],[122.879,-23.2545],[122.9319,-23.2775],[122.9264,-23.5909],[122.8231,-23.6847]]]}},{"type":"Feature","properties":{},"geometry":{"type":"Polygon","coordinates":[[[128.6012,-22.6476],[128.3848,-22.5979],[128.317,-22.4912],[128.3409,-22.4045],[128.7943,-22.2204],[129.0003,-22.0088],[129.2155,-22.0352],[129.201,-22.0847],[129.0715,-22.1736],[129.0605,-22.2708],[129.2188,-22.3664],[129.2152,-22.4171],[128.8985,-22.654],[128.8198,-22.6776],[128.6012,-22.6476]]]}},{"type":"Feature","properties":{},"geometry":{"type":"Polygon","coordinates":[[[135.8961,-32.326],[135.9205,-32.1501],[136.0516,-31.9016],[135.8522,-31.7429],[135.7879,-31.6172],[135.6372,-31.5902],[135.6106,-31.5143],[135.6378,-31.4022],[135.4393,-31.232],[135.4289,-31.0634],[135.6053,-31.1892],[135.7765,-31.2379],[135.9554,-31.2248],[136.08,-31.2541],[136.1063,-31.3048],[136.1098,-31.4153],[136.2034,-31.5775],[136.3122,-31.9264],[136.2564,-32.2115],[136.1847,-32.2535],[136.0557,-32.2095],[135.9745,-32.2297],[135.8961,-32.326]]]}},{"type":"Feature","properties":{},"geometry":{"type":"Polygon","coordinates":[[[137.8298,-31.7171],[137.7479,-31.897],[137.6013,-31.7779],[137.7034,-31.6638],[137.7326,-31.326],[137.5311,-31.1062],[137.6593,-31.0268],[137.6257,-30.6725],[137.5952,-30.6329],[137.4265,-30.6293],[137.3282,-30.3651],[137.2117,-30.223],[137.2268,-30.1788],[137.3231,-30.2173],[137.4822,-30.3835],[137.7461,-30.4939],[137.928,-30.7168],[138.0015,-30.8743],[138.0257,-31.0604],[138.1326,-31.2588],[138.1112,-31.3925],[137.8298,-31.7171]]]}},{"type":"Feature","properties":{},"geometry":{"type":"Polygon","coordinates":[[[119.7977,-29.5053],[119.7857,-29.5804],[119.6358,-29.5495],[119.6931,-29.4525],[119.6358,-29.3378],[119.6677,-29.2101],[119.5804,-29.188],[119.5477,-29.2164],[119.5168,-29.5054],[119.4417,-29.5539],[119.3815,-29.5421],[119.4374,-29.2364],[119.3304,-29.2353],[119.2036,-29.3511],[119.1419,-29.2805],[119.1293,-29.1145],[119.3977,-28.9939],[119.5485,-29.0566],[119.6502,-29.0269],[119.7636,-28.8881],[119.9383,-28.882],[120.0062,-28.9277],[119.993,-28.9807],[119.8766,-28.9433],[119.6833,-29.1204],[119.8229,-29.4133],[119.7977,-29.5053]]]}},{"type":"Feature","properties":{},"geometry":{"type":"Polygon","coordinates":[[[139.938,-30.9645],[139.8765,-31.084],[139.8005,-31.1238],[139.6132,-31.0111],[139.4884,-30.8768],[139.9514,-30.3212],[140.0111,-30.3406],[140.044,-30.4226],[139.938,-30.9645]]]}},{"type":"Feature","properties":{},"geometry":{"type":"Polygon","coordinates":[[[137.6606,-29.3482],[137.3742,-29.4538],[137.1106,-29.4495],[137.1195,-29.3465],[137.1997,-29.2452],[137.698,-29.1306],[137.7201,-29.1967],[137.6606,-29.3482]]]}},{"type":"Feature","properties":{},"geometry":{"type":"Polygon","coordinates":[[[137.9141,-29.0997],[137.7774,-29.038],[137.3439,-29.0251],[137.2394,-28.8924],[137.1457,-28.887],[137.0749,-29.0137],[137.0184,-29.0148],[136.9487,-28.953],[136.8944,-28.8321],[136.9223,-28.6889],[136.8826,-28.4498],[136.966,-28.3941],[136.99,-28.3141],[136.8888,-28.0637],[136.7845,-28.0185],[136.7998,-27.9672],[137.0334,-27.8585],[137.328,-27.9744],[137.4526,-28.0868],[137.7019,-28.1427],[137.7201,-28.2795],[137.7735,-28.3504],[137.7333,-28.3897],[137.676,-28.6455],[137.9053,-28.9851],[138.0142,-29.0508],[138.01,-29.0909],[137.9141,-29.0997]]]}}]}
