{"type":"FeatureCollection","features":[{"type":"Feature","properties":{},"geometry":{"type":"MultiLineString","coordinates":[[[37.113,11.855],[37.1504,11.8938],[37.2643,11.9029],[37.3872,11.6323]]]}},{"type":"Feature","properties":{},"geometry":{"type":"MultiLineString","coordinates":[[[38.5612,35.8626],[38.2462,35.9511],[38.0785,36.0741],[38.0658,36.114],[38.188,36.2843],[38.1839,36.3425]]]}},{"type":"Feature","properties":{},"geometry":{"type":"MultiLineString","coordinates":[[[31.3667,2.1934],[31.3556,2.2542],[31.4747,2.4004]]]}},{"type":"Feature","properties":{},"geometry":{"type":"MultiLineString","coordinates":[[[137.0699,50.4541],[137.1014,50.2981],[137.0567,50.2157],[136.8721,50.0979],[136.7712,49.9146],[136.8105,49.7593]],[[140.1141,51.7636],[139.8577,51.5788]]]}},{"type":"Feature","properties":{},"geometry":{"type":"MultiLineString","coordinates":[[[106.4973,52.3831],[106.4378,52.4149],[106.2206,52.3601],[105.5558,51.9078],[105.1413,51.8164],[104.9899,51.8186],[104.8657,51.8715]],[[103.3742,53.1073],[103.4035,53.2821],[103.3842,53.5943],[103.2789,53.7967],[103.0874,54.0323],[103.0578,54.2183],[103.19,54.3549],[103.2508,54.4815],[103.2402,54.5982],[103.1074,54.7738],[103.1327,54.8921],[103.3293,55.1804],[103.2153,55.4699],[103.1506,55.7768],[103.0711,55.8275],[102.9646,56.0572],[102.8916,56.1273],[102.5442,56.1946],[101.8629,56.0718],[101.7774,56.1658],[101.8032,56.2908]],[[102.674,57.9431],[102.6512,57.7895],[102.3713,57.4456],[102.338,57.1948],[102.358,57.0037]]]}},{"type":"Feature","properties":{},"geometry":{"type":"MultiLineString","coordinates":[[[-111.0156,58.691],[-111.075,58.5048]],[[-111.2804,58.7885],[-111.142,58.6955],[-111.0156,58.6911]]]}},{"type":"Feature","properties":{},"geometry":{"type":"MultiLineString","coordinates":[[[-114.3769,34.5397],[-114.371,34.4885],[-114.1251,34.3172],[-114.1635,34.2534]],[[-114.591,35.3528],[-114.6621,35.5453],[-114.6452,35.6305]],[[-114.7414,36.0135],[-114.6691,36.1217],[-114.5053,36.1564],[-114.4061,36.1483],[-114.1832,36.0303],[-114.0046,36.1951],[-113.7599,36.0066],[-113.6358,35.8309]],[[-110.3677,37.8979],[-110.4699,37.7015],[-110.6923,37.4832],[-110.9156,37.1566],[-111.4309,37.0035],[-111.4734,36.9321]],[[-105.8208,40.1846],[-105.8614,40.1647]]]}},{"type":"Feature","properties":{},"geometry":{"type":"MultiLineString","coordinates":[[[-118.0722,48.6639],[-118.1745,48.5121],[-118.1985,48.4043],[-118.1682,48.2324]],[[-118.0925,49.8015],[-118.1304,49.664],[-118.0974,49.4838],[-117.9072,49.3416]],[[-117.9057,50.682],[-117.9165,50.4648],[-117.8273,50.159],[-117.8802,50.1031]],[[-117.5171,51.6592],[-117.8727,51.8702]],[[-118.5266,52.1021],[-118.3662,52.09]]]}},{"type":"Feature","properties":{},"geometry":{"type":"MultiLineString","coordinates":[[[33.5399,46.8312],[33.8587,47.1492],[33.9758,47.3072],[33.9975,47.4112],[34.1549,47.4896],[34.4479,47.5422],[35.088,47.5275],[35.1381,47.5733],[35.1488,47.6575],[35.1057,47.8416]],[[33.194,49.0939],[31.8865,49.5547]],[[31.4399,50.0001],[31.4797,49.9329],[31.4674,49.7542]],[[30.5076,51.2173],[30.4777,50.9043],[30.5147,50.5966]]]}},{"type":"Feature","properties":{},"geometry":{"type":"MultiLineString","coordinates":[[[34.3796,11.7831],[34.4092,11.6389],[34.7775,11.2964]]]}},{"type":"Feature","properties":{},"geometry":{"type":"MultiLineString","coordinates":[[[83.3637,49.6438],[83.9595,49.3794],[84.2041,49.162],[83.5327,48.8887],[83.4504,48.6685],[83.5243,48.4545],[83.5868,48.4044],[83.589,48.359],[83.5065,48.2727],[83.5155,48.2218],[84.0725,47.9023],[84.2846,47.7342],[84.3568,47.7321]]]}},{"type":"Feature","properties":{},"geometry":{"type":"MultiLineString","coordinates":[[[38.7678,38.8128],[38.8126,38.875],[38.7396,39.0784]]]}},{"type":"Feature","properties":{},"geometry":{"type":"MultiLineString","coordinates":[[[-44.3871,-21.4647],[-44.6162,-21.318]],[[-45.2046,-21.0926],[-45.4432,-21.011],[-45.8468,-20.6862],[-45.9507,-20.7139],[-46.0784,-20.6705],[-46.3259,-20.6675]],[[-47.0733,-20.2843],[-46.741,-20.4797],[-46.5871,-20.6228]],[[-50.9941,-20.1017],[-50.5821,-19.8201]],[[-49.3849,-19.98],[-50.3647,-19.8583]]]}},{"type":"Feature","properties":{},"geometry":{"type":"MultiLineString","coordinates":[[[97.2883,34.8354],[97.2478,34.8893],[97.072,34.9306]],[[97.7629,35.0881],[97.7137,34.9619],[97.5459,34.876]]]}},{"type":"Feature","properties":{},"geometry":{"type":"MultiLineString","coordinates":[[[72.7816,34.6225],[72.8476,34.258],[72.8016,34.1477],[72.707,34.0856]]]}},{"type":"Feature","properties":{},"geometry":{"type":"MultiLineString","coordinates":[[[-121.9212,42.4751],[-121.8094,42.2512]]]}},{"type":"Feature","properties":{},"geometry":{"type":"MultiLineString","coordinates":[[[-70.8432,53.427],[-70.9484,53.4393],[-71.1168,53.5908]],[[-72.0338,53.5979],[-71.9257,53.5716],[-71.8165,53.6459]],[[-74.4333,53.6845],[-74.852,53.628],[-75.8021,53.6642],[-75.8947,53.7105],[-77.0398,53.6772],[-77.3111,53.7318],[-77.4203,53.7979]]]}},{"type":"Feature","properties":{},"geometry":{"type":"MultiLineString","coordinates":[[[-117.6681,61.3078],[-117.2212,61.1504],[-116.3349,61.0515],[-115.8097,61.0732],[-115.0724,61.2992],[-114.5692,61.3393],[-113.7036,61.2461]]]}},{"type":"Feature","properties":{},"geometry":{"type":"MultiLineString","coordinates":[[[-111.0997,44.7565],[-111.189,44.7712],[-111.3091,44.8684]]]}},{"type":"Feature","properties":{},"geometry":{"type":"MultiLineString","coordinates":[[[-94.3265,47.4056],[-94.1436,47.4641],[-94.0941,47.4328]],[[-94.5068,47.4564],[-94.6371,47.44]]]}},{"type":"Feature","properties":{},"geometry":{"type":"MultiLineString","coordinates":[[[-99.3649,43.9909],[-99.3276,43.894],[-99.4419,43.6745],[-99.3466,43.5995],[-99.3127,43.5149],[-98.882,43.1917],[-98.5597,43.0599]],[[-111.5157,46.3625],[-111.5854,46.5439],[-111.6973,46.6616]],[[-100.7772,46.7133],[-100.6255,46.6084],[-100.5685,46.5133],[-100.5558,46.3932],[-100.6137,46.1962],[-100.5566,46.0412],[-100.3995,45.8223],[-100.3686,45.6737],[-100.4331,45.6126],[-100.4331,45.5348],[-100.3419,45.4485],[-100.2972,45.3159],[-100.3208,45.0531],[-100.4025,44.9929],[-100.4438,44.854],[-100.5046,44.8005],[-100.6966,44.7762],[-100.5622,44.5041],[-100.3937,44.4344]],[[-101.4001,47.5058],[-101.4279,47.5517],[-101.7721,47.5333],[-102.1614,47.5977],[-102.2688,47.6687],[-102.3454,47.7994],[-102.5903,47.824],[-102.6199,47.881],[-102.5797,47.965],[-102.6145,48.038],[-102.8728,48.1374],[-103.1794,48.1362],[-103.414,48.0356],[-103.6313,48.115],[-103.7723,48.0273]],[[-106.4056,48.0203],[-106.5999,47.8219],[-106.8793,47.707],[-107.3846,47.6939],[-107.4732,47.6448],[-107.5755,47.6525],[-107.8877,47.502],[-107.9402,47.5812],[-108.1963,47.6016]]]}},{"type":"Feature","properties":{},"geometry":{"type":"MultiLineString","coordinates":[[[-1.7128,8.6306],[-1.376,8.7618],[-1.1766,8.6724],[-0.9762,8.6616]]]}},{"type":"Feature","properties":{},"geometry":{"type":"MultiLineString","coordinates":[[[147.0431,-36.108],[147.1571,-36.0355],[147.2718,-36.0491]],[[146.0281,-36.0145],[146.2159,-36.0559]]]}},{"type":"Feature","properties":{},"geometry":{"type":"MultiLineString","coordinates":[[[73.3003,41.7762],[72.7708,41.7624],[72.6537,41.6674]]]}},{"type":"Feature","properties":{},"geometry":{"type":"MultiLineString","coordinates":[[[31.0428,59.951],[31.1809,59.983],[31.2737,60.0539],[31.414,60.2348]]]}},{"type":"Feature","properties":{},"geometry":{"type":"MultiLineString","coordinates":[[[4.6257,9.8645],[4.5294,10.2385],[4.5371,10.4247],[4.6566,10.6093]],[[-3.9795,15.2812],[-4.2474,15.4215],[-4.3039,15.507]]]}},{"type":"Feature","properties":{},"geometry":{"type":"MultiLineString","coordinates":[[[32.8795,23.9877],[32.9087,23.8085],[32.8718,23.5914],[32.9141,23.3319],[32.5869,22.8757],[32.5761,22.8064],[32.4183,22.6715],[32.3263,22.6529],[32.1371,22.7335],[32.0417,22.6991],[31.4,22.0931],[31.2802,21.8446],[31.0906,21.6092]]]}},{"type":"Feature","properties":{},"geometry":{"type":"MultiLineString","coordinates":[[[83.0254,54.8452],[82.3124,54.4909],[81.7405,54.2689],[81.5221,54.1041],[81.3906,54.0523],[81.3272,53.9911],[81.3341,53.8856]]]}},{"type":"Feature","properties":{},"geometry":{"type":"MultiLineString","coordinates":[[[-50.4897,-19.0204],[-50.4576,-18.8766],[-50.247,-18.6902],[-49.9601,-18.6164],[-49.7888,-18.6145]],[[-48.227,-18.3403],[-48.9525,-18.3264],[-49.1084,-18.3884]],[[-47.4465,-18.1707],[-47.7861,-18.3795],[-47.9288,-18.4454],[-48.0173,-18.4343]]]}},{"type":"Feature","properties":{},"geometry":{"type":"MultiLineString","coordinates":[[[-54.6106,-25.4327],[-54.4363,-25.1213],[-54.4541,-25.0652],[-54.281,-24.3061],[-54.3183,-24.1281],[-54.2669,-24.0659]],[[-51.9364,-21.4228],[-51.9548,-21.4695],[-52.0476,-21.511],[-52.1226,-21.7183],[-52.4026,-22.0691],[-52.9608,-22.4548]],[[-50.9975,-19.6676],[-50.9941,-20.1017],[-51.0639,-20.223],[-51.3971,-20.4419]]]}},{"type":"Feature","properties":{},"geometry":{"type":"MultiLineString","coordinates":[[[-122.2217,56.0212],[-122.4822,56.1121],[-122.6907,56.1235],[-123.1516,56.0053],[-123.9124,56.0106],[-124.0831,56.0848],[-124.3093,56.2556],[-124.6207,56.5875],[-124.8356,56.7569]],[[-113.8234,58.7102],[-113.7135,58.6693]]]}},{"type":"Feature","properties":{},"geometry":{"type":"MultiLineString","coordinates":[[[9.1275,47.6707],[8.8811,47.6564]],[[9.1828,47.6707],[9.5544,47.5112]]]}},{"type":"Feature","properties":{},"geometry":{"type":"MultiLineString","coordinates":[[[-99.4565,27.0566],[-99.2299,26.7619],[-99.1721,26.5641]],[[-101.039,29.4604],[-101.3035,29.6341]],[[-107.2934,32.9104],[-107.2808,33.1143]],[[-107.1814,33.1732],[-107.17,33.3557]]]}},{"type":"Feature","properties":{},"geometry":{"type":"MultiLineString","coordinates":[[[-122.3692,40.7634],[-122.4106,40.7214]]]}},{"type":"Feature","properties":{},"geometry":{"type":"MultiLineString","coordinates":[[[-84.7698,11.1175],[-84.9778,11.2075],[-85.2532,11.4525],[-85.8714,12.0978]]]}},{"type":"Feature","properties":{},"geometry":{"type":"MultiLineString","coordinates":[[[-99.2296,53.1851],[-98.0825,53.4364],[-97.9136,53.5186]],[[-100.3225,53.5925],[-100.1632,53.5032],[-99.9764,53.2682],[-99.8523,53.2123],[-99.5427,53.2274],[-99.3303,53.1594]],[[-103.4212,53.652],[-103.5797,53.629],[-103.8909,53.4808]],[[-102.4371,53.9816],[-102.3806,53.9664]]]}},{"type":"Feature","properties":{},"geometry":{"type":"MultiLineString","coordinates":[[[35.2573,-14.5043],[35.2778,-14.7575]]]}},{"type":"Feature","properties":{},"geometry":{"type":"MultiLineString","coordinates":[[[99.4267,51.3487],[99.3098,51.4104]]]}},{"type":"Feature","properties":{},"geometry":{"type":"MultiLineString","coordinates":[[[-113.3163,42.6536],[-113.4722,42.675]],[[-112.8637,42.813],[-112.6395,43.0235]],[[-111.0479,43.2065],[-111.1859,43.3383]]]}},{"type":"Feature","properties":{},"geometry":{"type":"MultiLineString","coordinates":[[[39.0535,59.8684],[39.5001,59.6158],[39.6864,59.53],[39.7986,59.5252]]]}},{"type":"Feature","properties":{},"geometry":{"type":"MultiLineString","coordinates":[[[31.414,60.2348],[31.5946,60.4077],[32.0855,60.6286],[32.3564,60.6546],[32.6111,60.5976],[32.8211,60.4833]]]}},{"type":"Feature","properties":{},"geometry":{"type":"MultiLineString","coordinates":[[[70.355,40.4354],[70.3185,40.3712],[70.1865,40.3305],[69.827,40.2727]],[[68.4558,41.1068],[68.0505,41.1652],[67.9908,41.2547]],[[61.7602,46.0211],[61.5624,46.1095]]]}},{"type":"Feature","properties":{},"geometry":{"type":"MultiLineString","coordinates":[[[-45.0887,-19.0509],[-45.2025,-18.5913],[-45.2487,-18.5006],[-45.3235,-18.4591],[-45.3361,-18.3795],[-45.2616,-18.2033]],[[-43.1499,-11.143],[-43.0574,-10.9877],[-42.6329,-10.6376],[-42.4998,-10.4275],[-42.4037,-10.0904],[-42.2089,-9.9111],[-42.1284,-9.768],[-41.9102,-9.6956],[-41.3353,-9.6764],[-41.2529,-9.643],[-41.1016,-9.4527],[-41.0032,-9.4057],[-40.8182,-9.4383]]]}},{"type":"Feature","properties":{},"geometry":{"type":"MultiLineString","coordinates":[[[-5.9956,39.8519],[-5.8509,39.8072],[-5.2149,39.8123]],[[-2.7336,40.5282],[-2.5768,40.7244]]]}},{"type":"Feature","properties":{},"geometry":{"type":"MultiLineString","coordinates":[[[-86.8985,34.5748],[-87.3996,34.8186],[-87.5724,34.8181],[-87.7005,34.7734]],[[-87.9754,35.9452],[-88.0036,35.9615],[-87.9488,36.1],[-87.9594,36.2158],[-88.0235,36.3587],[-88.0567,36.5903],[-88.2833,37.0215]]]}},{"type":"Feature","properties":{},"geometry":{"type":"MultiLineString","coordinates":[[[-132.0954,59.6071],[-132.3526,59.9207],[-132.5452,60.0689],[-132.9604,60.2623],[-133.2448,60.4486]]]}},{"type":"Feature","properties":{},"geometry":{"type":"MultiLineString","coordinates":[[[-104.8336,63.0715],[-104.7293,63.1281],[-104.7057,63.2697]],[[-96.2734,64.3014],[-95.4477,64.1579],[-94.8113,64.1261],[-94.4291,64.0414],[-94.225,64.0762]],[[-101.8111,64.4113],[-101.5362,64.4932]],[[-97.1033,64.7613],[-97.163,64.7148],[-97.5106,64.7505],[-98.326,64.6787],[-98.4928,64.5551],[-98.8643,64.4868],[-99.0034,64.4908],[-99.104,64.5517],[-99.2931,64.5828],[-99.9488,64.6391],[-100.3996,64.5731],[-100.7951,64.6041]]]}},{"type":"Feature","properties":{},"geometry":{"type":"MultiLineString","coordinates":[[[-49.6872,-3.8348],[-49.6393,-4.2111],[-49.5463,-4.5462],[-49.2801,-5.2179],[-49.2096,-5.3031],[-49.1151,-5.3349],[-48.9372,-5.3029]]]}},{"type":"Feature","properties":{},"geometry":{"type":"MultiLineString","coordinates":[[[58.8351,52.1968],[58.7395,51.786],[58.6309,51.6951]]]}},{"type":"Feature","properties":{},"geometry":{"type":"MultiLineString","coordinates":[[[26.0908,-27.6035],[26.0368,-27.6985],[25.8652,-27.5941],[25.6223,-27.6685]],[[28.4967,-26.9908],[28.1237,-26.8666]]]}},{"type":"Feature","properties":{},"geometry":{"type":"MultiLineString","coordinates":[[[91.5109,53.7354],[91.4544,53.8302],[91.5505,54.0788],[91.2687,54.4792],[91.0158,54.6278],[90.9386,54.7217],[90.9884,54.9258],[91.0622,55.0035],[91.8549,55.1762],[92.1823,55.2914],[92.4084,55.5031]]]}},{"type":"Feature","properties":{},"geometry":{"type":"MultiLineString","coordinates":[[[33.1873,0.4282],[33.2589,0.3786],[33.2316,0.2943],[33.1294,0.1588],[32.8971,-0.3376],[32.7444,-0.5454],[32.5597,-0.6755],[32.2924,-0.7893],[31.7676,-0.9357]],[[32.5447,1.5218],[32.6143,1.4545],[32.8353,1.4047],[32.8931,1.3114]],[[32.241,1.6658],[32.4754,1.5516]]]}},{"type":"Feature","properties":{},"geometry":{"type":"MultiLineString","coordinates":[[[18.8105,49.925],[18.9369,49.9319]]]}},{"type":"Feature","properties":{},"geometry":{"type":"MultiLineString","coordinates":[[[45.6636,50.2223],[45.8312,50.3573],[45.8358,50.4571],[45.6752,50.6965],[45.9809,50.8241],[46.0438,50.925],[46.0226,50.9997],[45.8358,51.1882],[45.8697,51.3219],[45.9793,51.4647],[46.3654,51.7458],[46.4772,51.7732],[46.7746,51.7479]],[[49.0589,55.4827],[49.2851,55.2344],[49.2481,55.113],[49.0235,55.0358],[48.9002,54.9099],[48.8783,54.7356],[48.782,54.617],[48.5071,54.4891],[48.4584,54.257],[48.8334,53.9783],[48.9645,53.8269],[49.0062,53.5794],[49.1044,53.4827],[49.9048,53.4567]],[[43.4324,56.675],[43.3439,56.7334],[43.0885,57.1189],[43.1778,57.329],[42.8743,57.4096],[42.5758,57.4155]],[[37.1511,56.7534],[36.8818,56.7829],[36.5198,56.6427],[36.3746,56.7064]],[[37.7609,57.2908],[37.9438,57.3117],[38.3009,57.5716]],[[41.3425,57.4933],[41.2061,57.5171],[40.8376,57.7995],[40.4944,57.7547],[40.0071,57.5667]],[[38.4371,58.0175],[38.3259,58.0829],[38.3192,58.1497],[38.4077,58.2876],[38.704,58.1131]]]}},{"type":"Feature","properties":{},"geometry":{"type":"MultiLineString","coordinates":[[[-0.9762,8.6616],[-0.7257,8.3624],[-0.1531,7.9451],[0.1546,7.3942],[0.2093,7.3597],[0.2184,7.0498],[0.1602,6.863],[0.194,6.6879],[0.1076,6.5507],[0.1034,6.3382]]]}},{"type":"Feature","properties":{},"geometry":{"type":"MultiLineString","coordinates":[[[27.0208,-17.9584],[27.2713,-17.6427],[27.4378,-17.512],[27.7565,-17.0604],[27.9322,-16.8962],[28.3998,-16.6628],[28.7607,-16.5319]],[[32.7084,-15.5792],[32.497,-15.5654],[32.1841,-15.6466],[31.9243,-15.6668],[31.3291,-15.6621],[31.2126,-15.7038],[30.7964,-15.642]]]}},{"type":"Feature","properties":{},"geometry":{"type":"MultiLineString","coordinates":[[[-103.2195,61.681],[-103.1922,61.643],[-103.3718,61.5005],[-103.4474,61.3656]],[[-102.9194,62.3185],[-102.9089,62.2811],[-102.7136,62.1818],[-103.0491,61.9785],[-103.1577,61.8362]],[[-100.552,62.3551],[-100.0744,62.227],[-99.8405,62.2133],[-99.6167,62.3004]],[[-101.1628,62.3667],[-100.7348,62.3555]],[[-101.831,62.52],[-101.8465,62.4507],[-101.7754,62.3139],[-101.654,62.2945],[-101.3663,62.3499]],[[-98.3497,62.6156],[-98.2399,62.7166],[-97.8407,62.7643],[-97.6974,62.8215],[-97.6302,62.9793]],[[-101.5294,62.664],[-101.5372,62.7909],[-101.66,62.9185],[-102.0347,62.9246]],[[-102.6604,62.7596],[-102.6801,62.6938],[-102.6222,62.5826],[-102.6344,62.5173],[-102.7355,62.4108]],[[-97.459,63.1575],[-97.2872,63.5141]],[[-95.8783,63.6565],[-96.5694,63.608],[-96.9519,63.6366]],[[-95.4975,64.0507],[-95.4475,64.158]]]}},{"type":"Feature","properties":{},"geometry":{"type":"MultiLineString","coordinates":[[[37.179,11.0358],[37.022,11.1919],[36.9809,11.287],[37.0498,11.5801],[37.18,11.7549],[37.113,11.8551]]]}},{"type":"Feature","properties":{},"geometry":{"type":"MultiLineString","coordinates":[[[37.3867,11.634],[37.3934,11.5708],[37.5599,11.5036],[37.812,11.2876],[38.4622,11.0368],[38.5138,10.7721],[38.5032,10.5047],[38.4386,10.1993],[38.3757,10.1357],[37.8387,9.9112],[37.66,9.8838],[37.4905,10.0207],[37.3083,10.0401],[37.2119,10.1245],[37.1588,10.2664],[36.6773,10.3602],[36.5408,10.4038],[36.4834,10.4695],[36.3203,10.2323],[36.207,10.1551],[36.0552,10.1435],[35.8493,10.0356],[35.7258,10.0299],[35.7204,9.9981],[35.3534,10.1551]]]}},{"type":"Feature","properties":{},"geometry":{"type":"MultiLineString","coordinates":[[[38.56,35.8633],[38.9157,35.9127],[39.2271,35.8808],[39.6126,35.7837],[39.8332,35.6832],[40.0043,35.4726],[40.3766,35.2254],[40.4748,35.0158],[40.6201,34.8373],[40.928,34.581],[40.9461,34.4584],[40.9926,34.4285]],[[38.0257,36.8356],[38.0564,36.7411],[38.2724,36.5581],[38.1839,36.3425]]]}},{"type":"Feature","properties":{},"geometry":{"type":"MultiLineString","coordinates":[[[32.0159,3.6137],[31.9353,3.528],[31.7238,3.4986],[31.4043,2.9507],[31.3876,2.804],[31.5153,2.4759],[31.4748,2.4007]]]}},{"type":"Feature","properties":{},"geometry":{"type":"MultiLineString","coordinates":[[[123.5661,56.5277],[123.1014,56.5583],[123.0633,56.6251],[123.1926,56.9533],[123.5554,57.3413],[123.5515,57.4068],[123.5981,57.4542],[123.5053,57.539],[123.5461,57.6507],[123.5799,57.6823],[123.7572,57.6689],[123.81,57.7181],[123.7192,57.9771],[123.7456,58.0745],[123.9553,58.2143],[124.021,58.3149],[124.2984,58.3655],[124.4446,58.6283],[124.5784,58.7204],[125.0318,58.8599],[125.1517,58.9878],[125.3038,59.0351],[125.3389,59.0655],[125.3094,59.1421],[125.3351,59.3158],[125.5266,59.2806],[125.7346,59.1496],[126.2654,58.9547],[127.0685,58.7425],[127.6567,58.8499],[127.7613,58.8254],[127.8555,58.7155],[127.9281,58.6891],[128.1571,58.8177],[128.329,58.7542],[128.4319,58.8264],[128.4778,58.8174],[128.5693,58.6941],[128.6879,58.6484],[128.7119,58.5885],[128.9995,58.5181],[129.3262,58.5445],[129.6581,58.4996],[130.2344,58.6446],[130.5856,58.6281],[130.6017,58.8352],[130.6497,58.8654],[130.9979,58.9376],[131.1408,58.9374],[131.2104,58.899],[131.3619,58.9655],[131.6481,58.9697],[131.8872,59.0667],[131.9503,59.1566],[132.2093,59.1768],[132.6382,59.372],[132.9598,59.4057],[133.0582,59.4593],[133.1011,59.5728],[133.1787,59.6349],[133.2913,59.6455],[134.1977,60.2673],[134.5538,60.4438],[134.7049,60.4599],[135.1044,60.3916],[135.1304,60.4464],[134.9267,60.6294],[134.9243,60.6848],[135.3623,60.9463],[135.5057,61.1869],[135.4618,61.3125],[135.504,61.3567],[135.3834,61.424],[135.3829,61.4699],[135.5334,61.6144],[135.2928,61.6618],[135.2151,61.718],[135.5296,61.8429],[135.5991,61.9819],[135.7094,62.0363],[135.7381,62.0945],[135.6852,62.1565],[135.7146,62.2119],[135.8262,62.2605],[135.8343,62.3152],[135.739,62.3757],[135.4891,62.6767],[135.2522,62.6218],[134.8977,62.6471],[134.332,62.8295],[134.184,62.9108],[134.1944,62.9616],[133.972,63.0073],[133.9462,63.0744],[133.8029,63.1318],[133.2236,63.0917],[133.1464,63.1773],[133.2087,63.2186],[133.2297,63.3445],[132.0176,63.3184],[131.3428,63.3861],[131.007,63.3126],[130.4311,63.3395],[129.3837,63.4899]]]}},{"type":"Feature","properties":{},"geometry":{"type":"MultiLineString","coordinates":[[[-77.86,41.8319],[-77.9989,41.7811],[-78.1966,41.7903],[-78.3301,41.8778],[-78.3668,41.9422],[-78.3512,42.0128],[-78.4198,42.0592],[-78.723,42.1437],[-78.7966,42.1275],[-78.9546,41.9848],[-78.9769,41.899],[-79.3079,41.7892],[-79.417,41.6499],[-79.4524,41.5059],[-79.6992,41.4471],[-79.8102,41.3735],[-79.8164,41.2642],[-79.6815,41.1547],[-79.6202,40.9921],[-79.515,40.9056],[-79.6983,40.6368],[-79.8298,40.5194],[-79.9909,40.4477]]]}},{"type":"Feature","properties":{},"geometry":{"type":"MultiLineString","coordinates":[[[-52.6642,-1.5518],[-52.8736,-1.6111],[-53.3578,-1.8384],[-53.8433,-1.9581],[-53.9711,-2.0383],[-54.0447,-2.1412],[-54.0642,-2.267],[-54.1867,-2.3575],[-54.4677,-2.4402],[-54.639,-2.4193],[-54.6938,-2.1841],[-54.7935,-2.1198],[-54.8726,-2.0886],[-55.1497,-2.1803],[-55.3752,-2.0827],[-55.5548,-1.924],[-55.6694,-1.9265],[-56.1295,-2.0795],[-56.5485,-2.5269],[-56.6763,-2.5747],[-57.0497,-2.5232],[-57.1433,-2.5514],[-57.5055,-2.3957],[-57.8828,-2.784],[-58.0347,-2.8476],[-58.135,-2.9586],[-58.1837,-3.1169],[-58.2681,-3.2143],[-58.4526,-3.1815],[-58.5493,-3.2052],[-58.689,-3.3423],[-58.8051,-3.3471],[-59.5836,-3.1086],[-59.8368,-3.0922],[-59.9575,-3.2374],[-60.105,-3.3056],[-60.5978,-3.3186],[-60.747,-3.3981],[-60.8582,-3.5383],[-61.0359,-3.6104],[-61.2802,-3.6141],[-61.4675,-3.676],[-61.717,-3.883],[-61.8927,-3.9468],[-62.3934,-3.7164],[-62.4494,-3.8019],[-62.5431,-3.8511],[-62.8629,-3.9383],[-63.0968,-4.0785],[-63.1522,-4.0715],[-63.2829,-3.9229],[-63.4496,-3.8709],[-63.8542,-3.8434],[-64.4583,-3.5237],[-65.1795,-2.8345],[-65.4587,-2.6635],[-65.48,-2.6155],[-65.761,-2.603],[-65.9006,-2.4931],[-66.1528,-2.4419],[-66.2689,-2.5317],[-66.334,-2.5367],[-66.5307,-2.4285],[-66.641,-2.6592],[-66.7062,-2.6918],[-66.9245,-2.7273],[-67.258,-2.6188],[-67.384,-2.6228],[-67.5724,-2.7792],[-67.7359,-2.8382],[-67.8463,-2.9278],[-67.9324,-3.108],[-67.9457,-3.2831],[-67.9879,-3.3259],[-68.2658,-3.3069],[-68.5957,-3.3454],[-69.0842,-3.4493],[-69.3519,-3.5527],[-69.3988,-3.6554],[-69.425,-3.9735],[-69.478,-4.0491],[-69.4809,-4.1114],[-69.4337,-4.1606],[-69.556,-4.2988],[-69.8465,-4.3305],[-69.9481,-4.2852],[-70.0172,-4.162],[-70.1675,-4.0502],[-70.2403,-3.8827],[-70.3395,-3.8143],[-71.0579,-3.9854],[-71.2833,-3.869],[-71.5214,-3.8264],[-71.623,-3.7615],[-71.6887,-3.6499],[-71.7894,-3.3592],[-72.2927,-3.5034],[-72.8905,-3.467],[-73.0937,-3.5623],[-73.1796,-3.6426],[-73.2114,-3.783],[-73.1922,-4.0992],[-73.3657,-4.1325],[-73.4886,-4.4448]]]}},{"type":"Feature","properties":{},"geometry":{"type":"MultiLineString","coordinates":[[[68.2121,37.0215],[68.0678,36.9498],[67.9579,36.972],[67.766,37.1401],[67.7529,37.1998],[67.5173,37.2667],[67.3197,37.2096],[67.1955,37.2352],[67.0689,37.3348],[66.8277,37.3713],[66.4718,37.3447],[66.1085,37.4148],[65.3368,37.7117],[65.2204,37.7974],[65.131,37.9376],[64.2723,38.4322],[63.9532,38.7995],[63.9039,38.9045],[63.4127,39.232],[63.0811,39.3435],[62.897,39.6079],[62.5731,39.8447],[62.4416,40.0362],[62.375,40.3321],[62.095,40.6833],[61.9028,41.0937],[61.6445,41.2399],[61.2631,41.3001],[60.527,41.8246],[60.4815,41.9192],[60.2911,42.0403],[60.1022,42.232],[59.7448,42.3415],[59.3222,42.5911],[59.3193,42.6974],[59.2103,42.8079],[59.2038,42.9041],[59.156,42.9655],[59.0967,43.2944]],[[59.0985,43.2917],[59.0967,43.2944]],[[59.0967,43.2944],[59.0496,43.5334],[59.2039,43.5813],[59.2554,43.633],[59.2601,43.7162],[59.0816,43.971],[59.2551,44.0663],[59.541,44.1483]],[[59.0967,43.2944],[59.0046,43.4231],[59.0189,43.732],[58.8311,43.8387],[58.6555,43.8718],[58.5701,43.9481],[58.5752,44.0675],[58.5122,44.202],[58.3157,44.4263]]]}},{"type":"Feature","properties":{},"geometry":{"type":"MultiLineString","coordinates":[[[136.8105,49.7593],[136.8425,49.7292],[136.8253,49.5949],[136.3938,49.3673],[136.2712,49.1711],[136.2748,49.0861],[136.1618,48.987],[135.7447,48.7642],[135.4448,48.7679],[135.1849,48.7045],[135.0771,48.6448],[135.0262,48.5705],[135.0324,48.4818],[134.9645,48.421],[134.2059,48.3599],[133.8422,48.2737],[133.4684,48.0972],[133.144,48.1056],[132.7728,47.9401],[132.7072,47.9473],[132.4763,47.715],[131.5568,47.682],[131.3194,47.7278],[131.0028,47.6915],[130.8486,47.9294],[130.7326,48.0192],[130.7121,48.1277],[130.8042,48.3415],[130.5521,48.6025],[130.6172,48.7732],[130.5531,48.8612],[130.196,48.8916],[130.0371,48.9723],[129.6711,49.2785],[129.5337,49.3234],[129.4982,49.3888],[129.3099,49.3538],[129.0651,49.3747],[129.0203,49.4193],[128.8194,49.4638],[128.7703,49.4947],[128.769,49.577],[128.704,49.6001],[128.2371,49.5593],[127.9996,49.5686],[127.8143,49.6221],[127.7112,49.6715],[127.5024,49.8734],[127.5124,50.0717],[127.5903,50.209]],[[139.8577,51.5788],[139.6024,51.5443],[139.2828,51.3737],[138.9181,51.3505],[138.825,51.2475],[138.6746,51.2071],[138.0681,50.856],[137.7077,50.7143],[137.1871,50.6067],[137.054,50.4933],[137.0699,50.4541]],[[140.1141,51.7637],[140.206,51.814],[140.182,51.9645],[140.2147,52.0465],[140.3853,52.2265],[140.4045,52.468],[140.262,52.5919],[140.1775,52.6099],[139.9962,52.8224],[139.8011,52.9219],[139.7566,53.032],[139.8627,53.1527],[140.0025,53.2152],[140.1763,53.2196],[140.6144,53.0914],[140.8397,53.0879]]]}},{"type":"Feature","properties":{},"geometry":{"type":"MultiLineString","coordinates":[[[104.8669,51.8702],[104.437,52.1651],[104.2046,52.3994],[103.9728,52.5396],[103.9449,52.6096],[103.71,52.799],[103.6976,52.8726],[103.3896,53.0316],[103.3742,53.1073]],[[101.8032,56.2908],[101.8172,56.5606],[101.7705,56.687],[101.5606,56.8006],[101.4491,56.8085],[101.3915,56.8478],[101.3874,56.9185],[101.6117,57.0017],[102.2393,56.8935],[102.3164,56.9195],[102.3581,57.004]],[[102.674,57.9431],[102.7951,58.1219],[102.8396,58.3729],[102.6591,58.6978],[102.4622,58.8364]],[[102.4891,58.8292],[102.4622,58.8364]],[[102.4622,58.8364],[102.1009,58.9325]],[[102.4622,58.8364],[102.1009,58.9325]],[[102.1009,58.9325],[101.2755,58.9407],[100.9797,58.8987],[100.9543,58.8303],[100.817,58.7576],[100.4371,58.6272],[100.4654,58.5],[100.4412,58.4386],[100.3615,58.3711],[100.2509,58.3463],[100.1096,58.364],[99.7536,58.5362],[99.1127,58.7173],[98.7877,58.6516],[98.5647,58.4764],[98.3215,58.4456],[97.5716,58.4084],[97.1707,58.4304],[96.9837,58.3934],[96.7646,58.491],[96.5139,58.5273],[95.7765,58.5221],[95.4184,58.4246],[94.9749,58.2025],[94.5992,58.14],[94.1076,58.1195],[93.4669,58.1677],[93.2788,58.1614],[93.0797,58.0863],[92.9981,58.1001]],[[102.1009,58.9325],[101.9478,58.9732]]]}},{"type":"Feature","properties":{},"geometry":{"type":"MultiLineString","coordinates":[[[-53.1151,-17.8548],[-53.2113,-17.4092],[-53.2016,-17.3016],[-53.0779,-17.0947],[-53.0241,-16.9103],[-52.6799,-16.576],[-52.615,-16.4265],[-52.4344,-16.2178],[-52.4167,-16.0824],[-52.2566,-15.9356],[-51.8473,-15.7471],[-51.5898,-15.1415],[-51.4714,-15.0441],[-51.1887,-14.9766],[-50.9775,-14.4634],[-50.9412,-14.2008],[-50.9086,-14.1073],[-50.8676,-14.0952],[-50.8614,-13.807],[-50.7996,-13.6118],[-50.5984,-13.2494],[-50.566,-13.0148],[-50.4842,-12.8436],[-50.566,-12.8197],[-50.6554,-12.667],[-50.6293,-12.4374],[-50.6535,-11.9223],[-50.7174,-11.7491],[-50.6658,-11.6518],[-50.7166,-11.4827],[-50.7079,-11.3457],[-50.6103,-11.0009],[-50.5992,-10.6898],[-49.9791,-9.2202],[-49.5019,-8.704],[-49.2827,-8.3014],[-49.1723,-7.8674],[-49.2203,-7.7521],[-49.334,-7.6491],[-49.3404,-7.51],[-49.2396,-7.3348],[-49.1961,-7.1667],[-49.2098,-7.0056],[-49.0796,-6.8562],[-48.8054,-6.7183],[-48.6529,-6.5958],[-48.5801,-6.4141],[-48.4102,-6.3575],[-48.3898,-6.1419],[-48.3194,-6.1124],[-48.3071,-5.9659],[-48.2543,-5.9452],[-48.2587,-5.7237],[-48.1593,-5.6192],[-48.3571,-5.4244],[-48.9372,-5.3029]]]}},{"type":"Feature","properties":{},"geometry":{"type":"MultiLineString","coordinates":[[[121.4054,53.3171],[120.9855,53.2846],[120.7041,53.1718],[120.0945,52.7872],[120.0443,52.7182],[120.0675,52.6329],[120.1727,52.6025],[120.36,52.627],[120.6561,52.5667],[120.6992,52.4936],[120.6503,52.3959],[120.6654,52.2999],[120.7445,52.2055],[120.7498,52.0965],[120.6815,51.9731],[120.5105,51.8485],[120.0669,51.6007],[119.967,51.4221],[119.8132,51.2671],[119.746,51.1077],[119.5123,50.8631],[119.4457,50.7028],[119.3441,50.6339],[119.2167,50.4325],[119.1637,50.406],[119.3016,50.3539],[119.3462,50.2789],[119.3261,50.1549],[119.2598,50.0664],[119.1475,50.0134],[118.756,49.9628],[118.4515,49.8445],[117.8735,49.5135]]]}},{"type":"Feature","properties":{},"geometry":{"type":"MultiLineString","coordinates":[[[-91.0771,33.7967],[-91.2166,33.9545],[-91.2986,33.9616],[-91.4391,34.0663],[-91.8436,34.2495],[-91.973,34.2749],[-92.109,34.4475],[-92.1551,34.6725],[-92.2252,34.7564],[-92.4468,34.877],[-92.5581,34.9934],[-92.5945,35.1188],[-92.7133,35.0949],[-92.8311,35.1614],[-93.0503,35.1847],[-93.3581,35.3633],[-93.5214,35.415],[-93.7966,35.4207],[-93.8636,35.4788],[-93.9575,35.4942],[-94.1394,35.4341],[-94.1621,35.3733],[-94.3576,35.4296],[-94.4297,35.4151],[-94.5293,35.3137],[-94.666,35.2997],[-94.9587,35.4252],[-95.2293,35.6052],[-95.2513,35.7465],[-95.2904,35.7805],[-95.6297,35.8162],[-95.6434,35.8746],[-95.864,35.9673],[-96.0041,36.1101],[-96.2598,36.1739],[-96.3156,36.2561],[-96.5208,36.312],[-96.5399,36.3819],[-96.7109,36.4726],[-96.7424,36.5389],[-96.9207,36.4689],[-96.9857,36.4865],[-96.9401,36.5786],[-97.0406,36.6191],[-97.053,36.6645],[-96.8377,36.7817],[-96.877,36.7974],[-96.9858,37.0584],[-97.0743,37.098],[-97.1346,37.1893],[-97.2367,37.4992],[-97.3441,37.6902],[-97.6948,37.9254],[-98.6331,38.346],[-98.8536,38.3082],[-99.0112,38.2225],[-99.4736,37.8049],[-99.6978,37.6969],[-100.7761,37.935],[-101.1274,37.971],[-101.3039,37.9182],[-101.6266,37.9498],[-102.0954,38.0659],[-102.5589,38.1181],[-103.5939,38.0476],[-104.2372,38.238],[-104.8258,38.2979],[-104.9404,38.3715],[-105.2831,38.4591],[-105.6541,38.3997],[-105.8322,38.4251],[-106.0894,38.6106],[-106.1354,38.8018],[-106.3808,39.2224]]]}},{"type":"Feature","properties":{},"geometry":{"type":"MultiLineString","coordinates":[[[-117.5745,52.1706],[-117.5516,52.2712],[-117.6736,52.5371],[-117.864,52.6473],[-118.0451,52.8722],[-118.0845,53.0179],[-117.9065,53.2632],[-117.1843,53.6764],[-117.193,53.7957],[-117.1083,53.9065],[-116.4143,54.2283],[-115.3734,54.1548],[-114.8587,54.3314],[-114.5358,54.3904],[-114.3322,54.5651],[-114.2653,54.8036],[-114.0493,55.1742]],[[-114.0425,55.168],[-113.7599,55.2285],[-113.599,55.1717],[-113.4655,55.0178],[-113.4126,54.9012],[-113.44,54.822],[-113.4105,54.7708],[-113.3237,54.7478],[-113.0774,54.9089],[-112.7335,55.0005],[-112.8497,55.1159],[-112.8202,55.198],[-112.7121,55.2913],[-112.7607,55.5375],[-112.7397,55.6477],[-112.6445,55.7156],[-112.614,55.7889],[-112.6583,55.9466],[-112.5555,56.1649],[-112.5795,56.2557],[-112.6825,56.3706],[-112.65,56.464],[-112.4818,56.536],[-111.728,56.6149],[-111.5179,56.6941],[-111.4226,56.7979],[-111.4421,56.9261],[-111.6122,57.1692],[-111.6573,57.3367],[-111.3808,57.8076],[-111.3991,57.9505],[-111.3476,58.0478],[-111.3653,58.1669],[-111.4969,58.2936],[-111.5142,58.4122],[-111.0703,58.4685],[-111.075,58.5048]],[[-111.2804,58.7885],[-111.2,58.892],[-111.2326,58.9461],[-111.4108,59.0051]]]}},{"type":"Feature","properties":{},"geometry":{"type":"MultiLineString","coordinates":[[[97.519,25.701],[97.449,25.4167],[97.3938,25.337],[97.3402,25.3504],[97.2921,25.31],[97.2493,25.2157],[97.2898,25.0998],[97.2394,25.0909],[97.1956,24.981],[97.0555,24.8353],[97.1834,24.2137],[96.9909,24.1448],[96.8924,24.1687],[96.6473,24.3408],[96.4791,24.3167],[96.3308,24.1479],[96.2804,23.9461],[96.0852,23.6528],[96.0064,23.3585],[95.9489,22.7536],[95.9172,22.7227],[96.0199,22.2298],[96.0094,21.9067],[95.8795,21.875],[95.8108,21.9127],[95.5781,21.921],[95.4807,21.8714],[95.3149,21.4576],[95.1735,21.345],[94.8999,21.2317],[94.8196,21.1464],[94.7936,20.9327],[94.7399,20.8535],[94.7611,20.7016],[94.8571,20.4771],[94.9561,20.0708],[95.1404,19.8449],[95.1694,19.7103],[95.1768,19.2771],[95.1357,19.0869],[95.1398,18.9452],[95.1886,18.8521],[95.1798,18.7709],[95.0673,18.5881],[95.3997,18.1813],[95.4851,17.6981],[95.655,17.3898],[95.6108,17.3317],[95.6251,17.0862],[95.5738,16.9772],[95.5996,16.9017],[95.3306,16.721],[95.2363,16.5203],[94.8932,16.1828]]]}},{"type":"Feature","properties":{},"geometry":{"type":"MultiLineString","coordinates":[[[-12.0882,10.5901],[-12.0059,10.5287],[-11.8345,10.5491],[-11.7751,10.6188],[-11.7281,10.7925],[-11.6212,10.812],[-11.5801,11.0727],[-11.5087,11.1876],[-11.1984,11.4125],[-11.0589,11.5996],[-10.8692,11.5954],[-10.5895,11.9903],[-10.3408,12.2306],[-10.3701,12.2919],[-10.2383,12.6359],[-10.2601,12.6835],[-10.2226,12.7968],[-10.2738,12.8381],[-10.292,12.9574],[-10.323,12.9604],[-10.4298,13.212],[-10.7417,13.2552],[-10.804,13.2975],[-10.796,13.3824],[-10.7344,13.4541],[-10.8924,13.7779]]]}},{"type":"Feature","properties":{},"geometry":{"type":"MultiLineString","coordinates":[[[32.0159,3.6137],[31.5878,4.1014],[31.5172,4.326],[31.5252,4.606],[31.6352,4.8166],[31.7703,5.2998],[31.7743,5.7024],[31.4604,6.3566],[31.1483,6.8297]]]}},{"type":"Feature","properties":{},"geometry":{"type":"MultiLineString","coordinates":[[[31.1483,6.8297],[30.9218,6.9828],[30.7697,7.1526],[30.5467,7.5207],[30.5081,7.88],[30.3292,8.1412],[30.3387,8.4848],[30.2963,8.534],[30.2887,8.704],[30.2001,8.9328],[30.3498,9.2367],[30.3331,9.3108],[30.3697,9.3949],[30.4597,9.4891],[30.6185,9.5308],[30.846,9.5199],[31.1247,9.4325]]]}},{"type":"Feature","properties":{},"geometry":{"type":"MultiLineString","coordinates":[[[150.4696,-28.6504],[150.3408,-28.5639],[149.6769,-28.6119],[149.5949,-28.5654],[149.5118,-28.5793],[148.8872,-29.05],[148.641,-29.5279],[148.2539,-29.8795],[147.9783,-30.0126],[147.4145,-30.1246]]]}},{"type":"Feature","properties":{},"geometry":{"type":"MultiLineString","coordinates":[[[11.9241,9.4906],[11.7835,9.4965],[11.2488,9.2302],[11.0379,9.0607],[10.7876,8.7447],[10.4014,8.6835],[10.2182,8.5901],[9.9765,8.3272],[9.141,7.8925],[8.807,7.7881],[8.4373,7.7993],[7.8288,7.99],[7.4215,8.0186],[7.1562,7.9675],[6.776,7.793]]]}},{"type":"Feature","properties":{},"geometry":{"type":"MultiLineString","coordinates":[[[27.2666,44.1378],[27.7688,44.3627],[27.93,44.4862],[27.9218,44.67],[27.8767,44.7441]]]}},{"type":"Feature","properties":{},"geometry":{"type":"MultiLineString","coordinates":[[[-50.484,-12.8458],[-50.3922,-12.6172],[-50.1052,-12.3132],[-50.1137,-12.2085],[-50.0598,-12.0925],[-49.9479,-12.0713],[-49.8974,-11.9455],[-49.9345,-11.816],[-49.889,-11.3986],[-49.9203,-11.3761],[-49.9735,-10.9976],[-49.9634,-10.1906],[-50.0481,-9.9605],[-50.158,-9.8731],[-50.1753,-9.7302]]]}},{"type":"Feature","properties":{},"geometry":{"type":"MultiLineString","coordinates":[[[89.7393,24.3302],[89.7079,23.9624],[89.7444,23.8587],[89.9939,23.621],[90.267,23.4594]],[[89.7393,24.3302],[89.8087,24.1718],[90.2141,23.8691],[90.2439,23.7346],[90.3554,23.7087],[90.5616,23.5371]],[[95.3965,28.0029],[95.4438,27.8836],[95.3692,27.8057],[95.1165,27.6983],[95.1385,27.644],[94.8006,27.4866],[94.6517,27.3221],[94.5177,27.0723],[94.1927,26.8854],[94.023,26.8674],[93.7516,26.732],[93.2452,26.7175],[93.1612,26.6708],[92.6559,26.5796],[92.6151,26.5382],[92.3124,26.4949],[91.9658,26.2705],[91.6438,26.1639],[91.4363,26.1507],[91.1524,26.2047],[90.7598,26.155],[90.5799,26.2043],[90.3561,26.1743],[90.0882,26.0652],[89.8901,25.9013],[89.6989,25.4901],[89.6801,25.1684],[89.6126,24.9484],[89.7291,24.6493],[89.7393,24.3302]]]}},{"type":"Feature","properties":{},"geometry":{"type":"MultiLineString","coordinates":[[[29.7059,45.2599],[29.5677,45.3708],[29.4037,45.4197],[29.2236,45.4029],[28.8943,45.2899],[28.7817,45.3098],[28.7607,45.2341],[28.8831,45.18]]]}},{"type":"Feature","properties":{},"geometry":{"type":"MultiLineString","coordinates":[[[28.8831,45.18],[29.2047,45.0801],[29.3483,44.9702],[29.6055,44.9155]]]}},{"type":"Feature","properties":{},"geometry":{"type":"MultiLineString","coordinates":[[[28.8827,45.1798],[29.6786,45.1516]]]}},{"type":"Feature","properties":{},"geometry":{"type":"MultiLineString","coordinates":[[[126.6897,72.2944],[126.657,72.4227],[126.7292,72.524],[127.7261,72.4132]]]}},{"type":"Feature","properties":{},"geometry":{"type":"MultiLineString","coordinates":[[[13.5242,7.7775],[13.6735,7.8545],[13.7362,8.0709],[13.85,8.1385],[13.9975,8.3123],[13.9771,8.453],[13.9301,8.5063],[13.9664,8.7264],[13.9245,8.8331],[13.801,8.9174],[13.565,9.2442],[13.4752,9.3142],[13.1974,9.199],[13.0842,9.2228],[12.8208,9.375],[12.5809,9.2767],[12.4558,9.3073],[12.3418,9.443],[12.1946,9.5058],[11.9241,9.4906]]]}},{"type":"Feature","properties":{},"geometry":{"type":"MultiLineString","coordinates":[[[-71.2405,-38.7695],[-71.1272,-38.691],[-71.1272,-38.602],[-71.3042,-38.3533],[-71.3357,-38.1724],[-71.4012,-38.0814],[-71.62,-37.9196],[-71.7541,-37.7536],[-72.0902,-37.7192],[-72.2559,-37.5934],[-72.4824,-37.5574],[-72.6361,-37.4889],[-72.7409,-37.2808],[-72.8902,-37.178],[-72.9988,-36.9265],[-73.1335,-36.7948]]]}},{"type":"Feature","properties":{},"geometry":{"type":"MultiLineString","coordinates":[[[-76.5332,1.3298],[-76.508,1.0571],[-76.4216,1.0017],[-76.2629,0.9795],[-76.0149,1.0191],[-75.6897,0.8436],[-75.4126,0.772],[-75.2522,0.6762],[-75.1392,0.4896],[-75.0439,0.4765],[-74.9878,0.4201],[-74.971,0.3205],[-74.8927,0.2408],[-74.7529,0.1809],[-74.6783,0.0996],[-74.6377,-0.0698],[-74.3532,-0.1129],[-74.1659,-0.2634],[-73.6927,-0.4058],[-73.5167,-0.5153],[-73.356,-0.5178],[-73.2329,-0.5818],[-73.0496,-0.5462],[-72.8512,-0.5911],[-72.7837,-0.5699],[-72.6109,-0.6536],[-72.5289,-0.6529],[-72.3976,-0.5748],[-72.349,-0.6112],[-72.2093,-0.5632],[-72.1391,-0.5931],[-71.9903,-0.7653],[-71.803,-0.8473],[-71.7505,-0.9143],[-71.5835,-0.9455],[-71.5433,-0.9776],[-71.5229,-1.1068],[-71.2274,-1.0615],[-70.6232,-1.4099],[-70.3556,-1.419],[-70.0668,-1.5296],[-69.8931,-1.2748],[-69.8011,-1.2146],[-69.6997,-1.2545],[-69.4616,-1.2307]]]}},{"type":"Feature","properties":{},"geometry":{"type":"MultiLineString","coordinates":[[[103.8507,28.668],[103.9423,28.6268],[104.3355,28.6359],[104.7528,28.8174],[104.9854,28.7905],[105.0913,28.7244],[105.5765,28.9219],[105.7847,28.9061],[105.8611,28.8369],[105.8904,28.8843],[105.8343,28.98],[105.8652,29.0248],[106.1463,29.1252],[106.157,29.1947],[106.253,29.2741],[106.5181,29.4262],[106.5718,29.5885],[106.8018,29.5882],[106.9984,29.7632],[107.0837,29.7871],[107.1501,29.7215],[107.3451,29.7183],[107.4583,29.8564],[107.5301,29.8905],[107.6342,29.8733],[107.8417,30.0434],[108.3081,30.5795],[108.4431,30.8534],[108.4958,30.8924],[109.5455,31.0345],[109.6464,31.0085],[109.9841,31.0614],[110.2847,31.0455],[111.1589,30.8286],[111.5067,30.4067],[111.5378,30.2872],[111.8183,30.426],[111.9687,30.3234],[112.2469,30.2775],[112.215,30.1251],[112.3625,30.0184],[112.4056,29.9269],[112.381,29.7933],[112.4097,29.7385],[112.5437,29.7923],[112.6287,29.7524],[112.7065,29.7994],[112.7819,29.7439],[112.9418,29.7403],[112.9241,29.53],[113.1277,29.4628]]]}},{"type":"Feature","properties":{},"geometry":{"type":"MultiLineString","coordinates":[[[-91.2782,15.0175],[-91.2639,15.1574],[-91.3026,15.2366],[-91.2566,15.2846],[-91.0469,15.3081],[-90.5552,15.2251],[-90.4925,15.2857],[-90.4826,15.3158],[-90.6465,15.3784],[-90.6764,15.4271],[-90.6114,15.5579],[-90.6401,15.6222],[-90.8089,15.7326],[-90.7317,15.9507],[-90.6372,16.0192],[-90.506,16.0229],[-90.4469,16.0706],[-90.417,16.391]]]}},{"type":"Feature","properties":{},"geometry":{"type":"MultiLineString","coordinates":[[[-64.9703,-38.8037],[-64.2277,-38.9254],[-63.4564,-39.3157],[-62.9184,-39.4991],[-62.6967,-39.5244],[-62.5166,-39.6083],[-62.254,-39.8805]],[[-70.302,-35.2881],[-70.1656,-35.7218],[-70.0724,-35.8132],[-69.8653,-35.8601],[-69.7624,-35.9638],[-69.6944,-36.1398],[-69.6761,-36.5083],[-69.8056,-36.9248],[-69.7966,-37.0198],[-69.6992,-37.1062],[-69.6209,-37.1457],[-69.2255,-37.1902],[-69.0764,-37.2399],[-69.0156,-37.3226],[-68.8704,-37.3833],[-67.7832,-37.6586],[-67.7349,-37.7396],[-67.7505,-37.8205],[-67.8663,-37.9686],[-67.8245,-38.0557],[-67.5993,-38.2153],[-67.15,-38.2692],[-67.0966,-38.3625],[-66.9931,-38.4359],[-66.6533,-38.5637],[-66.5196,-38.7097],[-65.4164,-38.8228],[-64.9777,-38.8037]],[[-114.721,32.7245],[-114.788,32.5648],[-114.8973,32.4898],[-115.0246,32.2943],[-115.1986,32.1242],[-115.1959,32.0585],[-115.1257,31.9882],[-114.9336,31.9007]],[[-114.1635,34.2534],[-114.4183,34.0512],[-114.5091,33.9039],[-114.5216,33.6076],[-114.6026,33.4699],[-114.7017,33.4178],[-114.7044,33.1698],[-114.6481,33.0718],[-114.4909,32.9836],[-114.469,32.9123],[-114.5165,32.7728],[-114.7209,32.7245]],[[-114.591,35.3528],[-114.6109,34.9074],[-114.3789,34.5406]],[[-114.7414,36.0135],[-114.6871,35.9173],[-114.6452,35.6305]],[[-112.8764,36.2804],[-113.2956,36.0477],[-113.3556,35.764],[-113.6357,35.8308]],[[-111.4734,36.9321],[-111.6828,36.7477],[-111.852,36.488],[-111.8736,36.4142],[-111.8258,36.2056],[-111.8344,36.1259],[-111.8908,36.0808],[-112.1472,36.102],[-112.3766,36.2461],[-112.4593,36.2287],[-112.4992,36.2881],[-112.4674,36.3659],[-112.5326,36.4006],[-112.8814,36.2804]],[[-105.8614,40.1647],[-106.4011,40.0621],[-106.6384,39.8941],[-106.8766,39.9025],[-107.132,39.6437],[-107.2354,39.6024],[-107.8467,39.5568],[-108.2423,39.3146],[-108.314,39.1783],[-108.4336,39.0994],[-108.5579,39.0899],[-108.8011,39.184],[-108.952,39.1984],[-109.1956,39.0329],[-109.3629,38.7342],[-109.6345,38.5462],[-109.7845,38.2794],[-109.8974,38.1652],[-110.2485,37.8949],[-110.3676,37.8979]],[[-105.8456,40.4041],[-105.8206,40.1849]]]}},{"type":"Feature","properties":{},"geometry":{"type":"MultiLineString","coordinates":[[[-122.1499,45.5938],[-122.6498,45.6274],[-122.7259,45.6737],[-122.8434,45.9781],[-122.942,46.1149],[-123.1209,46.1788],[-123.2206,46.1536]],[[-118.1682,48.2324],[-118.232,48.0856],[-118.3677,47.9958],[-118.3753,47.8492],[-118.6654,47.9269],[-118.8536,47.9304],[-118.9826,47.9819],[-119.0523,48.0816],[-119.2284,48.1009],[-119.6811,48.0305],[-119.801,48.0847],[-119.8642,48.0655],[-119.8936,47.8912],[-119.9692,47.8131],[-120.1399,47.7628],[-120.2619,47.5752],[-120.2484,47.4286],[-120.0684,47.3288],[-120.0101,47.2186],[-119.9394,46.7805],[-119.8379,46.6742],[-119.5765,46.6806],[-119.506,46.716],[-119.4175,46.6788],[-119.3111,46.5688],[-119.2011,46.2685],[-119.0361,46.2065],[-118.9249,46.0798],[-118.9588,46.0384],[-119.1773,45.9451],[-119.4291,45.9342],[-120.3514,45.7252],[-121.0452,45.639],[-121.4021,45.7118],[-121.6625,45.7181],[-121.882,45.6895],[-122.1499,45.5939]],[[-117.9071,49.3416],[-117.7213,49.331],[-117.6764,49.2755],[-117.7011,49.098],[-117.6479,49.0545],[-118.021,48.7656],[-118.0736,48.6635]],[[-117.8802,50.1031],[-117.9174,50.0924],[-117.9495,49.9707],[-118.0743,49.8813],[-118.0925,49.8015]],[[-115.8654,50.2875],[-116.0814,50.5915],[-116.3652,50.8896],[-116.7623,51.1197],[-117.1828,51.471],[-117.4249,51.5581],[-117.5171,51.6592]],[[-117.8727,51.8702],[-118.3662,52.09]],[[-118.5266,52.1021],[-118.5813,52.0519],[-118.6723,51.6956],[-118.4626,51.4255],[-118.2373,51.2138],[-118.2084,51.0002],[-117.9064,50.6829]]]}},{"type":"Feature","properties":{},"geometry":{"type":"MultiLineString","coordinates":[[[26.4413,-8.272],[26.7424,-8.193],[26.8383,-8.0109],[26.9728,-7.9001],[26.8385,-7.7203],[26.8654,-7.5288],[27.0091,-7.2292],[27.0487,-6.9913],[26.9841,-6.8151],[26.9702,-6.4219],[26.9061,-6.1726],[26.9305,-5.6103]],[[24.2923,0.7817],[24.1782,0.9237],[23.7344,1.1227],[23.4607,1.3418],[23.1838,1.679],[22.9678,1.8732],[22.7349,1.95],[22.557,2.1012],[22.3965,2.1606],[21.7208,2.1579],[21.3043,2.0414],[20.4179,1.9725],[19.9019,1.8644],[19.1428,1.5736],[18.4359,0.9437],[18.1085,-0.1241],[17.5428,-0.775],[17.2788,-0.9996],[17.1076,-1.0645],[16.8799,-1.2259],[16.5407,-1.8401],[16.2154,-2.1778],[16.2173,-3.0303],[16.1467,-3.4641],[15.8724,-3.9343],[15.526,-4.088],[15.4809,-4.1718],[15.1063,-4.4611],[14.7793,-4.8457],[14.634,-4.8851],[14.4939,-4.8516],[14.1331,-4.945],[14.0539,-4.9906],[13.9379,-5.2046],[13.8317,-5.301],[13.7518,-5.2787],[13.5737,-5.3159],[13.543,-5.3585],[13.5948,-5.4816],[13.5635,-5.655],[13.3987,-5.8414],[13.3026,-5.8819],[13.0682,-5.8649]]]}},{"type":"Feature","properties":{},"geometry":{"type":"MultiLineString","coordinates":[[[-54.6091,-14.9841],[-54.3573,-14.8966],[-54.2068,-14.7748],[-53.9669,-14.7902],[-53.8938,-14.7608],[-53.6594,-14.5915],[-53.5122,-14.3459],[-53.3739,-13.9676],[-53.1602,-13.5831],[-52.9219,-13.0186],[-52.8768,-12.8073],[-53.0043,-12.5169],[-53.5789,-11.846],[-53.5987,-11.7495],[-53.5674,-11.6369],[-53.4441,-11.4437]]]}},{"type":"Feature","properties":{},"geometry":{"type":"MultiLineString","coordinates":[[[31.1633,30.1513],[31.0781,30.3248],[31.2498,30.6232],[31.2447,30.9319],[31.4199,31.1284],[31.5788,31.1924],[31.6712,31.2779],[31.8392,31.5263]]]}},{"type":"Feature","properties":{},"geometry":{"type":"MultiLineString","coordinates":[[[17.2064,48.0611],[17.4806,47.8876],[17.7619,47.7702],[19.0002,47.8192],[19.1035,47.7792],[19.1239,47.7091],[19.06,47.481],[18.9588,47.3647],[18.8836,47.1512],[18.9282,47.0832],[18.9449,46.8036],[18.9829,46.7402],[18.8736,46.5859],[18.9162,46.2712],[18.8591,46.1511],[18.7269,46.0144],[18.9473,45.6558],[18.9178,45.6008],[19.0643,45.515],[19.0077,45.4658],[19.0047,45.3995],[19.2728,45.278],[19.6988,45.2331],[19.8634,45.2687],[20.0448,45.1862],[20.2533,45.1499],[20.315,45.0987],[20.3529,44.9109],[20.421,44.8638],[20.6356,44.8284],[20.6658,44.741],[20.7311,44.6926],[21.3601,44.8267],[21.5232,44.7901],[21.6361,44.7105],[21.9093,44.6661],[22.0269,44.6199],[22.0931,44.5419],[22.2009,44.5607],[22.3507,44.6761],[22.4977,44.7063],[22.6421,44.651],[22.7344,44.5699],[22.554,44.5403],[22.4946,44.4354],[22.6878,44.2483],[23.0285,44.078],[22.8683,43.9479],[22.8677,43.8646],[22.919,43.8345],[23.2246,43.8739],[24.2268,43.7635],[24.4306,43.7944],[25.1596,43.6863],[25.4971,43.6708],[25.6861,43.7118],[26.2158,44.0073],[26.4892,44.084],[27.0869,44.1674],[27.4125,44.1377],[28.0221,44.3426],[28.0834,44.4762],[28.0324,44.5133],[27.9921,44.6637],[27.8302,44.7956],[28.0112,45.3576],[28.2125,45.4505],[28.3177,45.3471],[28.4513,45.2922],[28.7607,45.2341]]]}},{"type":"Feature","properties":{},"geometry":{"type":"MultiLineString","coordinates":[[[147.4145,-30.1246],[147.2012,-30.107],[147.0481,-30.0268],[146.6555,-29.9275],[146.043,-29.9835],[145.565,-30.3157],[145.5285,-30.3782],[145.1575,-30.4788],[145.0077,-30.6262],[144.8133,-30.733],[144.7285,-30.838],[144.4108,-30.9647],[144.2703,-31.1023],[144.1068,-31.1733],[144.0224,-31.2504],[144.0171,-31.3334],[143.9038,-31.4027],[143.548,-31.5139],[143.4543,-31.5902],[143.411,-31.5754],[143.2978,-31.7369],[143.0404,-31.9032],[142.9785,-32.0897],[142.5382,-32.3328],[142.4036,-32.5048],[142.3965,-32.9511],[142.326,-33.1433],[142.3679,-33.239],[142.5748,-33.4348],[142.4489,-33.6318],[142.0016,-33.8668],[141.9176,-34.0385],[141.9264,-34.1168]]]}},{"type":"Feature","properties":{},"geometry":{"type":"MultiLineString","coordinates":[[[32.0776,56.9077],[32.0622,56.877],[32.2417,56.8206],[32.3177,56.7501],[32.2729,56.6093],[32.0871,56.3946],[32.0678,56.1939],[31.9743,56.1435],[31.9863,56.0949],[31.4795,56.0389],[31.3896,55.989],[31.3795,55.8888],[31.449,55.7384],[31.4153,55.6551],[31.1714,55.6006],[31.0558,55.5093],[30.4086,55.3694],[30.2144,55.2847],[30.1479,55.1947],[29.815,55.205],[29.722,55.1289],[29.4913,55.0694],[29.0571,55.3292],[28.9187,55.4547],[28.7235,55.5236],[28.0872,55.6202],[27.9858,55.6814],[27.8809,55.8167],[27.4591,55.8035],[27.0148,55.8985],[26.4892,55.8991],[26.2943,56.1784],[26.1842,56.2645],[26.1659,56.3416],[25.7785,56.5529],[25.7617,56.5978],[25.0526,56.6117],[24.5054,56.8274],[24.2203,56.8939],[24.0914,56.9853],[24.0543,57.0661]]]}},{"type":"Feature","properties":{},"geometry":{"type":"MultiLineString","coordinates":[[[39.6431,38.4156],[40.0185,38.3477],[40.1783,38.1786],[40.1714,38.1063],[40.235,38.0911],[40.2519,37.9028],[40.4274,37.832],[41.8005,37.7088],[41.8539,37.5556],[41.8405,37.4811],[42.2257,37.3219],[42.3128,37.2296],[42.3766,37.0625]]]}},{"type":"Feature","properties":{},"geometry":{"type":"MultiLineString","coordinates":[[[94.356,29.3095],[94.5257,29.4387],[94.844,29.5212],[94.8974,29.5801],[94.9087,29.6894],[95.0693,29.7522],[95.1708,29.876],[95.2945,29.8502],[95.3601,29.7811],[95.4176,29.531],[95.3852,29.4104],[94.944,29.0898],[94.8089,28.8461],[94.961,28.7506],[95.0966,28.506],[95.0027,28.2582],[95.0222,28.2018],[95.2905,28.1268],[95.3965,28.0029]]]}},{"type":"Feature","properties":{},"geometry":{"type":"MultiLineString","coordinates":[[[33.7353,55.8737],[33.8177,55.8267],[33.803,55.7641],[33.891,55.713],[33.7679,55.5698],[33.6219,55.556],[33.5845,55.4982],[33.5699,55.2872],[33.3907,54.9172]]]}},{"type":"Feature","properties":{},"geometry":{"type":"MultiLineString","coordinates":[[[32.578,46.6156],[33.0666,46.7587],[33.5399,46.8312]],[[35.1053,47.8401],[35.1299,47.972],[35.0766,48.0809],[35.1849,48.15],[35.1937,48.1986],[35.1126,48.3937],[34.9588,48.4771],[34.8186,48.4922],[34.4101,48.6402],[33.7174,48.9422],[33.194,49.0939]],[[31.888,49.5544],[31.4624,49.7567]],[[31.4399,50.0001],[31.2443,49.9789],[30.8555,50.1258],[30.6248,50.3118],[30.5147,50.5966]],[[33.3907,54.9172],[32.9779,55.0011],[32.7381,54.9163],[32.5115,54.6941],[32.0056,54.7771],[30.7176,54.6134],[30.4133,54.495],[30.3035,54.326],[30.4067,53.899],[30.3236,53.8792],[30.2751,53.8015],[30.2614,53.666],[30.3712,53.2966],[30.279,53.2505],[30.2842,53.1476],[30.2515,53.1202],[30.1621,53.1236],[30.0376,53.0512],[30.0343,52.954],[30.0809,52.8088],[30.2581,52.6062],[30.2516,52.555],[30.3511,52.4093],[30.5458,52.3058],[30.525,52.272],[30.5839,52.1966],[30.7962,51.9957],[30.7729,51.8939],[30.5513,51.6579],[30.6107,51.3301],[30.5076,51.2173]]]}},{"type":"Feature","properties":{},"geometry":{"type":"MultiLineString","coordinates":[[[8.2198,48.0468],[8.4901,47.9307],[8.6958,47.9363],[8.9787,48.0527],[9.4211,48.1161],[9.5887,48.244],[9.6607,48.241],[10.1272,48.4529],[10.385,48.5162],[10.7116,48.6794],[11.6836,48.7941],[11.7659,48.8709],[12.0242,48.9577],[12.033,49.0275],[12.3608,48.9922],[12.5066,48.9238]],[[17.2064,48.0611],[17.1655,48.1174],[17.0287,48.1671],[16.6591,48.1606],[16.4865,48.2125],[16.3605,48.3275],[16.2095,48.3796],[15.573,48.4237],[15.5023,48.4167],[15.2647,48.2288],[15.1467,48.1983],[14.5834,48.2187],[14.3997,48.2915],[14.0368,48.3523],[14.0122,48.3986],[13.8716,48.4618],[13.4866,48.5818],[13.1999,48.6364],[12.9088,48.8357],[12.5066,48.9313]]]}},{"type":"Feature","properties":{},"geometry":{"type":"MultiLineString","coordinates":[[[-4.1889,43.0112],[-4.1023,43.0015],[-3.9627,42.825],[-3.7574,42.8173],[-3.6268,42.898],[-3.4512,42.8069],[-3.0109,42.7552],[-2.8231,42.6018],[-2.641,42.5176],[-2.3954,42.5138],[-1.9944,42.3909],[-1.4052,41.9783],[-0.7484,41.6215],[-0.5264,41.4789],[-0.4442,41.3743],[-0.3011,41.3094],[-0.0971,41.2842],[0.0403,41.3061],[0.1671,41.4107],[0.2628,41.3989],[0.3622,41.3284],[0.3643,41.2557],[0.5254,41.2489],[0.6317,41.1647],[0.652,41.0831],[0.5379,40.9824],[0.5171,40.9039],[0.5513,40.802],[0.6506,40.7446],[0.8911,40.7223]]]}},{"type":"Feature","properties":{},"geometry":{"type":"MultiLineString","coordinates":[[[31.1247,9.4325],[31.3459,9.3655],[31.5184,9.3757],[31.7458,9.6569],[32.0364,9.8343],[32.2668,10.1477],[32.2444,10.3686],[32.2009,10.4351],[32.1077,10.471],[32.1059,10.5103],[32.5113,10.908],[32.6453,11.1028],[32.6423,11.2403],[32.7637,11.7951],[32.7295,12.19],[32.7835,12.489],[32.7667,12.9393],[32.7957,13.0043],[32.5855,13.4244],[32.5868,13.6382],[32.5,13.7038],[32.295,14.0321],[32.1717,14.4652],[32.1962,14.6369],[32.3698,14.9023],[32.4402,15.1303],[32.4901,15.6346]]]}},{"type":"Feature","properties":{},"geometry":{"type":"MultiLineString","coordinates":[[[35.3534,10.1551],[35.2423,10.5171],[35.1474,10.5728],[35.161,11.1396],[34.9932,11.2492],[34.7775,11.2964]],[[34.3796,11.7831],[34.324,12.0482],[34.3406,12.3081],[34.3011,12.4028],[34.1571,12.5343],[34.1535,12.7288],[34.0,12.9018],[33.9304,13.258],[33.692,13.3809],[33.5932,13.5725],[33.5742,13.8394],[33.6572,14.1092],[33.5664,14.3442],[33.3366,14.7161],[33.1338,15.1595],[33.0465,15.2437],[32.842,15.3394],[32.5535,15.622],[32.4901,15.6346]]]}},{"type":"Feature","properties":{},"geometry":{"type":"MultiLineString","coordinates":[[[15.5827,50.6928],[15.736,50.4844],[15.8838,50.3723],[15.8172,50.107],[15.6774,50.0519],[15.2356,50.0347],[15.0881,50.1524],[14.631,50.2221],[14.3882,50.4381],[14.2406,50.4542],[14.2221,50.4982],[14.0394,50.5671],[14.084,50.6607],[14.1604,50.6863],[14.2029,50.7497],[14.2116,50.851],[14.1362,50.9179],[13.5222,51.1414],[13.2262,51.3824],[13.1843,51.4736]],[[13.1912,51.4736],[12.9342,51.6226],[12.842,51.7114],[12.8289,51.7897],[12.7416,51.8428],[12.147,51.8738],[11.9948,51.9087],[11.8433,52.0313],[11.6908,52.0716],[11.6921,52.2102],[11.9779,52.4377],[12.0138,52.7703],[11.9205,52.9185],[11.7239,53.0063],[11.1059,53.1515],[10.6824,53.3691],[10.082,53.4399]],[[10.082,53.4399],[9.784,53.5546],[10.0475,53.5159],[10.082,53.4399]]]}},{"type":"Feature","properties":{},"geometry":{"type":"MultiLineString","coordinates":[[[85.2671,47.9944],[84.9986,47.9277],[84.5999,47.744],[84.3568,47.7321]],[[83.3637,49.6438],[83.1283,49.6819],[82.8723,49.8558],[82.3212,50.1007],[82.2727,50.1852],[82.1501,50.219],[81.7746,50.2276],[81.4824,50.3252],[81.089,50.3825],[80.4259,50.3725],[80.2419,50.4099],[80.1387,50.4727],[79.7019,50.5167],[79.3128,50.6621],[78.8995,50.6509],[78.3482,50.8576],[78.1715,50.9929],[77.9598,51.3353],[77.521,51.5603],[77.4412,51.651],[77.4511,51.7708],[77.3336,51.8862],[77.0885,51.9972],[76.9601,52.1083],[76.8996,52.3034],[76.7797,52.4111],[76.7746,52.5522],[76.6543,52.6396],[76.659,52.7358],[76.4937,52.8301],[76.4609,52.8987],[76.3143,52.9052],[76.2419,52.9799],[75.8546,53.0777],[75.7272,53.2019],[75.5684,53.2825],[75.4574,53.4555],[75.0502,53.7102],[75.062,53.9529],[74.9936,53.9856]]]}},{"type":"Feature","properties":{},"geometry":{"type":"MultiLineString","coordinates":[[[90.3254,47.6502],[90.2526,47.4304],[90.1324,47.4012],[89.9725,47.2693],[89.6545,47.1259],[89.5461,47.0304],[89.4055,46.9902],[89.233,47.0052],[88.515,47.233],[87.559,47.4266],[87.3313,47.5547],[87.1002,47.5908],[86.6073,47.8324],[86.4334,47.8776],[86.1542,47.8757],[85.9656,47.9446],[85.5208,48.0164],[85.2671,47.9944]]]}},{"type":"Feature","properties":{},"geometry":{"type":"MultiLineString","coordinates":[[[45.4631,31.3052],[45.5408,31.2287],[46.1211,31.0861],[46.4833,30.9026],[46.8855,30.9588],[47.3314,30.9666],[47.4421,31.0044],[47.4685,30.9685]],[[40.9926,34.4285],[41.1769,34.3929],[41.2759,34.4429],[41.5018,34.436],[41.8272,34.5091],[41.9896,34.4461],[42.1222,34.3017],[42.2862,34.2922],[42.3032,34.3341],[42.3659,34.3294],[42.3318,34.2312],[42.3689,34.2045],[42.3751,34.1139],[42.5097,34.0006],[42.5634,33.8703],[42.7304,33.8655],[42.7241,33.752],[42.8772,33.5769],[43.0323,33.5028],[43.1055,33.5262],[43.6497,33.3837],[43.7758,33.3114],[43.8723,33.1986],[44.0291,33.1597],[44.122,33.0529],[44.2537,32.8282],[44.2555,32.4964],[44.4476,31.9813],[44.4751,31.7623],[44.5481,31.6481],[44.7698,31.4789],[45.0419,31.4407],[45.2929,31.3213],[45.4669,31.3052]]]}},{"type":"Feature","properties":{},"geometry":{"type":"MultiLineString","coordinates":[[[38.7678,38.8128],[38.4499,38.7137],[38.3674,38.5513],[38.6101,38.4497],[38.8472,38.4129],[38.9966,38.3338],[39.0755,38.3403],[39.1493,38.1895],[39.2481,38.1538],[39.2391,38.102],[38.9782,37.8871],[38.9237,37.7453],[38.8415,37.7131],[38.8128,37.6447],[38.7013,37.631],[38.4391,37.4946],[38.2073,37.4288],[37.9663,37.4246],[37.9197,37.3841],[37.8546,37.2919],[37.8622,37.1159],[37.9905,36.9965],[38.0257,36.8356]],[[41.4555,40.1802],[41.3283,40.0163],[40.9847,39.9437],[40.3962,39.9422],[40.1694,39.8949],[40.1498,39.8687],[40.2405,39.6944],[40.1222,39.5682],[39.4146,39.6834],[38.7398,39.5365],[38.4875,39.4451],[38.426,39.3425],[38.7185,39.1441],[38.7396,39.0785]]]}},{"type":"Feature","properties":{},"geometry":{"type":"MultiLineString","coordinates":[[[-118.319,52.522],[-118.6011,52.8246],[-118.9407,52.9832],[-119.6687,53.0556],[-121.0238,53.7781],[-121.5843,53.9299],[-121.9031,54.1414],[-122.2948,54.2404],[-122.5094,54.2152],[-122.7037,53.9468],[-122.7444,53.8157],[-122.6697,53.4613],[-122.7094,53.3991],[-122.8271,53.3476],[-122.804,53.2657],[-122.64,53.1534],[-122.4754,52.9318],[-122.4753,52.6419],[-122.2846,52.2586],[-122.2698,52.0972],[-122.2901,51.9368],[-122.3922,51.8461],[-122.4077,51.7582],[-122.268,51.5185],[-122.2325,51.3445],[-121.8578,50.9014],[-121.8496,50.8122],[-121.9237,50.7401],[-121.9199,50.6983],[-121.7445,50.4911],[-121.5097,50.0473],[-121.4489,49.7909],[-121.4452,49.5325],[-121.4896,49.3869],[-121.698,49.2457],[-121.8737,49.1895],[-122.4449,49.1413],[-122.8502,49.2069],[-123.0796,49.1306]]]}},{"type":"Feature","properties":{},"geometry":{"type":"MultiLineString","coordinates":[[[89.4831,22.2755],[89.4253,22.4955],[89.2997,22.6189]],[[89.2997,22.6189],[89.2608,22.5736],[89.2555,22.4453],[89.3786,22.0581],[89.3538,21.7211]],[[88.4397,22.9865],[88.3438,22.6293],[88.1175,22.4102],[88.0871,22.2177]],[[88.4397,22.9865],[88.6822,22.9538],[88.8204,22.8584],[88.8229,22.7483],[88.9096,22.6585],[89.0499,22.2746],[89.0514,22.0932]],[[90.0744,23.5734],[90.1272,23.2519],[90.2988,23.0881],[90.3943,22.7748],[90.435,22.7519]],[[89.1094,23.9919],[89.2186,23.8085],[89.4472,23.6402],[89.5087,23.4994],[89.5983,23.4431],[89.6376,23.2525],[89.7095,23.1923],[89.7654,23.0201],[90.0076,22.6852],[89.9851,22.4664]],[[89.1094,23.9919],[89.497,23.8436],[89.7493,23.8481]],[[88.397,24.3893],[88.5101,24.2614],[88.5542,24.1289],[88.643,24.0594],[88.6362,24.0116],[88.8053,23.9279],[88.8644,23.8559],[88.8678,23.7517],[88.7637,23.5307],[88.9889,23.3328],[89.1129,23.0405],[89.1135,22.8926],[89.2755,22.7027],[89.2997,22.6189]],[[88.397,24.3893],[88.6423,24.326],[88.7235,24.2749],[88.7698,24.1443],[88.926,24.1551],[89.1094,23.9919]],[[87.9198,24.825],[87.9402,24.666],[88.1746,24.3888],[88.2381,24.2343],[88.227,23.8314],[88.1834,23.7001],[88.3446,23.5303],[88.3752,23.2554],[88.4861,23.1335],[88.4397,22.9865]],[[87.9198,24.825],[88.1455,24.4858],[88.2871,24.4797],[88.397,24.3893]],[[79.8407,30.8885],[79.8203,30.8368],[79.8646,30.679],[79.7449,30.5432],[79.4702,30.516],[79.2321,30.3009],[78.7772,30.2601],[78.6687,30.2014],[78.6138,30.1157],[78.281,30.0929],[78.1703,29.8891],[78.1829,29.7675],[78.1394,29.6731],[78.0401,29.6057],[78.0222,29.4918],[78.106,29.1809],[78.0983,28.8821],[78.2837,28.3524],[78.4304,28.1464],[78.8552,27.8935],[79.1119,27.8202],[79.2551,27.6802],[79.5186,27.5678],[79.7328,27.2174],[79.9225,27.1256],[80.0939,26.8366],[80.5439,26.3173],[80.6517,26.1384],[80.76,26.066],[80.9781,26.0532],[81.1228,25.9888],[81.3028,25.8444],[81.4575,25.6459],[81.6861,25.5177],[81.9068,25.4869],[81.9032,25.4128],[82.0421,25.3124],[82.1831,25.2962],[82.2259,25.2435],[82.4356,25.235],[82.5126,25.1836],[82.6196,25.2197],[82.8788,25.1416],[82.9651,25.1877],[83.074,25.3301],[83.1389,25.3442],[83.17,25.5102],[83.4893,25.4442],[83.5181,25.5338],[83.5996,25.5841],[83.6697,25.607],[83.8034,25.5189],[83.8662,25.5223],[84.171,25.7221],[84.2262,25.6938],[84.4285,25.7472],[84.6341,25.7083],[84.8267,25.747],[85.119,25.6826],[85.3385,25.544],[85.5551,25.5436],[85.6966,25.4738],[85.786,25.4946],[86.0978,25.3236],[86.2367,25.303],[86.571,25.4477],[86.5844,25.3725],[86.6681,25.2761],[86.8409,25.3266],[87.2186,25.267],[87.2753,25.3404],[87.4439,25.394],[87.7793,25.1932],[87.7805,25.1244],[87.9424,24.9559],[87.9198,24.825]]]}},{"type":"Feature","properties":{},"geometry":{"type":"MultiLineString","coordinates":[[[45.8091,32.5022],[45.9007,32.4307],[45.9885,32.2192],[45.986,31.9217],[46.046,31.8825],[46.0893,31.7727],[46.154,31.457],[46.4054,31.1123],[46.3662,30.9636]]]}},{"type":"Feature","properties":{},"geometry":{"type":"MultiLineString","coordinates":[[[81.7388,16.9422],[81.8557,16.5529],[81.7064,16.4],[81.7117,16.3345]],[[81.7388,16.9422],[81.8882,16.7765],[82.0341,16.713],[82.3387,16.7065]],[[73.6525,20.0128],[73.8886,19.9902],[74.0836,20.0363],[74.4225,19.9177],[74.749,19.726],[75.1974,19.5786],[75.5912,19.3801],[75.8455,19.3758],[75.9405,19.3141],[75.9867,19.3326],[76.319,19.2572],[76.3466,19.1239],[76.4268,19.0769],[76.5817,19.0863],[76.7102,18.9855],[76.8556,19.0704],[77.0047,19.1049],[77.1955,19.0893],[77.3191,19.1339],[77.4048,19.1202],[77.5789,18.9658],[77.7837,18.8729],[77.9683,18.8704],[78.2354,18.9841],[78.2755,18.9482],[78.4288,18.9798],[78.5042,18.9559],[78.9529,19.063],[79.0496,19.0334],[79.201,18.8709],[79.3172,18.8156],[79.401,18.8432],[79.7272,18.6901],[79.9251,18.8074],[80.1416,18.7015],[80.3186,18.6861],[80.4855,18.324],[80.8399,17.9955],[80.8921,17.8646],[80.895,17.7161],[80.986,17.6217],[81.5866,17.4104],[81.7388,16.9422]]]}},{"type":"Feature","properties":{},"geometry":{"type":"MultiLineString","coordinates":[[[-44.4503,-22.1552],[-44.2075,-21.9481],[-44.0618,-21.7335],[-44.0683,-21.6585],[-44.1708,-21.5239],[-44.2414,-21.4759],[-44.3871,-21.4647]],[[-44.6162,-21.318],[-44.6859,-21.2363],[-44.9147,-21.1299],[-45.0761,-21.1753],[-45.2046,-21.0926]],[[-46.3259,-20.6675],[-46.5871,-20.6228]],[[-47.0735,-20.2842],[-47.4599,-20.0011],[-47.6558,-20.0227],[-47.8185,-19.9807],[-47.8617,-20.0556],[-48.0511,-20.1202],[-48.1784,-20.0828],[-48.361,-20.1392],[-48.812,-20.159],[-48.9184,-20.4292],[-48.978,-20.3382],[-48.9947,-20.2137],[-49.0397,-20.1873],[-49.1998,-20.2944],[-49.2836,-20.1486],[-49.2587,-20.017],[-49.3849,-19.98]],[[-50.3644,-19.8585],[-50.4337,-19.8002],[-50.5841,-19.8212]],[[-63.7575,-19.0283],[-63.619,-19.071],[-63.5646,-19.049],[-63.497,-18.9281],[-63.1947,-18.756],[-62.9487,-18.4248],[-62.8577,-18.1968],[-62.7731,-17.7988],[-62.7863,-17.5982],[-62.7384,-17.2426],[-62.8229,-17.1509],[-62.9217,-17.121],[-63.0592,-16.8804],[-63.2593,-16.732],[-63.6005,-16.5855],[-63.8037,-16.449],[-63.9648,-16.2368],[-64.6638,-15.8598]],[[-66.3229,-17.5766],[-65.9599,-17.9516],[-65.7932,-18.0086],[-65.6425,-18.1291],[-65.1904,-18.626],[-65.0507,-18.6301],[-64.8627,-18.5025],[-64.5289,-18.6506],[-64.4373,-18.6181],[-64.3417,-18.6862],[-63.9847,-19.165],[-63.94,-19.1576],[-63.8422,-19.0268],[-63.7506,-19.0283]]]}},{"type":"Feature","properties":{},"geometry":{"type":"MultiLineString","coordinates":[[[-65.0312,-11.9132],[-65.0903,-11.7412],[-65.1857,-11.7495],[-65.1754,-11.6469],[-65.322,-11.4391],[-65.3899,-11.2463],[-65.3238,-11.0248],[-65.44,-10.5862],[-65.4369,-10.449],[-65.3955,-10.3923]]]}},{"type":"Feature","properties":{},"geometry":{"type":"MultiLineString","coordinates":[[[117.8735,49.5135],[117.9118,49.4288],[118.0566,49.3195],[118.4396,49.4365],[118.5235,49.4055],[118.6168,49.262],[118.7468,49.2124],[119.2321,49.1993],[119.4498,49.2749],[120.1179,49.2253],[120.5181,49.2563],[120.9107,49.3677],[121.6263,49.6353],[121.8785,49.678],[122.2871,49.8493]]]}},{"type":"Feature","properties":{},"geometry":{"type":"MultiLineString","coordinates":[[[127.5903,50.209],[127.3372,50.3502],[127.3512,50.3936],[127.3061,50.4535],[127.3468,50.6214],[127.307,50.708],[126.9248,51.1001],[126.8338,51.3149],[126.8054,51.5056],[126.7092,51.5663],[126.7008,51.703],[126.5106,51.9258],[126.4556,52.1265],[126.3948,52.173],[126.3835,52.2865],[126.3242,52.3317],[126.3417,52.362],[126.1944,52.5191],[126.016,52.6102],[126.0482,52.7395],[125.8719,52.8715],[125.7281,52.8907],[125.6491,53.0423],[125.075,53.2037],[124.8124,53.1338],[124.6399,53.2107],[124.4659,53.2296],[124.2199,53.3701],[124.1543,53.3587],[123.6078,53.5465],[123.1541,53.5446],[122.5159,53.457],[122.3378,53.485],[121.4054,53.3171]]]}},{"type":"Feature","properties":{},"geometry":{"type":"MultiLineString","coordinates":[[[-81.4196,37.0091],[-82.5891,36.61],[-82.6654,36.5225],[-82.9359,36.4012],[-83.3865,36.2565],[-83.8997,35.9783],[-83.9744,35.9146],[-83.9695,35.8701]]]}},{"type":"Feature","properties":{},"geometry":{"type":"MultiLineString","coordinates":[[[106.9436,25.2247],[107.0193,25.0606],[107.156,25.0087],[107.2766,24.8747],[107.3624,24.6026],[107.5419,24.3184],[107.6085,24.2806],[107.4943,24.0866],[107.5119,24.0305],[107.6011,23.9537],[107.6738,23.9614],[107.9017,23.722],[108.4525,24.0346],[108.8327,23.8363],[108.9193,23.6624],[109.1917,23.7225],[109.3218,23.7002],[109.4693,23.8472],[109.5286,23.7964]]]}},{"type":"Feature","properties":{},"geometry":{"type":"MultiLineString","coordinates":[[[97.2883,34.8354],[97.547,34.876]],[[97.7629,35.0881],[97.9344,35.0825],[98.1974,34.8739],[98.3823,34.7982],[98.4,34.6736],[98.3477,34.5934],[98.376,34.5314],[98.5634,34.3896],[98.7132,34.38],[98.7201,34.43],[98.8086,34.4731],[99.0012,34.4275],[99.0576,34.3006],[99.0607,34.0812],[99.1232,33.9152],[99.3238,33.7481],[99.3907,33.8086],[99.721,33.7915],[100.1914,33.6035],[100.3298,33.7574],[100.7404,33.9275],[100.942,33.777],[101.0092,33.7642],[101.0261,33.8394],[101.1234,33.8269],[101.4807,33.6775],[101.6627,33.6794],[101.8089,33.6111],[102.0662,33.3558],[102.4816,33.4837],[102.206,33.8973],[101.3284,34.2734],[101.2105,34.3505],[101.087,34.5127],[100.912,34.5934],[100.8782,34.6766],[100.6298,34.7082],[100.3759,34.8268],[100.3074,34.9355],[100.2205,35.2406],[100.2586,35.2817],[100.1661,35.4238],[100.1723,35.5428],[100.2549,35.6954],[100.8979,36.1417],[101.3434,36.0649],[101.6297,36.1515],[101.7625,36.1516],[101.9935,35.9975],[102.0638,35.8859],[102.1846,35.8445],[102.3559,35.8734],[102.9478,35.8056],[103.1772,35.8116],[103.2986,35.8783],[103.3168,35.9312],[103.2317,35.9703],[103.2556,36.0396],[103.3884,36.1391],[103.5602,36.1578],[103.9951,36.0751],[104.0722,36.2288],[104.1792,36.3218],[104.7135,36.6276],[104.6904,36.7275],[104.6252,36.7979],[104.3266,36.9455],[104.3139,37.0934],[104.3527,37.1739],[104.4461,37.197],[104.5756,37.3069],[104.9569,37.4154],[104.9979,37.4615],[105.8004,37.5647],[105.9053,37.6608],[106.0369,37.9157],[106.4572,38.3785],[106.6399,38.7797],[106.8713,39.0753],[106.7587,39.4828],[106.7682,39.7601],[106.7178,40.0163],[107.1492,40.3955],[107.2386,40.5918],[107.7196,40.7935],[107.7455,40.8375],[108.0696,40.8747],[108.3886,40.8162],[108.6506,40.632],[108.8841,40.5467],[109.3091,40.4904],[109.6346,40.5319],[109.6872,40.4941],[110.0802,40.5235],[110.3034,40.484],[110.6745,40.3019],[110.996,40.2865],[111.1253,40.2346],[111.4069,40.0125],[111.4164,39.8674],[111.3785,39.7895],[111.433,39.5762],[111.3726,39.4883],[111.1681,39.3999],[111.1993,39.2396],[111.1449,39.1247],[110.9803,38.9563],[110.8906,38.5568],[110.5035,38.1133],[110.511,38.0077],[110.7824,37.6138],[110.7188,37.4647],[110.6641,37.4336],[110.6099,37.217],[110.3843,37.0051],[110.3928,36.7629],[110.4282,36.717],[110.4026,36.6982],[110.4714,36.5656],[110.4599,36.2375],[110.5764,35.7333],[110.5794,35.5337],[110.3163,35.1346],[110.262,34.8678],[110.2699,34.6373],[110.4652,34.597],[110.7953,34.6454],[111.1013,34.7948],[111.5887,34.8994],[111.8438,35.0741],[112.8568,34.809],[113.3987,34.9742],[113.9003,34.8946],[113.9653,34.9309],[114.1563,34.9361],[114.4731,34.9099],[114.6814,34.9276],[114.8309,35.0198]],[[96.1642,35.1296],[96.7477,35.0532],[97.072,34.9306]]]}},{"type":"Feature","properties":{},"geometry":{"type":"MultiLineString","coordinates":[[[114.8377,35.0198],[114.9055,35.2285],[115.0139,35.3295],[115.3404,35.5026],[115.4633,35.6809],[115.8709,35.8803],[115.8833,35.9386],[115.9662,35.9762],[116.1159,36.143],[116.5808,36.4397],[116.7351,36.6557],[117.0244,36.7729],[117.3518,37.0819],[117.4854,37.1268],[117.6084,37.228],[118.1279,37.3469],[118.3852,37.6039],[118.4978,37.6189],[118.9461,37.8236],[119.0357,37.8092]]]}},{"type":"Feature","properties":{},"geometry":{"type":"MultiLineString","coordinates":[[[98.0071,47.999],[97.6166,48.0747],[97.4521,48.1407],[97.4129,48.2015],[97.4432,48.4354],[97.7111,48.6733],[98.0504,48.7362],[98.5468,48.7297],[99.1788,48.6379],[99.5884,48.7249],[100.4726,49.0756],[100.6131,49.0984],[100.6996,49.2631]]]}},{"type":"Feature","properties":{},"geometry":{"type":"MultiLineString","coordinates":[[[-46.4989,-20.3214],[-46.3218,-20.3523],[-46.0016,-20.3367],[-45.8956,-20.1731],[-45.714,-20.1335],[-45.6404,-20.0685],[-45.5536,-19.8697],[-45.5057,-19.8414],[-45.4962,-19.6883],[-45.3524,-19.3832],[-45.1211,-19.1613],[-45.0887,-19.0509]]]}},{"type":"Feature","properties":{},"geometry":{"type":"MultiLineString","coordinates":[[[144.7135,62.7663],[144.3161,63.0906],[143.0551,63.4701],[142.4457,63.599],[142.2998,63.7285],[141.915,63.9535],[141.8851,64.037],[141.9208,64.1359],[142.0121,64.2154],[142.1592,64.2756],[142.6338,64.2686],[142.7887,64.3029],[142.8618,64.501],[143.2675,64.633],[143.2946,64.7475],[143.3555,64.793],[143.3384,64.8715],[143.2434,64.983],[143.092,65.0875],[143.1687,65.3117],[143.2299,65.3707],[142.6369,65.4615],[142.6033,65.5154],[142.6797,65.6919],[143.0107,65.8837],[143.1469,66.0171],[143.2191,66.1891],[143.2227,66.3092],[143.0676,66.5744],[142.8647,66.6929],[142.7538,66.8128],[142.6545,67.0097],[142.615,67.1603],[142.6355,67.2647],[142.5779,67.3634],[142.6551,67.4519],[143.3367,67.6004],[143.6471,67.6366],[144.0147,67.6039],[144.6497,67.639],[144.7083,67.6922],[144.5072,67.7852],[145.0247,67.8709],[145.0931,67.9803],[145.2821,68.0229],[145.2783,68.0818],[145.3577,68.1787],[145.6444,68.2184],[145.6532,68.267],[145.7149,68.2934],[145.856,68.3037],[145.9127,68.3826],[145.9006,68.4312],[146.0708,68.5471],[146.2056,68.5776],[146.6461,68.5447],[146.9396,68.573],[147.0218,68.6243],[147.0556,68.7349],[147.1436,68.8006],[147.3462,68.8554],[147.3272,68.9303],[147.4832,68.9417],[147.4443,69.0721],[147.4884,69.1465],[147.4711,69.2207],[147.3922,69.2946],[147.4341,69.3518],[147.5969,69.3924],[147.6375,69.4399],[147.5677,69.5992],[147.4228,69.6682],[147.4737,69.7296],[147.451,69.7728],[147.5187,70.0038],[147.3897,70.0667],[147.3517,70.1436],[147.393,70.1948],[147.379,70.2719],[147.5382,70.3797],[147.5379,70.4251],[147.7828,70.5218],[147.8674,70.5952],[148.4918,70.6792],[148.9405,70.8375],[149.5606,70.9255],[149.6618,71.0299],[149.9128,71.1107],[149.9101,71.1739],[150.0976,71.2266]],[[144.7118,62.768],[145.009,62.5074]]]}},{"type":"Feature","properties":{},"geometry":{"type":"MultiLineString","coordinates":[[[67.86,23.9027],[67.9252,24.0008]],[[67.6458,23.9199],[67.7112,23.9566],[67.7134,24.0664]],[[67.9252,24.0008],[68.0166,23.9907],[68.037,23.8483]],[[67.9252,24.0008],[67.9242,24.0559],[67.7134,24.0664]],[[67.7134,24.0664],[67.6608,24.1049]],[[79.7346,32.4439],[79.4298,32.745]],[[79.4373,32.7381],[79.3408,32.8807],[79.0437,33.133],[78.9067,33.189],[78.8095,33.1645],[78.6398,33.2078],[78.2455,33.398],[78.0769,33.62],[77.5298,34.1061],[76.9669,34.2878],[76.2851,34.7083],[76.2215,34.7894],[76.2089,34.9237],[75.902,35.2095],[75.8628,35.2974],[75.5677,35.3571],[75.2639,35.5897],[74.8304,35.6935],[74.7401,35.7535],[74.7011,35.8364],[74.654,35.826],[74.6321,35.6008],[74.5753,35.5],[74.4608,35.4451],[74.2203,35.4084],[73.8569,35.497],[73.4233,35.538],[73.3016,35.4712],[73.2802,35.3304],[73.1751,35.2043],[72.8852,35.0045],[72.8948,34.8863],[72.9546,34.8454],[72.8137,34.7263],[72.7816,34.6225]],[[72.7069,34.0855],[72.6516,34.0317],[72.2972,33.9586],[72.1975,33.772],[72.0383,33.7571],[71.9139,33.5041],[71.7618,33.3723],[71.7197,33.1108],[71.651,32.9939],[71.4247,32.8377],[71.3545,32.6889],[71.3441,32.4835],[71.273,32.3111],[71.0702,31.9991],[70.8611,31.5695],[70.8008,31.2997],[70.829,30.9198],[70.7698,30.8108],[70.8235,30.6001],[70.7915,30.2119],[70.8266,30.004],[70.7919,29.8252],[70.6876,29.6755],[70.6566,29.5504],[70.7023,29.3535],[70.6116,29.0231],[70.3968,28.915],[69.962,28.5757],[69.8288,28.5313],[69.5349,28.2458],[69.059,28.0611],[68.9799,27.9752],[68.9417,27.9813],[68.9276,27.8531],[68.8831,27.8227],[68.9384,27.7192],[68.8265,27.6778],[68.6691,27.7705],[68.5731,27.6877],[68.3374,27.6025],[68.3066,27.5721],[68.2974,27.3714],[68.194,27.3421],[68.1623,27.3001],[68.1748,27.2076],[68.121,27.1931],[68.1085,27.1171],[67.9109,26.9098],[67.8909,26.4869],[67.9259,26.3022],[68.1168,26.1403],[68.3788,25.7948],[68.3409,25.7652],[68.3984,25.6207],[68.3424,25.5394],[68.3132,25.2261],[68.3516,25.1386],[68.3136,25.1323],[68.2451,24.9785],[68.2135,24.9971],[68.1165,24.8726],[68.0682,24.8698],[67.9356,24.4302],[67.85,24.3955],[67.7871,24.2392],[67.7022,24.1905],[67.6267,24.078],[67.454,24.0399]]]}},{"type":"Feature","properties":{},"geometry":{"type":"MultiLineString","coordinates":[[[94.7033,16.5119],[94.7423,16.9081],[94.9539,17.2573],[94.9477,17.3145],[95.0424,17.3711],[95.3044,17.7663],[95.5201,17.9076],[95.575,17.9042],[95.6331,17.8098],[95.9556,17.1298],[95.9515,17.0745],[96.0896,16.8467],[96.1891,16.7683]],[[95.4814,16.8139],[95.3235,16.3282],[95.2368,16.133],[95.0986,15.9578],[95.0784,15.8391]],[[95.5996,16.9017],[95.6492,16.7675],[95.8718,16.5933],[95.8668,16.4398],[96.0429,16.3399]],[[95.4725,17.7437],[95.356,17.6658],[95.296,17.5542],[95.3351,17.3788],[95.2635,17.3017],[95.2482,17.1785],[95.1861,17.0777],[95.1751,16.9034],[95.2217,16.7962],[95.1757,16.6744],[95.1068,16.5742],[95.0606,16.5656],[94.9074,16.2878],[94.6562,15.9888]]]}},{"type":"Feature","properties":{},"geometry":{"type":"MultiLineString","coordinates":[[[74.9936,53.9856],[74.9184,54.0028],[74.9244,54.0658],[74.8715,54.1279],[74.5585,54.3997],[74.1252,54.5864],[73.7282,54.6938]],[[73.7219,54.6938],[73.5389,54.8053],[73.3471,54.8499],[73.3176,54.8881],[73.346,54.9595],[73.1574,55.0974],[73.1703,55.1929],[73.1276,55.2422],[72.9932,55.2662],[73.163,55.389],[73.6618,55.6184],[74.0811,55.7291],[74.2718,55.7392],[74.4688,55.833],[74.6719,56.0105],[74.7093,56.058],[74.6699,56.1482],[74.6812,56.2637],[74.7291,56.289],[74.7488,56.3961],[74.6784,56.4779],[74.6559,56.607],[74.5905,56.6274],[74.5969,56.7575],[74.5109,56.8926],[74.1173,57.053],[74.1191,57.1332],[74.0489,57.163],[73.77,57.1794],[73.5993,57.2723],[73.441,57.2783],[72.9034,57.4583],[72.7796,57.4421],[72.3343,57.5653],[71.5271,57.6453],[71.4001,57.7192],[71.1075,57.7102],[70.4679,57.8471],[70.3735,57.957],[70.2944,57.9774],[70.1366,57.9587],[69.9742,58.0153],[69.6488,57.9601],[69.4267,58.0174],[69.2393,58.0001],[69.1968,58.0324],[69.0697,57.9999],[68.8706,58.037],[68.8182,58.0136],[68.4637,58.1493],[68.2258,58.1684]],[[68.8614,61.1244],[69.0107,61.0192],[69.3619,60.959],[69.5158,60.8854],[69.6226,60.7553],[69.8302,60.6503],[69.7692,60.5117],[69.801,60.4632],[69.778,60.3798],[69.8738,60.2586],[69.7697,60.207],[69.7206,60.1256],[69.8885,60.0053],[69.8885,59.8664],[69.7772,59.8167],[69.7575,59.7664],[69.4982,59.7275],[69.3343,59.6495],[69.2843,59.5766],[69.1335,59.5611],[68.9968,59.4523],[68.9248,59.4513],[68.9053,59.3542],[68.7993,59.24],[68.8818,59.1607],[68.8557,59.0212],[68.8008,59.0016],[68.8124,58.9351],[68.6967,58.853],[68.7053,58.7876],[68.5686,58.7535],[68.5491,58.5214],[68.3995,58.4997],[68.3284,58.3835],[68.2194,58.3277],[68.2222,58.1662]]]}},{"type":"Feature","properties":{},"geometry":{"type":"MultiLineString","coordinates":[[[-69.4616,-1.2307],[-69.4469,-1.448],[-69.3387,-1.6051],[-69.1278,-1.7537],[-68.9145,-1.8176],[-67.9639,-1.6391],[-67.6295,-1.6849],[-67.1382,-1.8537],[-66.8055,-1.8228],[-66.3631,-1.7056],[-65.9805,-1.7158],[-65.4455,-1.9045],[-65.3437,-1.869],[-65.2679,-1.9042],[-65.1931,-2.0632],[-65.2266,-2.1377],[-65.0109,-2.6666],[-64.8888,-2.7772],[-64.8746,-2.927],[-64.7737,-3.1092],[-64.7903,-3.2224]]]}},{"type":"Feature","properties":{},"geometry":{"type":"MultiLineString","coordinates":[[[99.3986,28.1196],[99.4307,27.8424],[99.6002,27.4257],[99.9963,26.9043],[100.0411,26.9403],[100.1086,27.2205],[100.2317,27.3986],[100.2186,27.5541],[100.2984,27.7949],[100.3901,27.8369],[100.5502,27.3013],[100.4496,27.169],[100.4859,27.0497],[100.4084,26.797],[100.4281,26.2788],[100.4586,26.2362],[100.7977,26.1785],[100.9607,26.211],[101.2001,26.3573],[101.3487,26.3811],[101.5903,26.5934],[101.7339,26.5987],[101.8413,26.5544],[101.9402,26.3626],[101.8471,26.0984],[101.8522,26.0164],[101.9121,25.9815],[102.0267,25.9935],[102.3308,26.2662],[102.4889,26.3411],[102.5825,26.3702],[102.635,26.2524],[102.6855,26.2367],[102.9901,26.3952],[103.0421,26.5235],[102.8974,27.0127],[102.9033,27.3127],[102.9691,27.412],[103.147,27.4343],[103.2002,27.5337],[103.4792,27.8138],[103.535,27.9216],[103.5323,27.9922],[103.4444,28.0652],[103.4839,28.1612],[103.5895,28.25],[103.7024,28.2292],[103.8405,28.2981],[103.8587,28.377],[103.8089,28.5653],[103.8507,28.668]],[[98.5415,31.6898],[98.799,31.438],[98.8554,31.3231],[98.7968,31.2612],[98.6375,31.2798],[98.6149,31.2064],[98.9466,30.7113],[98.919,30.6796],[99.0386,29.8491],[99.014,29.5508],[99.0964,29.2505],[99.1459,28.6412],[99.2214,28.3602],[99.3986,28.1264]]]}},{"type":"Feature","properties":{},"geometry":{"type":"MultiLineString","coordinates":[[[-59.0701,-14.5316],[-59.038,-14.2494],[-59.0769,-14.0376],[-59.0415,-13.9791],[-59.0192,-13.544],[-58.9603,-13.2891],[-58.9146,-12.4945],[-58.8629,-12.1809],[-58.7775,-12.0577],[-58.6987,-11.6571],[-58.6284,-11.5025],[-58.6796,-11.2344],[-58.6591,-10.9751]]]}},{"type":"Feature","properties":{},"geometry":{"type":"MultiLineString","coordinates":[[[29.5935,-2.9844],[29.9011,-3.0908],[29.9087,-3.1597],[30.0211,-3.2556],[30.0104,-3.365],[30.3906,-3.0877],[30.4697,-2.9204],[30.424,-2.8241],[30.4413,-2.7691],[30.7742,-2.4626],[30.8766,-2.1434],[30.8191,-1.9675],[30.8126,-1.5631],[30.7107,-1.3968],[30.632,-1.3675],[30.5081,-1.2082],[30.477,-1.083],[30.8092,-0.9949],[31.1245,-1.2],[31.4094,-1.2386],[31.5118,-1.2131],[31.6451,-1.0056],[31.7676,-0.9357]]]}},{"type":"Feature","properties":{},"geometry":{"type":"MultiLineString","coordinates":[[[22.2371,-11.2494],[22.1779,-10.8923],[22.2805,-10.784],[22.307,-10.6913],[22.2745,-10.2591],[22.1977,-10.0406],[21.8567,-9.5942],[21.8132,-9.4687],[21.9054,-8.6934],[21.8959,-8.3411],[21.8009,-8.1119],[21.7801,-7.8654],[21.8416,-7.421],[21.6922,-7.1092],[21.5474,-6.9637],[20.939,-6.5348],[20.7826,-6.3662],[20.58,-5.9927],[20.6375,-5.876],[20.8352,-5.7121],[21.0383,-5.3386],[21.0751,-5.1018],[21.0551,-4.7996],[20.9661,-4.6113],[20.8083,-4.5371],[20.5217,-4.3095],[20.4034,-4.2999],[20.285,-4.3904],[19.7419,-4.0814],[19.4096,-3.9589],[18.7399,-3.6265],[18.5101,-3.5988],[18.2917,-3.4571],[18.1298,-3.4116],[17.7964,-3.3907],[17.0601,-3.0592],[16.3641,-3.0732],[16.2811,-3.0966],[16.1906,-3.1944]]]}},{"type":"Feature","properties":{},"geometry":{"type":"MultiLineString","coordinates":[[[30.3712,2.3331],[30.4386,2.6627],[30.3628,2.8249],[29.5707,3.0937],[29.4404,3.3002],[29.3467,3.3029],[29.033,3.5975],[28.8141,3.5638],[28.586,3.5958]]]}},{"type":"Feature","properties":{},"geometry":{"type":"MultiLineString","coordinates":[[[-123.7799,41.2769],[-123.8371,41.3024],[-123.9912,41.5226],[-124.093,41.5396]],[[-121.8094,42.2512],[-121.7849,42.2148],[-121.8452,42.1369],[-122.0516,42.119],[-122.1566,42.0355],[-122.4472,41.9509],[-122.54,41.8871],[-122.8123,41.892],[-122.9993,41.8256],[-123.2227,41.8662],[-123.3421,41.8113],[-123.5115,41.532],[-123.5353,41.3149],[-123.6789,41.2254],[-123.7798,41.277]]]}},{"type":"Feature","properties":{},"geometry":{"type":"MultiLineString","coordinates":[[[145.216,61.8559],[145.6056,61.8993],[145.8014,61.8768],[146.096,61.7796],[146.3436,61.5901],[146.6575,61.4546],[146.8121,61.454],[147.0523,61.5221],[147.1192,61.4973],[147.3706,61.5902],[147.4329,61.7078],[147.4124,61.8725],[147.3546,61.9848],[147.2596,62.0448],[147.2553,62.1403],[147.3416,62.2713],[147.4643,62.3312],[147.9237,62.2291],[148.1199,62.0948],[148.5238,62.1068],[148.6626,61.9797],[148.6225,61.9132],[148.7269,61.785],[148.7217,61.6802],[148.7578,61.659],[149.0267,61.7003],[149.379,61.6603],[149.501,61.6743],[149.6059,61.8592],[149.9152,62.0205],[150.1897,62.0921],[150.4287,62.0878],[150.7135,62.1969],[150.8001,62.3405],[150.8165,62.4489],[150.7631,62.5928],[150.8447,62.6716],[151.4097,62.619],[151.6184,62.5594],[151.7417,62.4535],[151.942,62.5655],[151.992,62.5561],[152.0145,62.4709],[152.0844,62.4272],[152.271,62.4353],[152.2698,62.5253],[152.5053,62.8232],[152.4562,62.87],[152.4612,62.9289],[152.5434,63.063],[152.5833,63.3115],[152.9081,63.4561],[153.1581,63.67],[153.437,63.8195],[153.6644,63.9017],[154.3146,64.0325],[154.5174,64.1269],[154.5419,64.2127],[154.3716,64.2267],[154.3829,64.2946],[154.1751,64.4064],[154.0796,64.5119],[154.0306,64.6711],[153.8351,64.7343],[153.2217,64.7165],[153.0218,64.7794],[152.4869,64.8393],[151.9638,65.0424],[151.7576,65.1954],[151.5492,65.265],[151.2097,65.5318],[151.1501,65.6279],[150.7679,65.8866],[150.7441,65.9859],[150.7981,66.1493],[151.0369,66.1621],[151.1053,66.2348],[151.6344,66.2317],[151.7983,66.4208],[151.7777,66.4471],[152.4004,66.6465],[152.4394,66.6733],[152.3921,66.7509],[152.9218,67.0122],[153.0246,67.1091],[153.6252,67.2139],[153.5201,67.3457],[153.5347,67.4074],[153.6444,67.4634],[154.8648,67.6199],[155.3538,67.6465],[155.8038,67.6104],[156.2168,67.6572],[156.3541,67.753],[156.1321,67.8741],[156.1459,67.9439],[156.6671,67.9394],[157.4322,68.093],[157.6539,68.175],[157.6713,68.2649],[157.7719,68.3599],[157.9557,68.46],[158.0194,68.5454],[157.9631,68.6161],[158.0148,68.6565],[158.1746,68.6664],[158.4461,68.771],[158.5491,68.7885],[158.6666,68.7411],[159.1568,68.7825],[159.2146,68.6698],[159.3954,68.6319],[160.559,68.5119],[160.8561,68.5383]]]}},{"type":"Feature","properties":{},"geometry":{"type":"MultiLineString","coordinates":[[[98.0003,51.5141],[97.7033,51.4801],[97.298,51.3596],[96.524,51.3465],[96.0991,51.3831],[95.78,51.295]]]}},{"type":"Feature","properties":{},"geometry":{"type":"MultiLineString","coordinates":[[[-70.48,53.4065],[-70.4201,53.4083],[-70.362,53.4869],[-70.8446,53.4275]],[[-71.1168,53.5908],[-71.2773,53.664],[-71.4521,53.6779],[-71.8163,53.646]],[[-72.0361,53.5982],[-72.0945,53.6024],[-72.0819,53.6547],[-72.1127,53.6588],[-72.2795,53.621],[-72.5026,53.6912],[-72.6918,53.6787],[-73.3279,53.9159],[-73.9621,53.7481],[-74.4391,53.6839]],[[-77.4197,53.7978],[-77.6256,53.8201],[-78.3898,53.7619],[-78.9457,53.8316]]]}},{"type":"Feature","properties":{},"geometry":{"type":"MultiLineString","coordinates":[[[96.9413,31.9655],[97.0552,31.6919],[97.2068,31.4631],[97.1675,31.2326],[97.1879,31.1344],[97.3323,30.9786],[97.3782,30.7847],[97.4955,30.6183],[97.9627,30.1624],[98.1607,29.8102],[98.307,29.6802],[98.4113,29.4269],[98.6194,29.1257],[98.5933,29.0087],[98.8093,28.4783],[98.938,27.9595],[99.0117,27.8564],[99.0358,27.7683],[99.0052,27.6229],[99.1755,27.0711],[99.1141,26.5309],[99.1393,26.0215],[99.1566,25.9177],[99.3096,25.6443],[99.3413,25.315],[99.9386,24.7619],[100.1063,24.6866],[100.3316,24.7497],[100.5109,24.5449],[100.5477,24.3878],[100.529,24.211],[100.4852,24.1076],[100.4162,24.0777],[100.3556,23.8541],[100.1845,23.6197],[100.0668,23.2776],[100.1062,23.1491],[100.3132,22.8873],[100.4153,22.6356],[100.5669,22.5016],[100.6468,22.3058],[100.6218,22.2876],[100.7047,22.2052],[100.77,22.0473],[100.9837,21.845],[101.1656,21.7894],[101.1343,21.7744],[101.1473,21.5816],[101.0804,21.4687],[100.9275,21.3662],[100.7566,21.3127],[100.7031,21.2514],[100.6137,21.0593],[100.5362,20.9924],[100.5222,20.9219],[100.6229,20.8596],[100.3261,20.7957],[100.2493,20.7303],[100.115,20.2577],[100.318,20.3859],[100.4916,20.1841],[100.5533,20.1704],[100.5973,19.893],[100.6527,19.8252],[100.8567,19.8775],[101.4841,19.823],[102.1371,20.0866],[102.2326,20.0113],[101.8235,19.604],[101.8217,19.5128],[101.8858,19.3722],[101.819,19.1807],[101.8264,18.6981],[101.7705,18.5675],[101.4881,18.2622],[101.4083,18.1189],[101.4586,17.9018],[101.5637,17.8205]]]}},{"type":"Feature","properties":{},"geometry":{"type":"MultiLineString","coordinates":[[[5.3311,51.963],[5.1613,51.9935],[4.4259,51.8963],[4.0848,51.9941]]]}},{"type":"Feature","properties":{},"geometry":{"type":"MultiLineString","coordinates":[[[120.6484,60.4035],[120.3434,60.3962],[120.1843,60.3497],[120.0692,60.2616],[119.8741,60.2291],[119.5989,60.2523],[119.3548,60.1914],[119.1418,60.0465],[118.9586,59.9656],[118.6775,59.917],[118.4821,59.7778],[118.3225,59.7248],[117.4467,59.9865],[117.1294,60.1343],[116.8835,60.381],[116.3214,60.5052],[115.7979,60.7165],[115.5028,60.7747],[114.8926,60.7451],[114.7432,60.6923],[114.311,60.3687],[113.8225,60.1248],[113.5194,59.9116],[113.2396,59.7793],[112.8359,59.674],[112.7452,59.5785],[112.6428,59.5445],[112.5434,59.3633],[112.3937,59.2737],[111.8461,59.1868],[111.3226,58.9305],[111.2018,58.847],[111.1862,58.7686],[111.1166,58.7388],[110.9928,58.7577],[110.8054,58.659],[109.9702,58.6056],[109.7977,58.5392],[109.6943,58.3586],[109.4983,58.2313],[109.0847,58.2641],[108.7211,58.1134],[108.3316,57.825],[108.0337,57.7589],[108.0293,57.7016],[107.9044,57.635],[107.918,57.5705],[107.8718,57.5226],[107.6192,57.4078],[107.471,57.2924],[107.3181,57.2636],[107.1486,57.3256],[106.9885,57.3099],[106.9375,57.2701],[106.8648,57.0827],[106.5581,57.0255],[106.348,57.0508],[105.9857,56.833],[105.6724,56.7424],[105.7118,56.7113],[106.1729,56.6711],[106.2921,56.56],[106.2007,56.4106],[105.6947,56.2661],[105.676,56.2172],[105.8212,56.0698],[105.852,55.9757],[105.8106,55.8691],[105.6132,55.6334],[105.45,55.3259],[105.0761,55.0084],[105.1079,54.8498],[105.1903,54.8204],[105.2344,54.7535],[105.1846,54.4557],[105.2206,54.3839],[105.4572,54.2377],[105.6654,54.0217],[105.8063,54.0063],[106.0561,53.8583],[106.9271,53.8843],[107.1192,53.8579],[107.234,53.9993],[107.456,54.1045],[107.6571,54.2646],[107.7829,54.2938],[108.1066,54.1999],[108.0882,54.0818],[107.9801,54.0041]],[[126.6897,72.2944],[126.8969,72.0502],[127.1679,71.8453],[127.1419,71.7845],[127.2582,71.4117],[127.25,71.2939],[127.5066,70.9988],[127.4142,70.7418],[127.0908,70.6061],[126.7892,70.5406],[126.2311,70.5273],[125.8006,70.4493],[125.7699,70.4142],[125.9901,70.3086],[126.0189,70.2346],[125.9194,70.1453],[125.7734,70.0689],[125.2012,69.9035],[125.0787,69.8255],[125.0228,69.7163],[124.722,69.4003],[124.2511,69.1813],[124.0261,69.0304],[123.9271,68.6339],[123.774,68.3493],[123.5345,68.1728],[123.3095,68.0916],[123.1505,67.9292],[123.0574,67.6854],[123.0947,67.4546],[123.3979,66.9974],[123.5878,66.5809],[123.738,66.4614],[123.8761,66.198],[124.0275,66.0221],[124.211,65.8733],[124.2853,65.7331],[124.2679,65.5042],[124.3374,65.4412],[124.466,65.1842],[124.7905,64.9916],[125.3593,64.8181],[125.5031,64.6651],[126.5062,64.3779],[126.8526,64.2245],[127.2919,63.9652],[128.0775,63.6975],[128.2914,63.5615],[128.4169,63.5268],[129.1876,63.5235],[129.3796,63.4899],[129.5858,63.3054],[129.6373,63.1993],[129.6029,63.1102],[129.6223,63.0339],[129.6954,62.9708],[129.9094,62.5694],[130.0089,62.4788],[130.0513,62.3964],[130.0365,62.3221],[129.9338,62.2397],[129.7885,61.8935],[129.4763,61.6308],[128.7514,61.3231],[128.4808,61.266],[128.249,61.2692],[127.0473,61.1031],[126.3217,61.0708],[125.5783,60.857],[124.1471,60.5994],[122.2969,60.5754],[121.6534,60.5975],[121.4248,60.6425],[121.1618,60.6223],[120.8645,60.5371],[120.7004,60.4725],[120.6539,60.4067]]]}},{"type":"Feature","properties":{},"geometry":{"type":"MultiLineString","coordinates":[[[105.6887,58.0683],[105.877,57.9823],[106.1992,58.0275],[106.8899,57.8263],[107.409,57.8],[107.8918,57.9611],[108.0749,58.0895],[108.2509,58.1489],[108.4667,58.3397],[108.5064,58.4348],[108.4577,58.5469],[108.4977,58.5854],[108.4055,58.7808],[108.4516,58.8218],[108.4481,59.0249],[108.1339,59.3951],[108.0326,59.4491],[108.0453,59.5531],[107.9406,59.6566],[107.9625,59.7258],[108.0836,59.8179],[108.094,60.0514],[108.0379,60.205],[107.8972,60.2462],[107.8033,60.3429],[107.8409,60.4929],[107.8955,60.5539],[107.8666,60.6791],[107.9805,60.9141],[107.875,60.9553],[107.8659,61.0737],[108.0074,61.1448],[107.959,61.2306],[108.0363,61.3788],[107.9781,61.4669],[108.0849,61.6354],[108.0003,61.7517],[108.0143,61.8151],[108.0478,61.9293],[108.223,62.0342],[108.2246,62.1908],[108.2898,62.3327],[108.2245,62.4675],[108.0801,62.3499],[107.9621,62.3884],[107.9222,62.4425],[107.9501,62.5275],[108.6027,62.704],[108.5632,62.7546],[108.1703,62.7789],[108.2375,62.8415],[108.592,62.919],[108.1193,62.9902],[108.1117,63.0264],[108.2161,63.1017],[108.2185,63.143],[108.1512,63.1875],[107.9997,63.1893],[107.8869,63.0544],[107.8052,63.1107],[107.8153,63.1527],[107.6105,63.1588],[107.2783,63.3038],[106.8294,63.334],[106.8092,63.3495],[106.9178,63.4243],[106.9247,63.4709],[106.7407,63.5376],[106.5692,63.5262],[106.3565,63.4436],[106.1723,63.4452],[106.0258,63.367],[105.818,63.3924],[105.3852,63.3267],[105.1167,63.4638],[103.8065,63.6249],[103.6372,63.7854],[103.2715,63.8994],[102.8308,64.103],[102.5393,64.0977],[102.3727,64.0465],[101.9937,64.0937],[101.6172,64.2026],[101.023,64.1304],[100.5812,64.1872],[100.2778,64.2941],[100.1527,64.2775],[99.9292,64.1577],[98.1244,64.154],[98.0826,64.1301],[98.1886,64.0296],[98.159,63.9927],[97.9316,63.933],[97.9064,63.8888],[98.0298,63.7853],[98.0028,63.7613],[97.361,63.8255],[96.4764,63.8181],[96.3966,63.8646],[95.8872,63.9453],[95.6324,64.0255],[95.2777,64.0458],[94.8292,64.1599],[94.5189,64.1907],[94.1469,64.1716],[93.7138,64.2324],[92.8312,64.4379],[92.5483,64.427],[92.3336,64.3678],[92.0801,64.4125]],[[87.9612,65.776],[88.8362,65.9687],[89.2109,65.9043],[89.7398,65.7484],[90.0446,65.6273],[89.989,65.5213],[89.9917,65.2164],[90.0457,65.1162],[90.2735,65.0173],[90.3365,64.8311],[90.6597,64.7759],[91.0074,64.6081],[91.3446,64.5177],[92.0814,64.4113]]]}},{"type":"Feature","properties":{},"geometry":{"type":"MultiLineString","coordinates":[[[26.2493,-11.7429],[26.1657,-11.6717],[26.03,-11.6795],[25.8861,-11.6228],[25.7821,-11.4166],[25.6023,-11.2467],[25.5519,-11.1142],[25.5664,-11.0536],[25.6844,-10.9694],[25.7352,-10.7308],[25.6964,-10.6073],[25.6097,-10.5072],[25.4171,-10.462],[25.4402,-10.2295],[25.4131,-10.1372],[25.5467,-9.8114],[25.4894,-9.5872],[25.5611,-9.2665],[25.6107,-9.2285],[25.7287,-9.2757],[25.7856,-9.2206],[25.9012,-9.2038],[25.9657,-9.1368],[26.0366,-8.9955],[26.0309,-8.7919],[26.2836,-8.5436],[26.2676,-8.4737],[26.3409,-8.3127],[26.4413,-8.272]]]}},{"type":"Feature","properties":{},"geometry":{"type":"MultiLineString","coordinates":[[[26.9305,-5.6103],[27.0139,-5.2859],[26.8789,-4.7314],[26.1991,-4.2504],[26.0653,-4.1099],[26.0122,-3.9584],[26.0399,-3.7959],[26.0125,-3.6494],[25.93,-3.519],[25.9042,-3.3625],[25.9455,-2.8901],[25.8762,-2.7447]],[[25.8762,-2.7522],[25.7882,-2.4566],[25.8371,-1.6228],[25.8178,-1.2864],[25.5343,-0.816],[25.4233,-0.5452],[25.5536,-0.0356],[25.4894,0.2355],[25.2553,0.4592],[24.7908,0.5768],[24.4716,0.7528],[24.2923,0.7817]]]}},{"type":"Feature","properties":{},"geometry":{"type":"MultiLineString","coordinates":[[[-117.6681,61.3078],[-117.7056,61.3672],[-118.1429,61.4702],[-118.3235,61.4549],[-118.4015,61.3687],[-118.7002,61.2998],[-119.2196,61.2482],[-119.7727,61.3042],[-120.6734,61.5672],[-120.7139,61.6025],[-120.684,61.7522],[-120.713,61.7918],[-121.3632,61.8797],[-121.5892,61.9737],[-122.2353,62.1178],[-123.139,62.2043],[-123.3883,62.3104],[-123.2498,62.5481],[-123.2039,62.7094],[-123.2539,63.024],[-123.3107,63.1133],[-123.6832,63.3787],[-123.83,63.6305],[-124.0838,63.8968],[-124.3901,63.9995],[-124.4376,64.046],[-124.4478,64.2318],[-124.7891,64.4049],[-124.9056,64.526],[-124.9431,64.7075],[-125.0394,64.724],[-125.1532,64.8264],[-126.027,64.9563],[-126.4594,65.1774],[-127.0614,65.2953],[-128.0302,65.6083],[-128.4009,65.6199],[-128.715,65.6807],[-128.7501,65.7393],[-129.0654,65.95],[-129.1021,66.0404],[-129.0929,66.1086],[-129.0376,66.1545],[-128.7479,66.2505],[-128.6664,66.2922],[-128.6783,66.3267],[-129.4107,66.6443],[-130.1178,66.8604],[-130.1887,66.941],[-130.3063,67.258],[-130.3746,67.2965],[-130.705,67.3397],[-130.9557,67.4605],[-131.1597,67.4885],[-131.9066,67.4032],[-132.5689,67.2782],[-133.0201,67.2453],[-133.2603,67.3045],[-133.64,67.4791],[-133.8872,67.5259],[-134.1994,67.7176],[-134.2125,67.8027],[-134.4479,68.0725],[-134.4397,68.1772],[-134.3665,68.2916],[-134.1989,68.3446],[-134.0994,68.4293],[-134.0749,68.5171],[-134.1026,68.5761],[-134.2442,68.7062]],[[-134.2442,68.7062],[-134.391,68.7059],[-134.8359,68.9638]],[[-134.2442,68.7062],[-134.6256,69.0171],[-134.586,69.0706],[-134.313,69.1539],[-134.1743,69.2528]],[[-134.8359,68.9638],[-135.0337,68.9079],[-135.3217,68.9356],[-135.638,68.8922]],[[-134.8359,68.9638],[-135.0374,69.0624],[-135.0762,69.1099],[-135.0196,69.1393],[-135.0392,69.1813],[-135.255,69.3238]]]}},{"type":"Feature","properties":{},"geometry":{"type":"MultiLineString","coordinates":[[[-65.3955,-10.3923],[-65.3131,-10.2531],[-65.2986,-10.1468],[-65.3093,-9.8726],[-65.4217,-9.6105],[-65.3611,-9.5563],[-64.9141,-9.5833],[-64.8626,-9.5542],[-64.8018,-9.3723],[-64.6265,-9.2308],[-64.4231,-9.1811],[-64.2163,-9.002],[-64.1272,-8.9762],[-63.8493,-8.6191],[-63.5467,-8.5549],[-63.5452,-8.4659],[-63.3432,-8.1864],[-63.245,-8.2148],[-62.8876,-8.0339],[-62.8669,-7.9453],[-62.9803,-7.5773],[-62.9795,-7.3507],[-62.8979,-7.1232],[-62.8239,-7.0044],[-62.7574,-6.9944],[-62.6151,-6.8229],[-62.3675,-6.7231],[-62.3671,-6.5982],[-62.234,-6.2781],[-62.1842,-6.2303],[-61.8445,-6.2102],[-61.6677,-5.9272],[-61.6087,-5.8961],[-61.6198,-5.856],[-61.3854,-5.8275],[-61.1166,-5.6148],[-60.8649,-5.5292],[-60.7345,-5.4477],[-60.7252,-5.3704],[-60.6468,-5.2928],[-60.3884,-5.1469],[-60.2599,-4.9767],[-59.9662,-4.8514],[-59.7861,-4.4318],[-59.6991,-4.3666],[-59.5736,-4.3655],[-59.4888,-4.3177],[-59.3616,-4.1557],[-59.3277,-4.0454],[-59.0833,-3.7981],[-59.0901,-3.7197],[-58.9969,-3.5959],[-58.689,-3.3423]]]}},{"type":"Feature","properties":{},"geometry":{"type":"MultiLineString","coordinates":[[[-110.7437,44.7267],[-110.9326,44.653],[-111.054,44.6893],[-111.0997,44.7565]],[[-111.3092,44.8685],[-111.4065,44.8428],[-111.5533,44.8916],[-111.6256,44.9879],[-111.7186,45.2634],[-111.4927,45.7218],[-111.3897,46.085],[-111.5158,46.3604]]]}},{"type":"Feature","properties":{},"geometry":{"type":"MultiLineString","coordinates":[[[-76.5073,1.9427],[-76.1788,1.8975],[-75.791,2.1179],[-75.6901,2.1983],[-75.5181,2.57],[-75.3763,2.7745],[-75.2924,2.9813],[-75.2662,3.1904],[-74.8581,4.0378],[-74.8201,4.1943],[-74.8236,4.2743],[-74.8687,4.2778],[-74.8611,4.4217],[-74.5785,6.1623],[-74.433,6.3625],[-74.3859,6.5725],[-74.3171,6.6672],[-74.0535,6.8476],[-73.9431,6.9624],[-73.9002,7.0783],[-73.9249,7.1953],[-73.8298,7.8458],[-73.8517,8.0712],[-73.7897,8.1502]],[[-73.7965,8.1502],[-73.7652,8.3291],[-73.7841,8.5348],[-73.8429,8.8271],[-73.9425,8.9922],[-74.0831,9.03],[-74.4563,9.2613],[-74.5073,9.249],[-74.663,9.3911],[-74.7855,9.441],[-74.8056,9.6909],[-74.854,9.8102],[-74.8229,9.9864],[-74.912,10.1305],[-74.8924,10.2754],[-74.7267,10.6835],[-74.7281,10.8406],[-74.8446,11.1097]]]}},{"type":"Feature","properties":{},"geometry":{"type":"MultiLineString","coordinates":[[[95.78,51.295],[95.5585,51.4757],[95.2297,51.5854],[94.4648,51.7337]]]}},{"type":"Feature","properties":{},"geometry":{"type":"MultiLineString","coordinates":[[[-64.6638,-15.8598],[-64.72,-15.7992],[-64.8282,-15.4689],[-65.0208,-15.0833],[-64.9961,-14.9815],[-65.0874,-14.7173],[-65.0255,-14.6154],[-64.9757,-14.3268],[-65.0617,-14.0856],[-65.1993,-13.9492],[-65.201,-13.8554],[-65.3041,-13.6942],[-65.3021,-13.5334],[-65.1832,-13.1445],[-65.0291,-12.9368],[-65.0532,-12.6942],[-65.1693,-12.3901],[-65.142,-12.2676],[-65.1726,-12.1646],[-65.1221,-12.1106],[-65.1144,-11.9863],[-65.0312,-11.9132]]]}},{"type":"Feature","properties":{},"geometry":{"type":"MultiLineString","coordinates":[[[82.4005,30.4115],[82.8252,30.371],[83.1643,30.1261],[83.9253,29.7607],[84.0627,29.5859],[84.3918,29.5255],[84.5011,29.4519],[84.5166,29.3347],[84.6342,29.2537],[84.8539,29.2086],[85.0141,29.221],[85.2258,29.3128],[85.5919,29.2041],[86.2953,29.2245],[87.4721,29.1263],[87.6602,29.1515]]]}},{"type":"Feature","properties":{},"geometry":{"type":"MultiLineString","coordinates":[[[-76.6167,-9.9133],[-76.7652,-9.473],[-76.7329,-9.26],[-76.835,-9.1173],[-77.2244,-8.7686],[-77.5916,-8.1583],[-77.6225,-7.9102],[-78.0097,-6.9356],[-78.0623,-6.6698],[-78.2189,-6.4319],[-78.3745,-6.3005],[-78.4498,-6.1505],[-78.5675,-6.089],[-78.7163,-5.9146],[-78.7029,-5.7625],[-78.5284,-5.4457],[-78.4788,-5.4169],[-78.4343,-5.1978],[-78.382,-5.1709],[-78.3815,-4.9639],[-78.3363,-4.8039],[-78.1633,-4.6321],[-78.0911,-4.6458],[-77.6234,-4.4334],[-77.538,-4.4338],[-77.4295,-4.4809],[-77.4095,-4.5843],[-77.3417,-4.6227],[-77.3069,-4.7295],[-77.2627,-4.6903],[-77.1695,-4.7076],[-76.8322,-4.8221],[-76.566,-4.84],[-76.442,-4.9255],[-76.1725,-4.9436],[-76.1371,-4.9991],[-75.6855,-5.0254],[-75.6289,-5.0617],[-75.4452,-4.8653],[-75.2594,-4.7801],[-75.002,-4.7507],[-74.8475,-4.6906],[-74.796,-4.6],[-74.6254,-4.4784],[-74.5488,-4.4852],[-74.3118,-4.6544],[-74.2467,-4.6378],[-74.1774,-4.5023],[-74.1245,-4.4772],[-73.9625,-4.4914],[-73.8292,-4.5918],[-73.7236,-4.5794],[-73.4886,-4.4448]]]}},{"type":"Feature","properties":{},"geometry":{"type":"MultiLineString","coordinates":[[[104.9511,11.5909],[104.9513,11.5083],[105.0413,11.4277],[105.1049,10.8786],[105.311,10.5352],[105.831,10.0007]],[[104.9511,11.5909],[105.2662,11.3564],[105.2822,11.2741],[105.1991,10.978],[105.21,10.8895],[105.3577,10.7233],[105.3772,10.6406],[105.6965,10.3896],[106.1364,10.2217]],[[101.5637,17.8205],[101.6875,17.8894],[101.7748,18.0334],[101.9475,18.0815],[102.1015,18.2106],[102.4588,17.9846],[102.5525,17.9651],[102.6168,17.8333],[102.6606,17.818],[102.8075,17.9456],[103.0513,18.0285],[103.0912,18.1383]],[[103.0904,18.1371],[103.0912,18.1383]],[[103.0912,18.1383],[103.0923,18.1414]],[[103.0912,18.1383],[103.1485,18.2217],[103.2632,18.2785],[103.2517,18.3735],[103.2882,18.4084],[103.488,18.4182],[103.7922,18.3165],[103.9496,18.319],[104.4282,17.699],[104.7397,17.4617],[104.8161,17.3003],[104.7435,16.8844],[104.7506,16.6475],[104.8194,16.4661],[104.9499,16.3399],[105.0472,16.1603],[105.4063,15.9874],[105.3756,15.9422],[105.3989,15.8299],[105.6221,15.7],[105.6157,15.4883],[105.5203,15.3311],[105.6661,15.2733],[105.9065,14.9444],[105.9259,14.8258],[105.832,14.1577],[105.8552,14.0701],[105.9805,13.9479],[106.0215,13.6981],[105.9182,13.4052],[106.0227,13.1958],[105.9809,12.8934],[106.0175,12.4283],[105.9846,12.2894],[105.6358,12.2841],[105.5434,12.2043],[105.4861,12.0248],[105.3889,11.9364],[105.168,11.9201],[105.0,11.8216],[104.9511,11.5909]]]}},{"type":"Feature","properties":{},"geometry":{"type":"MultiLineString","coordinates":[[[-89.3761,28.9813],[-89.2571,29.1549],[-89.0157,29.2029]],[[-89.261,29.1551],[-89.2886,29.1775]],[[-89.2886,29.1775],[-89.1808,29.3357]],[[-89.2886,29.1775],[-89.666,29.4156],[-89.9729,29.6888],[-90.0116,29.8109],[-89.9325,29.9139],[-90.2496,29.9428],[-90.464,30.0317],[-90.8492,30.0403],[-91.1099,30.2088],[-91.2256,30.3684],[-91.2179,30.4795],[-91.3383,30.7062],[-91.5291,30.756],[-91.5571,30.78],[-91.5233,30.8538],[-91.5456,30.9083],[-91.6597,30.972],[-91.5964,31.1099],[-91.6183,31.277],[-91.5587,31.2879],[-91.529,31.3452],[-91.5057,31.5187],[-91.3725,31.7737],[-91.1565,31.9707],[-91.0746,32.1313],[-90.9376,32.2773],[-90.9447,32.3307],[-91.1038,32.4905],[-91.1496,32.625],[-91.0921,32.7259],[-91.1356,32.7558],[-91.0961,32.9377],[-91.1442,32.9669],[-91.1529,33.0406],[-91.1068,33.2179],[-91.1633,33.2945],[-91.141,33.4385],[-91.2146,33.5834],[-91.1727,33.6167],[-91.2075,33.6757],[-91.0527,33.8276],[-91.0604,33.9893],[-90.9147,34.0486],[-90.9403,34.1286],[-90.9097,34.1888],[-90.8172,34.2522],[-90.7623,34.3564],[-90.6354,34.4139],[-90.5392,34.7282],[-90.3199,34.8992],[-90.256,35.0464],[-90.1423,35.1143],[-90.0929,35.2036],[-90.1079,35.3142],[-90.066,35.4141],[-89.9265,35.5917],[-89.9435,35.6791],[-89.8946,35.7505],[-89.7797,35.8057],[-89.7636,35.8888],[-89.6889,35.921],[-89.7093,35.983],[-89.6341,36.1679],[-89.6745,36.2206],[-89.5835,36.2722],[-89.6117,36.322],[-89.5406,36.4267],[-89.5496,36.5531],[-89.4715,36.4889],[-89.3975,36.5878],[-89.2031,36.6255],[-89.1295,36.8111],[-89.1543,36.9921],[-89.2724,37.08],[-89.29,37.0128],[-89.3519,37.0355],[-89.4869,37.2127],[-89.5029,37.3005],[-89.462,37.4341],[-89.5234,37.6445],[-89.823,37.8841],[-90.1736,38.069],[-90.3658,38.2543],[-90.3166,38.4578],[-90.1342,38.8467],[-90.478,38.9481],[-90.5771,38.9096],[-90.6635,38.9875],[-90.7372,39.1818],[-90.9194,39.3869],[-91.3787,39.7494],[-91.5016,40.0975],[-91.4998,40.226],[-91.442,40.3794],[-91.3908,40.3971],[-91.3942,40.5366],[-91.1021,40.7498],[-90.954,41.0156],[-91.0013,41.146],[-91.0665,41.2059],[-91.0481,41.3691],[-90.4367,41.5604],[-90.1766,41.8836],[-90.1494,42.0537],[-90.5896,42.4448],[-90.6879,42.6103],[-91.0696,42.7886],[-91.1613,43.1023],[-91.1172,43.3312],[-91.2383,43.4402],[-91.2784,43.7974],[-91.3199,43.9363],[-91.3827,43.9908],[-91.841,44.1942],[-92.0551,44.3998],[-92.6435,44.6453],[-92.8199,44.7578],[-92.9626,44.7902],[-93.1188,44.9375],[-93.1752,44.9132],[-93.4079,45.2024],[-94.063,45.4392],[-94.1333,45.4963],[-94.2017,45.6616],[-94.3705,45.8528],[-94.3942,46.1943],[-94.0572,46.5432],[-93.6918,46.586],[-93.6406,46.6512],[-93.486,46.7252],[-93.4037,46.8074],[-93.3092,47.0232],[-93.5085,47.2113],[-93.7982,47.2422],[-93.7948,47.2903],[-93.9758,47.3358],[-94.0941,47.4328]],[[-95.0258,47.1561],[-94.8771,47.4514],[-94.7943,47.4821],[-94.6371,47.44]],[[-94.5077,47.4565],[-94.3265,47.4056]]]}},{"type":"Feature","properties":{},"geometry":{"type":"MultiLineString","coordinates":[[[-98.5597,43.0599],[-98.1433,42.8523],[-97.9649,42.8059],[-97.6981,42.8746],[-97.2388,42.8605],[-96.8045,42.7014],[-96.558,42.5248],[-96.451,42.506],[-96.3838,42.4178],[-96.2953,42.1329],[-96.0866,41.8214],[-96.0586,41.5458],[-95.9436,41.4609],[-95.9497,41.3674],[-95.8919,41.3162],[-95.9112,41.2452],[-95.8466,41.0803],[-95.859,40.7451],[-95.8261,40.6762],[-95.6847,40.4664],[-95.6616,40.3628],[-95.4637,40.1981],[-95.3625,40.0103],[-95.1162,39.8721],[-94.984,39.8912],[-94.9299,39.8615],[-94.8986,39.7411],[-95.0048,39.6916],[-95.0754,39.5974],[-95.0579,39.509],[-94.7779,39.194],[-94.6224,39.1244],[-94.5041,39.1244],[-94.3342,39.2044],[-94.0282,39.1536],[-93.5128,39.2375],[-93.5009,39.2699],[-93.4184,39.2401],[-93.2431,39.3609],[-93.1084,39.359],[-92.8766,39.192],[-92.9218,39.141],[-92.909,39.0303],[-92.654,38.976],[-92.5028,38.8903],[-92.2929,38.6589],[-92.1236,38.5861],[-91.6191,38.7063],[-91.4327,38.7069],[-91.0336,38.5852],[-90.8717,38.5788],[-90.5984,38.6806],[-90.4038,38.8347],[-90.3164,38.8595],[-90.1331,38.819]],[[-100.3941,44.4355],[-100.3445,44.374],[-99.9224,44.2445],[-99.9344,44.2054],[-99.8832,44.1418],[-99.6847,44.1131],[-99.647,44.1321],[-99.6842,44.2046],[-99.6262,44.208],[-99.5099,44.0603],[-99.3644,43.9906]],[[-111.6988,46.6627],[-111.7581,46.6707],[-111.8852,46.7865],[-111.9761,46.9971],[-111.9587,47.0961],[-111.6161,47.3415],[-111.293,47.4395],[-111.2895,47.4985],[-111.2374,47.5411],[-111.1366,47.5674],[-110.8564,47.7842],[-110.7923,47.7768],[-110.1667,48.0435],[-109.9947,47.816],[-109.8865,47.7619],[-108.9346,47.7952],[-108.7882,47.677],[-108.1906,47.6018]],[[-101.3997,47.5062],[-101.4226,47.4844],[-101.3615,47.3393],[-100.9788,47.231],[-100.8921,46.904],[-100.7771,46.7138]],[[-106.4058,48.0207],[-106.3667,48.0579],[-105.9557,48.0326],[-105.3402,48.0998],[-105.1248,48.0831],[-104.7495,48.15],[-103.8346,47.9942],[-103.7723,48.0273]]]}},{"type":"Feature","properties":{},"geometry":{"type":"MultiLineString","coordinates":[[[-5.2632,11.1388],[-5.1848,11.1245],[-4.7146,11.406],[-4.5394,11.4133],[-4.277,11.5333],[-3.9224,11.9977],[-3.7841,12.2957],[-3.6665,12.4014],[-3.6074,12.4015],[-3.5107,12.7149],[-3.45,12.7376],[-3.3358,12.6453],[-3.2778,12.6664],[-3.2076,12.4999],[-2.8493,12.3385],[-2.8637,12.2354],[-2.8164,12.1512],[-2.8239,12.0979],[-2.8862,12.0755],[-2.8542,11.8606],[-2.9006,11.8186],[-2.8018,11.743],[-2.7905,11.6062],[-2.8578,11.2424],[-2.8044,11.1653],[-2.9149,10.5923],[-2.7912,10.4324],[-2.8203,10.3228],[-2.7665,10.2382],[-2.7498,9.7972],[-2.7805,9.7458],[-2.7062,9.5339],[-2.6742,9.2826],[-2.7469,9.0451],[-2.6899,9.0251],[-2.6249,8.8396],[-2.3636,8.514],[-2.2467,8.2738],[-2.0874,8.1605],[-1.7676,8.2604],[-1.7974,8.328],[-1.8868,8.3565],[-1.8994,8.47],[-1.8213,8.6255],[-1.7128,8.6306]]]}},{"type":"Feature","properties":{},"geometry":{"type":"MultiLineString","coordinates":[[[148.0051,-36.967],[148.1969,-36.625],[147.9748,-36.0457],[147.7625,-35.9558],[147.5382,-35.9838],[147.4581,-35.9544],[147.3229,-36.0695],[147.2718,-36.0491]],[[147.0446,-36.1076],[146.4703,-35.9936],[146.3308,-36.0536],[146.2159,-36.0559]],[[146.0281,-36.0145],[145.8152,-35.9773],[145.5883,-35.8631],[145.2244,-35.8457],[144.9616,-35.9225],[144.9648,-36.0745],[144.9165,-36.1069],[144.7992,-36.1256],[144.6684,-36.088],[144.5243,-35.9941],[144.1631,-35.6345],[143.7142,-35.4114],[143.5845,-35.327],[143.5404,-35.2341],[143.4045,-35.1679],[143.3254,-34.788],[142.8575,-34.6551],[142.7737,-34.5876],[142.6188,-34.7835],[142.5714,-34.7751],[142.426,-34.5928],[142.3734,-34.3328],[142.1578,-34.1732],[141.7609,-34.1117],[141.5859,-34.1915],[141.4698,-34.183],[140.9479,-33.9989],[140.7632,-34.0955],[140.7728,-34.1894],[140.6135,-34.3146],[140.5708,-34.4262],[140.5331,-34.4327],[140.4521,-34.3942],[140.3519,-34.223],[140.2479,-34.1752],[139.9786,-34.1757],[139.8858,-34.0745],[139.7526,-34.0511],[139.7212,-34.0768],[139.6566,-34.1484],[139.6073,-34.3831],[139.6033,-34.5441],[139.6445,-34.6315],[139.5698,-34.7866],[139.6171,-34.8525],[139.3997,-34.884],[139.2891,-34.9809],[139.3546,-35.0481],[139.3096,-35.168],[139.4346,-35.2975],[139.3025,-35.3994]]]}},{"type":"Feature","properties":{},"geometry":{"type":"MultiLineString","coordinates":[[[103.9216,25.8789],[103.8357,25.7249],[103.883,25.3415],[103.8096,25.1285],[103.4878,24.9391],[103.4156,24.9553],[103.3922,25.0],[103.2185,24.9937],[103.1647,24.9437],[103.1651,24.863],[103.064,24.6766],[103.0528,24.6087],[103.1048,24.52],[103.0805,24.3214],[103.1693,23.8701],[103.2316,23.8024],[103.6102,23.9159],[103.5908,24.1096],[103.6227,24.1535],[103.7459,24.2038],[103.9873,24.4417],[104.3529,24.5624],[104.5373,24.7412],[104.6812,24.6588],[104.7999,24.6729],[105.2081,24.9911],[105.45,24.9049],[105.5826,24.7898],[105.9422,24.7069],[105.9944,24.6635],[106.1545,24.7828],[106.1882,24.8624],[106.1664,24.9277],[106.2307,24.9792],[106.7425,25.1887],[106.9436,25.2247]]]}},{"type":"Feature","properties":{},"geometry":{"type":"MultiLineString","coordinates":[[[72.6537,41.6674],[72.3493,41.4975],[72.2221,41.376],[72.1705,41.2464],[72.0532,41.1171],[71.8702,40.9882],[70.9648,40.7962],[70.355,40.4354]],[[77.7372,41.8796],[77.9776,41.8687],[78.0186,41.8363],[77.7628,41.6238],[77.5857,41.5363],[75.8819,41.4594],[75.4779,41.3966],[75.066,41.4464],[74.1799,41.4005],[73.9458,41.519],[73.9224,41.6495],[73.7973,41.7401],[73.5126,41.7974],[73.2979,41.776]]]}},{"type":"Feature","properties":{},"geometry":{"type":"MultiLineString","coordinates":[[[6.0386,51.8722],[5.9225,51.9605],[5.3311,51.963]]]}},{"type":"Feature","properties":{},"geometry":{"type":"MultiLineString","coordinates":[[[-68.014,-38.9747],[-67.7565,-39.0516],[-67.18,-39.1227],[-66.3728,-39.1165],[-66.0837,-39.2117],[-65.7652,-39.2612],[-65.6288,-39.331],[-65.3662,-39.7403],[-65.2337,-39.83],[-64.8986,-39.9105],[-64.6215,-40.0622],[-64.3712,-40.074],[-64.1719,-40.1659],[-63.5745,-40.5342],[-63.3875,-40.7092],[-63.1743,-40.7428],[-63.0278,-40.8259],[-62.8598,-40.9475],[-62.798,-41.0472]],[[-70.3361,2.0581],[-69.6833,2.159],[-69.4015,2.2625],[-68.8105,2.2145],[-68.6027,2.3598],[-68.4975,2.3785],[-68.385,2.3205],[-68.2775,2.3722],[-68.1131,2.6056],[-68.0927,2.5882],[-67.8591,2.7936],[-67.7665,2.8333],[-67.6187,2.7936],[-67.568,2.69],[-67.2108,2.3901],[-67.2152,2.2755],[-67.1138,2.0506],[-67.1314,1.9999],[-66.8845,1.3582],[-66.8774,0.9379],[-67.0079,0.8872],[-67.1366,0.8891],[-67.2307,0.7684],[-67.3195,0.4033],[-67.2769,0.1558],[-67.0769,-0.1221],[-66.3726,-0.3775],[-65.8396,-0.2642],[-65.4472,-0.3161],[-65.0055,-0.4575],[-64.7979,-0.449],[-64.1522,-0.3142],[-63.7961,-0.3197],[-63.6325,-0.3821],[-63.31,-0.5852],[-63.0251,-0.7022],[-62.7302,-0.985],[-62.4319,-1.1456],[-61.9335,-1.3774],[-61.7172,-1.4012],[-61.6199,-1.4495],[-61.4711,-1.6417],[-61.4347,-1.814],[-61.3548,-1.9265],[-61.0921,-2.2184],[-60.9035,-2.5533],[-60.5711,-2.9223],[-60.3604,-3.0653],[-59.9762,-3.1585],[-59.8968,-3.1276]]]}},{"type":"Feature","properties":{},"geometry":{"type":"MultiLineString","coordinates":[[[-70.8034,-36.5288],[-70.6483,-37.0769],[-70.6979,-37.2267],[-70.6749,-37.3251],[-70.1988,-37.4196],[-70.0401,-37.6146],[-69.9312,-37.6705],[-69.8086,-38.0776],[-69.604,-38.4348],[-69.3253,-38.5917],[-69.2237,-38.5973],[-68.8494,-38.3711],[-68.7687,-38.3664],[-68.3514,-38.6136],[-68.1728,-38.7663],[-68.014,-38.9747]]]}},{"type":"Feature","properties":{},"geometry":{"type":"MultiLineString","coordinates":[[[31.0428,59.951],[30.9816,59.8822],[30.7951,59.8109],[30.3474,59.9472],[30.1568,59.9043]]]}},{"type":"Feature","properties":{},"geometry":{"type":"MultiLineString","coordinates":[[[-79.0592,43.2781],[-79.066,43.1061]]]}},{"type":"Feature","properties":{},"geometry":{"type":"MultiLineString","coordinates":[[[6.2658,4.9914],[6.1312,4.844],[6.0775,4.7099],[6.0766,4.2906]],[[6.2658,4.9914],[6.271,4.4321]],[[6.4548,5.3628],[6.3023,5.316],[6.0902,5.1244],[5.7376,5.1914],[5.476,5.1538]],[[6.4548,5.3628],[6.3304,5.2208],[6.3536,5.1532],[6.2661,5.0955],[6.2658,4.9914]],[[6.5569,5.5422],[6.6061,5.3856],[6.5875,5.3012],[6.4432,5.0647],[6.4605,5.0026],[6.5725,4.9078],[6.7088,4.6075],[6.7152,4.3424]],[[-10.7321,9.0899],[-10.6217,9.235],[-10.5834,9.4529],[-10.6557,9.566],[-10.642,9.7504],[-10.8157,10.2477],[-10.7959,10.2939],[-10.6678,10.3314],[-10.6442,10.4033],[-10.481,10.4515],[-10.4332,10.5034],[-10.2706,10.5135],[-10.174,10.4716],[-9.97,10.6084],[-9.6583,10.6784],[-9.5355,10.7806],[-9.3434,11.0648],[-9.1987,11.0971],[-9.1359,11.1543],[-9.1405,11.3525],[-9.0889,11.4186],[-8.9618,11.4377],[-8.8519,11.5049],[-8.4327,11.9049],[-8.1747,12.2428],[-8.0514,12.5394],[-7.9643,12.6265],[-7.8369,12.6361],[-7.6664,12.7467],[-7.2791,13.104],[-6.9492,13.3248],[-6.3673,13.4091],[-6.2372,13.4843],[-6.0941,13.6722],[-6.0212,13.7103],[-5.7852,13.7452],[-5.5954,13.8871],[-5.2141,14.0081],[-5.1636,14.0786],[-4.9962,14.1547],[-4.4145,14.3133],[-4.2005,14.5507],[-4.1169,14.7718],[-3.9482,14.9636],[-3.9208,15.0726],[-3.9795,15.2812],[-3.8203,15.3952],[-3.8178,15.4317],[-3.9271,15.4674],[-3.9229,15.5035],[-3.7868,15.6197],[-3.8609,15.6421],[-3.7484,15.6838],[-3.6819,15.8722],[-3.5031,16.0467]],[[4.6257,9.8645],[4.6441,9.7552],[4.5864,9.4725],[4.6122,9.374],[4.7496,9.2434],[4.7638,9.1803],[5.0568,9.1496],[5.1586,9.0554],[5.6041,8.8826],[5.8024,8.7418],[6.0199,8.7545],[6.2913,8.7102],[6.3846,8.6284],[6.4384,8.4973],[6.7159,8.1444],[6.7707,8.0059],[6.776,7.793],[6.6596,6.743],[6.7409,6.2023],[6.7073,5.9775],[6.5563,5.5413],[6.4548,5.3628]],[[-4.3039,15.507],[-4.3383,15.6206],[-4.1851,15.8654],[-3.9612,15.9245],[-3.6894,16.1128],[-3.4675,16.161]],[[-3.5031,16.0467],[-3.4675,16.161]],[[-3.4675,16.161],[-3.2218,16.408]],[[-3.2218,16.408],[-3.206,16.2253],[-3.2705,16.1987],[-3.3288,16.1014],[-3.5031,16.0467]],[[-3.2218,16.408],[-3.1064,16.5113],[-3.0275,16.6502],[-2.1974,16.8371],[-2.0429,16.835],[-1.8966,16.915],[-1.4485,17.0355],[-1.1179,17.048],[-1.0515,17.0089],[-0.7704,16.9926],[-0.7051,16.9501],[-0.4565,16.9552],[-0.346,16.8728],[-0.0894,16.4259],[0.0028,16.1703],[0.1435,15.9831],[0.3974,15.7749],[0.5477,15.5104],[0.7388,15.4097],[0.6575,15.0459],[0.675,14.9876],[0.855,14.8607],[0.8913,14.7512],[1.0759,14.498],[1.3622,14.2799],[1.4634,14.1462],[1.5811,13.8469],[1.6707,13.7467],[2.1246,13.4757],[2.3097,13.2986],[2.3703,12.9757],[2.5206,12.6273],[2.5152,12.5519],[2.7182,12.5193],[2.7678,12.4321],[3.1496,12.1181],[3.2991,11.9271],[3.4498,11.8519],[3.5954,11.6963],[4.0223,11.484],[4.2407,11.2613],[4.6201,11.0447],[4.6877,10.9573],[4.7052,10.837],[4.6562,10.6072]]]}},{"type":"Feature","properties":{},"geometry":{"type":"MultiLineString","coordinates":[[[32.4901,15.6346],[32.5354,16.0404],[32.6285,16.2565],[32.9287,16.508],[33.1647,16.5662],[33.5188,16.7384],[33.6346,16.8245],[33.706,16.9441],[33.7401,17.2461],[33.925,17.5496],[33.9688,17.7924],[33.9416,18.1073],[33.9004,18.2781],[33.7182,18.4552],[33.6754,18.6619],[33.5905,18.7408],[33.5391,19.1734],[33.4135,19.3076],[33.3797,19.4231],[33.018,19.5108],[32.6197,19.1607],[32.5456,19.1519],[32.3063,18.8899],[32.1532,18.865],[32.0756,18.8115],[32.0046,18.6063],[31.9208,18.5802],[31.642,18.2229],[31.4741,18.0772],[31.1459,18.0017],[30.8087,18.1536],[30.5108,18.7937],[30.4579,19.4711],[30.35,19.7864],[30.3698,19.8569],[30.575,19.9673],[30.5911,20.2142],[30.5391,20.3285],[30.422,20.3582],[30.366,20.4169],[30.3166,20.6158],[30.3698,20.7743],[30.5763,20.9003],[30.5948,20.9852],[30.7092,21.1206],[30.6986,21.177],[30.9699,21.3991],[30.9941,21.4926],[31.0906,21.6092]],[[32.8795,23.9877],[32.921,24.7702],[32.8706,25.0375],[32.5404,25.3498],[32.4929,25.5654],[32.7041,25.7543],[32.764,25.8792],[32.7344,26.1288],[32.6776,26.1633],[32.3617,26.0674],[32.2287,26.0769],[32.1542,26.1712],[32.0152,26.2001],[31.8203,26.4453],[31.8123,26.5093],[31.7065,26.5642],[31.6947,26.6317],[31.5526,26.762],[31.3407,27.0571],[30.9693,27.3555],[30.8683,27.5003],[30.863,27.9852],[30.7443,28.1655],[30.74,28.2299],[30.8987,28.7915],[31.2191,29.282],[31.2869,29.7826],[31.2376,30.1207]]]}},{"type":"Feature","properties":{},"geometry":{"type":"MultiLineString","coordinates":[[[97.9832,28.425],[98.2969,28.1318],[98.3351,28.0083],[98.3418,27.84],[98.3017,27.73],[98.2149,27.6785],[98.1536,27.6736],[98.0798,27.7262],[98.0396,27.7067],[98.0875,27.4944],[98.3625,26.9735],[98.3536,26.7014],[98.158,26.0301],[98.055,25.8153],[97.8603,25.6406],[97.7747,25.6201],[97.6408,25.7059],[97.519,25.701]]]}},{"type":"Feature","properties":{},"geometry":{"type":"MultiLineString","coordinates":[[[-117.1325,52.014],[-117.0109,52.0767],[-116.9372,52.0716],[-116.8377,51.9934],[-116.5341,52.0216],[-116.4381,52.0795],[-116.4485,52.1763],[-116.3897,52.2761],[-116.2617,52.3785],[-116.0532,52.4375],[-115.5756,52.44],[-115.3984,52.387],[-114.9749,52.3632],[-115.0573,52.6435],[-115.2182,52.8953],[-115.2115,53.0097],[-115.1594,53.05],[-115.014,53.0829],[-114.8406,53.2757],[-114.7295,53.3206],[-114.5964,53.314],[-114.388,53.3923],[-113.9467,53.3328],[-113.6906,53.3892],[-113.6513,53.4508],[-113.3058,53.6285],[-112.8339,54.0226],[-112.7318,54.0318],[-112.5496,54.003],[-112.3129,54.0413],[-112.1929,54.0219],[-112.0501,53.9479],[-111.802,53.9016],[-111.7374,53.8697],[-111.7263,53.8122],[-111.5776,53.7739],[-111.0943,53.772],[-110.8583,53.8508],[-110.7117,53.8494],[-110.3017,53.6684],[-110.235,53.6858],[-109.9666,53.5934],[-109.6126,53.5487],[-109.5428,53.4282],[-109.1352,53.3083],[-108.8973,53.0822],[-108.3434,52.8185],[-108.3608,52.7553],[-108.3278,52.7342]],[[-108.334,52.7342],[-108.1031,52.6114],[-107.3575,52.3379],[-107.1804,52.3434],[-107.0569,52.3665],[-106.9616,52.4415],[-106.8946,52.5684],[-106.6915,52.7641],[-106.1501,53.171],[-106.0849,53.191],[-105.996,53.154],[-105.4559,53.2364],[-105.0651,53.2404]]]}},{"type":"Feature","properties":{},"geometry":{"type":"MultiLineString","coordinates":[[[96.5956,30.4479],[96.6753,30.4433],[96.7171,30.3333],[96.8536,30.2452],[97.2904,30.0324],[97.5465,29.5357],[97.8186,29.3674],[97.9491,29.2262],[98.1633,28.87],[98.3435,28.7155],[98.4739,28.2205],[98.6824,27.9134],[98.6762,27.8175],[98.8164,27.5815],[98.8687,27.3411],[98.8953,26.6564],[98.8569,26.177],[98.8819,25.3717],[98.856,25.1728],[98.9273,24.8278],[99.0299,24.6769],[99.0157,24.3826],[99.0888,24.317],[99.0577,24.248],[98.9225,24.1755],[98.4726,24.0259],[98.42,23.933],[98.5979,23.667],[98.6351,23.4169],[98.6919,23.3977],[98.7232,23.2938],[98.4738,23.1733],[98.5484,23.0679],[98.5131,22.9883],[98.6282,22.9184],[98.6293,22.8713],[98.5577,22.8115],[98.6256,22.4321],[98.5875,22.251],[98.7416,22.065],[98.718,21.995],[98.6053,21.9046],[98.5739,21.7898],[98.6237,21.6509],[98.5948,21.4827],[98.7731,21.0772],[98.7242,21.0204],[98.5079,20.9513]]]}},{"type":"Feature","properties":{},"geometry":{"type":"MultiLineString","coordinates":[[[91.5184,31.943],[91.5457,31.8149],[91.6906,31.696],[91.7936,31.4784],[91.8628,31.4179],[92.0319,31.3957],[92.1335,31.299],[92.2208,31.3042],[92.3187,31.429],[92.4283,31.4855],[92.8687,31.5626],[93.6865,31.5045],[94.106,31.5233],[94.5279,31.4679],[94.5753,31.4426],[94.5312,31.2508],[94.7101,31.0907],[95.0385,31.1861],[95.1808,31.188],[95.3987,31.1364],[95.563,30.9846],[95.6674,30.9565],[95.9624,30.9781],[96.1575,30.9209],[96.3396,30.8352],[96.5542,30.4371],[96.5956,30.4479]]]}},{"type":"Feature","properties":{},"geometry":{"type":"MultiLineString","coordinates":[[[85.0562,52.4336],[84.5891,52.4219],[84.0033,52.3316],[83.8312,52.3618],[83.7281,52.4143],[83.6941,52.489],[83.6575,53.0403],[83.6851,53.0833],[83.8172,53.1094],[83.8602,53.1747],[83.8376,53.3533],[83.7119,53.4188],[83.3315,53.4567],[83.2285,53.5027],[82.8969,53.4374],[82.5806,53.4459],[82.3876,53.5451],[82.237,53.6836],[81.8356,53.7894],[81.4201,53.8082],[81.3341,53.8856]],[[70.3538,61.3012],[70.979,61.2976],[71.2575,61.1954],[71.4471,61.2528],[72.3465,61.2928],[73.5662,61.1964],[73.8766,61.2144],[74.0022,61.177],[74.2229,61.2071],[74.4292,61.1684],[74.5146,61.2132],[74.6453,61.2154],[74.8684,61.1602],[75.3334,61.1237],[75.7137,61.0101],[75.9944,61.0395],[76.3077,60.9304],[76.5166,60.9251],[77.2154,60.6743],[77.6023,60.6621],[77.8072,60.4831],[77.9487,60.4218],[78.2934,60.4047],[78.3453,60.3317],[78.563,60.1963],[78.8359,60.1405],[78.9619,60.0546],[78.9792,59.884],[79.1299,59.805],[79.1658,59.7659],[79.1483,59.689],[79.2826,59.5576],[79.6233,59.4604],[79.6647,59.4121],[80.0932,59.4236],[80.1582,59.385],[80.152,59.289],[80.2279,59.265],[80.4673,59.3283],[80.5161,59.2433],[80.8024,59.108],[81.2565,59.1178],[81.5681,58.8309],[81.5544,58.7182],[81.7754,58.7358],[81.9025,58.6601],[81.9077,58.6103],[82.1722,58.5492],[82.4025,58.4273],[82.4346,58.3689],[82.7343,58.3054],[82.8838,58.3125],[82.961,58.1934],[83.1597,58.1267],[83.41,57.776],[83.7773,57.6992],[83.9974,57.3062],[84.3435,57.2105],[84.4061,57.1091],[84.4363,56.9107],[84.4014,56.7925],[84.0639,56.4578],[84.0242,56.2272],[83.925,56.1214],[83.8788,55.9295],[83.6502,55.6799],[83.6447,55.6292],[83.323,55.4755],[82.8879,55.4035],[82.8767,55.1729],[82.8375,55.1293],[83.0534,54.9151],[83.0254,54.8452]]]}},{"type":"Feature","properties":{},"geometry":{"type":"MultiLineString","coordinates":[[[68.8569,61.124],[69.0105,61.1977],[69.1886,61.1956],[69.4081,61.2716],[70.0212,61.2516],[70.3538,61.3012]]]}},{"type":"Feature","properties":{},"geometry":{"type":"MultiLineString","coordinates":[[[68.8569,61.124],[68.7861,61.0893],[68.5888,61.0955],[68.3476,61.1807],[68.3086,61.2558],[68.3477,61.3509],[68.3249,61.4512],[67.5858,61.7116],[67.292,62.0866],[67.0427,62.1999],[66.5107,62.3184],[66.39,62.4195],[65.9883,62.4821],[65.6797,62.6221],[65.2575,62.8786],[65.1401,63.0725],[65.2113,63.206],[65.527,63.395],[65.5571,63.4962],[65.7674,63.5839],[65.7091,63.734],[65.8051,63.8094],[65.8061,64.0757],[66.0306,64.1544],[65.8954,64.2619],[65.9199,64.3701],[65.8762,64.4259],[65.6902,64.5371],[65.6883,64.6593],[65.5013,64.7557],[65.5651,64.9815],[65.3006,65.0527],[65.2569,65.0988],[65.3622,65.2834],[65.6063,65.4677],[65.6667,65.6847],[65.8315,65.8424],[65.8766,65.9328],[65.8213,66.1366],[66.2999,66.4114],[66.4514,66.5709],[66.6633,66.6265],[67.1528,66.5832],[67.315,66.6408]],[[67.315,66.6408],[68.1975,66.5376],[68.6551,66.7515]],[[67.315,66.6408],[67.6922,66.7829],[68.1048,66.8141],[68.6551,66.7515]],[[68.6551,66.7515],[69.0135,66.7884]]]}},{"type":"Feature","properties":{},"geometry":{"type":"MultiLineString","coordinates":[[[17.618,49.7394],[17.9464,49.6371],[18.1417,49.7299],[18.3073,49.8856],[18.3166,49.9724],[18.231,50.1375],[18.2518,50.2197],[17.9582,50.5322],[17.9384,50.6565],[17.8804,50.7217],[17.4502,50.882],[17.1936,51.0678],[16.8691,51.2288],[16.4747,51.2448],[16.4396,51.3153],[16.4622,51.518],[16.4077,51.595],[16.2231,51.677],[15.8466,51.7434],[15.7688,51.8112],[15.7579,51.9609],[15.6825,52.0105],[14.7609,52.0769],[14.7046,52.1102],[14.6799,52.25],[14.5546,52.3596],[14.6194,52.5285],[14.514,52.6456],[14.1286,52.8782],[14.1389,52.9329],[14.3686,53.1055],[14.5806,53.4452],[14.6183,53.5258],[14.5835,53.6393]]]}},{"type":"Feature","properties":{},"geometry":{"type":"MultiLineString","coordinates":[[[-85.186,38.6937],[-85.4054,38.73],[-85.4448,38.6831],[-85.4248,38.5966],[-85.4587,38.5302],[-85.5463,38.484],[-85.7063,38.3014],[-85.7885,38.2852],[-85.9612,38.014],[-86.0213,37.9843],[-86.2075,38.0366],[-86.3614,38.179],[-86.3651,38.1446],[-86.4574,38.1202],[-86.5992,37.8748],[-86.8691,37.9761],[-87.141,37.8052],[-87.4573,37.9381],[-87.5874,37.9557],[-87.6432,37.833],[-87.7145,37.8996],[-87.8921,37.913],[-87.9381,37.7938],[-88.0218,37.8004],[-88.129,37.6995],[-88.1075,37.5344],[-88.1905,37.4646],[-88.4947,37.3643],[-88.4463,37.1204],[-88.4717,37.0884],[-88.8726,37.1855],[-89.0462,37.183],[-89.1346,37.1025],[-89.1543,36.9921]],[[-79.9909,40.4477],[-80.149,40.5216],[-80.2647,40.661],[-80.344,40.6862],[-80.6375,40.6033],[-80.659,40.563],[-80.6018,40.3639],[-80.8743,39.6643],[-81.2625,39.3865],[-81.3924,39.3648],[-81.4396,39.3926],[-81.6572,39.272],[-81.8026,39.0861],[-81.7801,38.947],[-81.8967,38.8935],[-82.0011,39.0111],[-82.0723,38.9629],[-82.2035,38.7682],[-82.1801,38.6376],[-82.3871,38.434],[-82.4975,38.415],[-82.6213,38.4507],[-82.8446,38.6277],[-82.8804,38.7102],[-83.0001,38.714],[-83.2035,38.6389],[-83.357,38.6274],[-83.5384,38.6999],[-83.6899,38.6495],[-84.2273,38.8652],[-84.2904,38.9747],[-84.4301,39.0909],[-84.6605,39.0945],[-84.7069,39.1289],[-84.7659,39.125],[-84.8606,39.0397],[-84.8355,38.996],[-84.8639,38.9332],[-84.7896,38.8684],[-84.8007,38.8194],[-85.1861,38.6937]]]}},{"type":"Feature","properties":{},"geometry":{"type":"MultiLineString","coordinates":[[[126.6897,72.2944],[126.4746,72.3526],[126.0191,72.3042],[125.786,72.3404],[124.6142,72.6646],[124.4694,72.6568],[123.6067,72.7925],[123.1894,72.7734],[122.7519,72.9065]]]}},{"type":"Feature","properties":{},"geometry":{"type":"MultiLineString","coordinates":[[[25.5061,-30.6121],[25.3441,-30.5604],[24.9778,-30.2631]],[[24.7308,-29.9792],[24.4894,-29.8183],[24.3577,-29.678],[23.9842,-29.5055],[23.6275,-29.074],[23.5392,-29.2047],[23.3764,-29.2114],[23.0144,-29.4305],[22.9805,-29.5118],[22.8522,-29.558],[22.8634,-29.6243],[22.8123,-29.6688],[22.6377,-29.4927],[22.2665,-29.2676],[22.2571,-29.1773],[22.1219,-28.9182],[22.0564,-28.8536],[21.9082,-28.8255],[21.7446,-28.5445],[21.586,-28.4078],[21.3621,-28.4175],[20.9703,-28.7139],[20.8268,-28.7485],[20.6022,-28.7474],[20.2098,-28.5137],[20.0573,-28.4527],[19.8778,-28.4494],[19.5398,-28.5746],[19.4829,-28.6617],[19.3127,-28.7333],[19.2458,-28.9016],[19.1618,-28.9387],[18.8388,-28.8691],[18.1027,-28.8717],[17.9761,-28.8113],[17.448,-28.6981],[17.3478,-28.5012],[17.3857,-28.3532],[17.3587,-28.2694],[17.2046,-28.1988],[17.1494,-28.0823],[17.0563,-28.031],[16.8753,-28.1279],[16.7558,-28.4522],[16.6262,-28.4879],[16.4476,-28.6175]],[[29.0575,-29.0818],[29.0169,-29.2175],[28.8088,-29.3587],[28.7215,-29.5498],[28.7686,-29.6428],[28.7444,-29.6784],[28.7732,-29.8022],[28.6665,-29.9095],[28.6935,-29.9479],[28.6446,-30.0177],[28.4544,-30.0447],[28.2089,-30.0061],[28.0255,-30.0488],[27.9245,-30.1013],[27.8354,-30.2497],[27.7132,-30.2817],[27.6567,-30.3736],[27.3896,-30.3262],[27.2829,-30.4758],[27.082,-30.5218],[26.9879,-30.609],[26.7959,-30.6777],[26.6838,-30.6792],[26.1797,-30.5087],[25.9718,-30.5454]]]}},{"type":"Feature","properties":{},"geometry":{"type":"MultiLineString","coordinates":[[[-63.4359,2.3741],[-63.6405,2.3124],[-63.8491,2.1564],[-63.9908,2.1527],[-64.2785,2.2654],[-64.6797,2.3258],[-65.022,2.4564],[-65.1961,2.5873],[-65.246,2.8178],[-65.5366,3.1424],[-65.9421,3.1623],[-66.0111,3.1302],[-66.0358,3.0524],[-66.1287,3.0241],[-66.4134,3.0913],[-66.4999,3.1614],[-66.8006,3.6063],[-66.9462,3.706],[-67.0154,3.8962],[-67.1155,3.9478],[-67.4796,3.9807],[-67.7323,4.0865],[-67.8553,4.5069],[-67.8042,5.1325],[-67.8249,5.2705],[-67.7884,5.3755],[-67.6946,5.4475],[-67.6423,5.5588],[-67.6313,5.7094],[-67.5752,5.8331],[-67.4739,5.93],[-67.4394,6.0255],[-67.4716,6.1198],[-67.1189,6.5568],[-67.062,6.8514],[-67.0712,7.0332],[-66.9594,7.1511],[-66.5635,7.3958],[-66.461,7.5417],[-66.2973,7.6288],[-65.912,7.7138],[-65.7686,7.841],[-65.6406,7.8925],[-65.2206,7.8572],[-64.8376,7.6705],[-64.5099,7.8244],[-64.5454,7.9429],[-64.4809,7.9994],[-64.2875,8.0654],[-64.1141,7.9805],[-63.9931,7.9739],[-63.8494,8.0915],[-63.7275,8.1357],[-63.5583,8.1453],[-63.2495,8.2726],[-63.1009,8.3035],[-62.9531,8.2839],[-62.7911,8.3339],[-62.4293,8.5533],[-62.152,8.642]],[[-62.152,8.642],[-61.8803,8.5821],[-61.6187,8.5975],[-61.0988,8.9413]],[[-62.0633,9.0363],[-62.0388,8.8278],[-62.152,8.642]],[[-61.736,9.6312],[-61.9239,9.1515],[-62.0633,9.0363]],[[-62.2998,9.7882],[-62.4142,9.5621],[-62.3882,9.4211],[-62.2771,9.2448],[-62.0633,9.0363]]]}},{"type":"Feature","properties":{},"geometry":{"type":"MultiLineString","coordinates":[[[73.6046,37.4461],[73.3829,37.4623],[73.2112,37.4085],[72.7571,37.1727],[72.6574,37.0291]]]}},{"type":"Feature","properties":{},"geometry":{"type":"MultiLineString","coordinates":[[[72.6574,37.0291],[72.3588,36.9829],[71.8021,36.6943],[71.5975,36.7329],[71.4329,37.1276],[71.5822,37.9101],[71.2785,37.9184],[71.3327,38.1703],[71.2559,38.307],[71.0522,38.4179],[70.8789,38.4564],[70.7359,38.4226],[70.6158,38.3344],[70.4177,38.0755],[70.2147,37.9244],[70.2515,37.6642],[70.1198,37.5435],[69.8209,37.6096],[69.4921,37.5531],[69.4201,37.4867],[69.3992,37.3993],[69.4145,37.2078],[69.3039,37.1169],[69.2648,37.1084],[68.9118,37.3339],[68.8237,37.2707],[68.6692,37.2584],[68.3869,37.1375],[68.2995,37.0884],[68.261,37.0131],[68.2121,37.0215]]]}},{"type":"Feature","properties":{},"geometry":{"type":"MultiLineString","coordinates":[[[-46.3139,-19.1707],[-46.5607,-18.8522],[-46.5169,-18.7931],[-46.5194,-18.6517],[-46.5864,-18.448],[-46.8672,-18.2844],[-47.0706,-18.2768],[-47.2348,-18.112],[-47.3189,-18.0832],[-47.4465,-18.1707]],[[-48.0179,-18.4344],[-48.227,-18.3403]],[[-49.1084,-18.3884],[-49.1793,-18.4048],[-49.3365,-18.5849],[-49.4168,-18.6027],[-49.4883,-18.5221],[-49.5533,-18.5101],[-49.6781,-18.6001],[-49.7888,-18.6145]]]}},{"type":"Feature","properties":{},"geometry":{"type":"MultiLineString","coordinates":[[[-59.1816,-33.8059],[-58.5907,-34.0382],[-58.4295,-33.9909]],[[-60.3897,-33.1734],[-59.8545,-33.5339],[-59.1816,-33.8059]],[[-60.3897,-33.1734],[-60.111,-33.2488],[-59.8229,-33.2503],[-59.6643,-33.3153],[-59.328,-33.6041],[-59.1816,-33.8059]],[[-60.391,-33.1731],[-60.3897,-33.1734]],[[-58.6048,-27.3144],[-58.8776,-27.512],[-58.8239,-27.7182],[-58.8616,-27.9711],[-58.9298,-28.0764],[-59.035,-28.1423],[-59.0875,-28.2882],[-59.1221,-28.7349],[-59.2052,-29.0322],[-59.4404,-29.1704],[-59.5651,-29.3353],[-59.6504,-29.7299],[-59.614,-30.1104],[-59.651,-30.2328],[-59.6248,-30.5264],[-59.6543,-30.7172],[-60.3015,-31.5542],[-60.4476,-31.6659],[-60.5811,-31.6994],[-60.6659,-31.7677],[-60.7021,-31.8708],[-60.6781,-32.1357],[-60.757,-32.5174],[-60.7443,-32.6454],[-60.5406,-33.0532],[-60.3897,-33.1734]],[[-54.6106,-25.4327],[-54.6319,-26.0058],[-54.7551,-26.5329],[-54.8255,-26.6522],[-54.9345,-26.7025],[-55.1296,-26.8861],[-55.1359,-26.9311],[-55.4267,-27.0093],[-55.5649,-27.15],[-55.6329,-27.3571],[-55.7146,-27.4148],[-55.79,-27.4164],[-55.9515,-27.3257],[-56.1641,-27.3215],[-56.3705,-27.5374],[-56.4371,-27.5538],[-56.6034,-27.4678],[-56.7157,-27.4938],[-56.974,-27.4358],[-57.1118,-27.4701],[-58.1683,-27.2734],[-58.6048,-27.3144]],[[-53.786,-23.3333],[-53.9075,-23.4069],[-53.9955,-23.5702],[-54.1247,-23.9784],[-54.2669,-24.0659],[-54.0665,-24.0043],[-53.8578,-23.4234],[-53.786,-23.3333]],[[-52.9608,-22.4548],[-53.1163,-22.64],[-53.4808,-22.8524],[-53.6201,-23.001],[-53.6902,-23.198],[-53.786,-23.3333]],[[-51.3968,-20.4414],[-51.5343,-20.5577],[-51.6919,-20.9438],[-51.8664,-21.1826],[-51.8729,-21.3297],[-51.9364,-21.4228]],[[-50.4897,-19.0204],[-50.5316,-19.0871],[-50.6418,-19.1185],[-50.792,-19.2385],[-50.8643,-19.4377],[-50.9642,-19.5113],[-50.9975,-19.6676]],[[-55.0753,-14.3194],[-55.4325,-14.3574],[-55.8003,-14.5488],[-56.1725,-14.6803],[-56.3159,-14.7781],[-56.4968,-15.0369],[-56.4973,-15.1039],[-56.3366,-15.239],[-56.2055,-15.5308],[-56.1169,-15.6085],[-56.0888,-15.6802],[-56.122,-15.8453],[-55.8896,-16.0685],[-55.9632,-16.1946],[-55.9471,-16.3092],[-56.0311,-16.4128],[-56.2731,-16.483],[-56.3821,-16.565],[-56.6204,-16.8723],[-56.5897,-17.0672],[-56.8875,-17.5179],[-57.0797,-17.7343],[-57.3699,-17.8757],[-57.4323,-18.045],[-57.3859,-18.3206],[-57.407,-18.4966],[-57.4956,-18.5732],[-57.567,-18.7688],[-57.6882,-18.9191],[-57.6685,-18.9775],[-57.5882,-19.0186],[-57.3653,-19.0704],[-57.304,-19.2326],[-57.3091,-19.3514],[-57.408,-19.4852],[-57.458,-19.6521],[-57.6486,-19.7516],[-57.8347,-19.9699],[-58.1494,-20.1774],[-58.1476,-20.2497],[-57.9879,-20.4979],[-57.9657,-20.6869],[-57.8754,-20.7151],[-57.9209,-20.803],[-57.8805,-20.822],[-57.9018,-20.887],[-57.8224,-21.0085],[-57.8874,-21.2496],[-57.8797,-21.375],[-57.9265,-21.4638],[-57.9176,-21.7889],[-57.9813,-22.0904],[-57.9697,-22.2152],[-57.8616,-22.3557],[-57.7882,-22.5888],[-57.8165,-22.6707],[-57.8991,-22.7011],[-57.9034,-22.7514],[-57.7917,-22.898],[-57.7903,-22.9803],[-57.5605,-23.2102],[-57.4758,-23.3483],[-57.4589,-23.4986],[-57.2929,-23.7795],[-57.3269,-23.8754],[-57.2987,-23.9718],[-57.1722,-24.1322],[-57.1902,-24.1615],[-57.0725,-24.4784],[-57.1244,-24.7239],[-57.2365,-24.9147],[-57.2211,-24.9838],[-57.4985,-25.11],[-57.6352,-25.2448],[-57.6439,-25.3284],[-57.5631,-25.4737],[-57.5717,-25.5342],[-57.7548,-25.6971],[-57.8906,-26.0066],[-58.1111,-26.1802],[-58.203,-26.3815],[-58.1913,-26.63],[-58.3347,-26.8249],[-58.3226,-26.8576],[-58.4363,-26.922],[-58.6186,-27.1321],[-58.6418,-27.1961],[-58.6048,-27.3144]]]}},{"type":"Feature","properties":{},"geometry":{"type":"MultiLineString","coordinates":[[[-122.2217,56.0212],[-122.1702,55.972],[-122.0483,55.9738],[-121.8261,56.091],[-121.365,56.2401],[-121.0394,56.2383],[-120.2435,56.1217],[-119.7346,56.18],[-119.1447,56.3159],[-118.9778,56.267],[-118.9165,56.0699],[-118.7158,55.9562],[-118.0679,55.9493],[-117.7391,56.0225],[-117.2731,56.2882],[-117.1276,56.5365],[-117.1432,56.6157],[-117.3186,56.8433],[-117.2127,57.117],[-117.0972,57.2291],[-117.1333,57.3088],[-117.0539,57.5998],[-117.1064,57.7515],[-117.0826,57.8864],[-117.148,57.9705],[-117.1165,58.0245],[-116.9564,58.0992],[-116.5918,58.1147],[-116.573,58.1617],[-116.6435,58.2916],[-116.495,58.3058],[-116.4546,58.2594],[-116.0028,58.4503],[-115.1692,58.3595],[-114.9684,58.3705],[-114.0859,58.6637],[-113.8234,58.7102]],[[-113.7135,58.6693],[-113.127,58.8324],[-113.1344,58.8651],[-113.0261,58.9033],[-112.6922,59.1521],[-112.1018,59.0779],[-111.9444,59.0991],[-111.9312,59.0698],[-112.0591,58.9631],[-112.0296,58.9409],[-111.5394,58.9266],[-111.4108,59.0051]]]}},{"type":"Feature","properties":{},"geometry":{"type":"MultiLineString","coordinates":[[[59.287,62.0575],[59.076,62.0219],[58.8899,62.0571],[58.7774,61.996],[58.4377,62.0732],[58.2338,62.0666],[57.9092,61.9127],[57.8278,61.8064],[57.2287,61.6988],[57.0093,61.7278],[56.8574,61.8026],[56.796,61.9843],[56.6409,62.1002],[56.6302,62.1598],[56.6995,62.2339],[56.7262,62.3438],[56.7065,62.4895],[56.6254,62.5953],[56.2128,62.7533],[56.2009,62.8842],[55.9411,63.1906],[56.1736,63.2224],[56.4187,63.3127],[56.4704,63.4164],[56.5408,63.4423],[56.4668,63.5386],[56.6391,63.661],[56.7117,63.763],[56.944,63.8393],[57.4695,63.9123],[57.6028,64.0899],[57.565,64.2314],[57.7727,64.4111],[57.8793,64.7404],[57.844,64.8057],[57.5026,64.9876],[57.2563,65.06],[57.2653,65.1084],[57.068,65.1469],[57.0161,65.2413],[57.047,65.4205],[56.9674,65.5677],[56.7774,65.6828],[56.7442,65.7891],[56.8374,65.9708],[56.4912,66.2574],[56.2833,66.3254],[55.9975,66.3257],[55.7625,66.3016],[55.4118,66.1999],[55.2639,66.1419],[55.1709,66.0647],[55.0927,65.9097],[54.8363,65.752],[54.5878,65.6864],[54.3146,65.5164],[54.1032,65.4579],[53.8216,65.449],[53.1935,65.3327],[52.9588,65.3321],[52.3267,65.4082],[52.1534,65.4664],[52.2393,65.7587],[52.5671,66.0197],[52.5279,66.049],[52.4512,66.3538],[52.5041,66.4744],[52.4838,66.599],[52.3734,66.7104],[52.3805,67.1148],[52.2867,67.1454],[52.1315,67.3181],[52.2342,67.4302],[52.1258,67.5069],[52.1279,67.5572],[52.6275,67.6991]],[[52.6275,67.6991],[53.1067,67.8643]],[[52.6275,67.6991],[53.0247,67.6836],[53.1842,67.7337],[53.2914,67.8236],[54.0671,68.0807],[54.2329,68.2663]],[[53.1067,67.8643],[53.2147,67.9327],[53.0846,67.9652],[53.0273,68.0107],[53.0428,68.0692],[53.2266,68.1958],[53.2619,68.2704]],[[53.9136,68.2312],[53.7492,68.1751],[53.4945,67.9867],[53.1067,67.8643]]]}},{"type":"Feature","properties":{},"geometry":{"type":"MultiLineString","coordinates":[[[109.5286,23.7964],[109.5428,23.729],[109.6507,23.6645],[109.7175,23.5017],[109.8998,23.4302],[110.021,23.4517],[110.0893,23.4049]]]}},{"type":"Feature","properties":{},"geometry":{"type":"MultiLineString","coordinates":[[[8.7508,46.6763],[9.4156,46.8346]],[[9.4088,46.8346],[9.5168,46.9068],[9.5338,46.9631],[9.4843,47.1727],[9.6259,47.467],[9.5544,47.5112]],[[9.1275,47.6707],[9.1828,47.6707]]]}},{"type":"Feature","properties":{},"geometry":{"type":"MultiLineString","coordinates":[[[8.8811,47.6564],[8.7002,47.6863],[8.6198,47.6624],[8.5797,47.5947],[8.4823,47.5762],[8.1983,47.6069],[7.9271,47.5638],[7.5655,47.6066],[7.5294,47.6739],[7.6085,48.0026],[7.5842,48.0643],[7.7651,48.41],[7.838,48.636],[8.23,48.9654]]]}},{"type":"Feature","properties":{},"geometry":{"type":"MultiLineString","coordinates":[[[8.23,48.9654],[8.4173,49.214],[8.4982,49.3974],[8.3808,49.6112],[8.4368,49.7672],[8.3574,49.9114],[8.2434,50.0231],[7.9616,49.9907],[7.8032,50.0421],[7.6068,50.2224],[7.6078,50.3666],[7.2567,50.5592],[7.1845,50.6732],[7.0254,50.8047],[6.9377,51.0401],[6.7575,51.1873],[6.7411,51.2682],[6.6895,51.3028],[6.6875,51.5244],[6.593,51.5918],[6.5958,51.6375],[6.3572,51.775],[6.0798,51.8692],[5.6221,51.8882],[5.2495,51.8135],[4.9854,51.8237]]]}},{"type":"Feature","properties":{},"geometry":{"type":"MultiLineString","coordinates":[[[-99.1721,26.5641],[-99.1078,26.4469],[-99.0153,26.399],[-98.7652,26.3404],[-98.6914,26.2765],[-98.3781,26.1824],[-98.275,26.1112],[-97.8014,26.0421],[-97.5872,25.9842],[-97.3756,25.8718],[-97.2818,25.9416],[-97.1462,25.9615]],[[-101.0386,29.4603],[-101.0163,29.4007],[-100.6586,29.0685],[-100.5497,28.8213],[-100.3317,28.5025],[-100.296,28.3277],[-100.1119,28.173],[-99.7543,27.7299],[-99.5053,27.5483],[-99.5101,27.3403],[-99.4403,27.1701],[-99.4565,27.0567]],[[-106.5664,31.8195],[-106.436,31.7645],[-106.1481,31.4509],[-106.0241,31.3978],[-105.514,30.9808],[-104.9179,30.5834],[-104.6813,30.1344],[-104.6813,29.9905],[-104.6222,29.8543],[-104.4006,29.5738],[-103.9897,29.3232],[-103.8529,29.2911],[-103.2577,29.0011],[-103.09,29.0419],[-102.892,29.2164],[-102.7342,29.644],[-102.6149,29.7523],[-102.4762,29.7691],[-102.3431,29.865],[-101.9909,29.7957],[-101.5464,29.8081],[-101.3803,29.7426],[-101.3035,29.6341]],[[-107.2934,32.9103],[-107.2404,32.7429],[-106.9754,32.5839],[-106.8892,32.4785],[-106.5663,31.8195]],[[-107.1814,33.1732],[-107.2798,33.1158]],[[-107.4266,37.776],[-107.0669,37.7439],[-106.9243,37.8089],[-106.8139,37.7922],[-106.6881,37.7156],[-106.196,37.6473],[-105.8786,37.5249],[-105.7352,37.3353],[-105.7525,37.1187],[-105.7028,36.8226],[-105.6948,36.6507],[-105.7607,36.3389],[-106.0726,36.048],[-106.101,35.9511],[-106.2677,35.7604],[-106.6924,35.0894],[-106.7163,34.7809],[-106.8783,34.2693],[-106.8742,33.9279],[-106.928,33.7488],[-107.1234,33.4942],[-107.1699,33.356]]]}},{"type":"Feature","properties":{},"geometry":{"type":"MultiLineString","coordinates":[[[31.2376,30.1207],[31.0525,30.1924],[30.8548,30.3544],[30.7474,31.0106],[30.5687,31.1702],[30.4882,31.3568],[30.3951,31.4576]]]}},{"type":"Feature","properties":{},"geometry":{"type":"MultiLineString","coordinates":[[[-121.5808,38.6588],[-121.5035,38.5801],[-121.5465,38.3422],[-121.5121,38.2734],[-121.7486,38.0805]],[[-122.4106,40.7214],[-122.4321,40.6478],[-122.1817,40.4012],[-122.1498,40.3186],[-122.1841,40.1755],[-122.1441,40.1589],[-122.0637,39.8996],[-121.9636,39.7502],[-121.9916,39.2617],[-121.853,39.0908],[-121.7623,38.8505],[-121.5839,38.7444],[-121.5807,38.6589]]]}},{"type":"Feature","properties":{},"geometry":{"type":"MultiLineString","coordinates":[[[98.5079,20.9513],[98.5023,20.8284],[98.6795,20.2723],[98.5523,20.1486],[98.1408,19.99],[97.943,19.9606],[97.7707,19.8504],[97.531,19.3307],[97.4573,18.8516],[97.3534,18.8432],[97.3319,18.7785],[97.3807,18.4943],[97.5238,18.2959],[97.6323,18.2904],[97.74,17.9353],[97.6986,17.8335],[97.7494,17.4439],[97.6586,17.2513],[97.6086,16.9474],[97.6224,16.652],[97.6684,16.5516]]]}},{"type":"Feature","properties":{},"geometry":{"type":"MultiLineString","coordinates":[[[-69.4182,-31.2828],[-69.0782,-31.2948],[-69.0022,-31.4807],[-68.9438,-31.5186],[-68.4509,-31.4715],[-68.3673,-31.5728],[-68.3491,-31.8832],[-68.2697,-32.0724],[-67.9736,-32.1116],[-67.7436,-32.2496],[-67.4493,-32.3075],[-67.3618,-32.3895]],[[-84.7691,11.1177],[-84.3483,10.9799],[-84.1683,10.7804],[-83.9193,10.7354],[-83.7129,10.7859],[-83.6415,10.9148]],[[-86.1047,12.2076],[-85.8714,12.0978]]]}},{"type":"Feature","properties":{},"geometry":{"type":"MultiLineString","coordinates":[[[-71.9817,-50.2237],[-71.0235,-50.2362],[-70.8516,-50.2016],[-70.2393,-50.2401],[-70.1544,-50.1878],[-69.8305,-50.1869],[-69.6586,-50.1009],[-69.1411,-50.1007],[-68.9796,-50.003]]]}},{"type":"Feature","properties":{},"geometry":{"type":"MultiLineString","coordinates":[[[-99.3303,53.1594],[-99.2298,53.1849]],[[-105.0651,53.2404],[-104.8187,53.1567],[-104.0266,53.3439],[-103.8936,53.4815]],[[-103.4206,53.6528],[-103.0447,53.8086],[-103.0496,53.9218],[-102.8995,54.0588],[-102.6857,54.0535],[-102.4344,53.9818]],[[-102.3805,53.9663],[-102.1884,53.9039],[-101.872,53.8847],[-101.6201,53.9423],[-101.516,54.0206],[-101.3815,53.9027],[-101.2654,53.8624],[-101.0428,53.8586],[-101.0564,53.817],[-100.9528,53.6902],[-100.3662,53.6538],[-100.3234,53.5908]]]}},{"type":"Feature","properties":{},"geometry":{"type":"MultiLineString","coordinates":[[[4.7077,47.5779],[4.5842,47.7396],[4.565,47.8915],[4.4084,48.0818],[4.2136,48.1897],[3.8583,48.5166],[3.7634,48.5513],[3.0384,48.3931],[2.8189,48.4093],[2.4993,48.5815],[2.4046,48.6994],[2.4301,48.7657],[2.4039,48.8111],[2.25,48.9083],[2.1733,48.9041],[1.9759,48.9961],[1.7182,48.9917],[1.6679,49.0472],[1.4969,49.0842],[1.3537,49.2115],[1.2443,49.2207],[1.1888,49.3066],[1.0925,49.3118],[1.023,49.3812],[0.8534,49.4148],[0.7849,49.4705],[0.4393,49.4732]]]}},{"type":"Feature","properties":{},"geometry":{"type":"MultiLineString","coordinates":[[[100.6996,49.2631],[101.3695,49.4553],[101.5477,49.4066],[102.1479,49.3558],[102.7377,49.3849],[103.1816,49.3384],[103.4444,49.3615],[103.7647,49.446],[104.3418,49.5126],[104.4775,49.5956],[105.6002,49.9576],[106.1554,50.254],[106.083,50.3752],[106.1147,50.4463],[106.2706,50.5589],[106.2476,50.6001],[106.2934,50.6901],[106.3004,50.9293],[106.6794,51.0907],[106.8515,51.2519],[106.9915,51.3166],[107.0633,51.4241],[107.269,51.5142],[107.3906,51.6091],[107.5541,51.8533],[107.5155,51.8804],[107.4998,52.0736],[107.4623,52.1252],[107.1621,52.1324],[106.7531,52.055],[106.6152,52.1451]],[[106.6152,52.1451],[106.5833,52.2142],[106.6135,52.2656],[106.752,52.3165]],[[106.6152,52.1451],[106.4993,52.2339],[106.4973,52.3831]]]}},{"type":"Feature","properties":{},"geometry":{"type":"MultiLineString","coordinates":[[[47.4685,30.9685],[47.7015,30.7541],[47.7853,30.5609],[47.8447,30.512],[48.0661,30.4577],[48.2261,30.3214],[48.331,30.2854],[48.4014,30.1883],[48.4346,30.0376],[48.5465,29.9624]]]}},{"type":"Feature","properties":{},"geometry":{"type":"MultiLineString","coordinates":[[[81.6398,31.4496],[81.5004,31.4],[81.225,31.6023],[81.1874,31.7427],[81.2132,31.8283],[81.3659,32.0019],[81.2819,32.08],[81.1878,32.3246],[81.0289,32.4196],[80.5347,32.553],[80.0804,32.5247],[79.7346,32.4439]]]}},{"type":"Feature","properties":{},"geometry":{"type":"MultiLineString","coordinates":[[[35.2778,-14.7575],[35.2934,-14.9206],[35.2507,-15.0568],[35.1073,-15.3026],[34.8745,-15.4447],[34.7433,-15.6848],[34.7953,-15.9909],[34.8895,-16.1301],[34.9339,-16.3226],[35.2298,-16.6392],[35.2812,-16.8078],[35.2912,-17.7055]],[[35.2573,-14.5043],[35.2362,-14.4013]]]}},{"type":"Feature","properties":{},"geometry":{"type":"MultiLineString","coordinates":[[[98.809,50.627],[99.0631,50.5525],[99.2066,50.7505],[99.4025,50.8981],[99.4914,51.1488],[99.4436,51.2003],[99.4664,51.3291],[99.4239,51.3495]],[[99.3098,51.4104],[99.0042,51.4726],[98.2619,51.442],[98.0003,51.5141]]]}},{"type":"Feature","properties":{},"geometry":{"type":"MultiLineString","coordinates":[[[-111.4108,59.0051],[-111.3844,59.1533],[-111.4085,59.2132],[-111.4741,59.2342],[-111.394,59.3457],[-111.4424,59.4114],[-111.4247,59.5823],[-111.4503,59.6832],[-111.6305,59.9217],[-111.7993,60.0052],[-112.0703,60.0285],[-112.206,60.0973],[-112.3296,60.2323],[-112.5603,60.3458],[-112.4565,60.3814],[-112.5109,60.5197],[-112.8378,60.6435],[-112.9779,60.8011],[-113.1865,60.784],[-113.2472,60.9111],[-113.1336,61.0545],[-113.1814,61.0867],[-113.1601,61.1584],[-113.2114,61.1877],[-113.2149,61.2397],[-113.7044,61.2457]]]}},{"type":"Feature","properties":{},"geometry":{"type":"MultiLineString","coordinates":[[[-113.4739,42.6748],[-113.6238,42.5779],[-113.7852,42.5377],[-114.2844,42.5539],[-114.8132,42.7067],[-114.9135,42.8253],[-114.9084,42.871],[-115.1436,42.9412],[-115.1756,42.9851],[-115.3863,42.9529],[-115.8061,42.9988],[-115.974,42.9783],[-116.2571,43.1287],[-116.4385,43.3036],[-116.6056,43.3643],[-116.7851,43.5623],[-117.0638,43.7339],[-116.9576,43.9641],[-116.9124,44.1995],[-116.9532,44.2453],[-117.1397,44.2903],[-117.1973,44.3438],[-117.2017,44.4362],[-116.8559,44.9057],[-116.477,45.6411],[-116.5209,45.7219],[-116.8692,45.9585],[-116.9302,46.0559],[-116.9221,46.1636],[-117.0288,46.4329],[-117.2139,46.4681],[-117.2244,46.5171],[-117.3931,46.6642],[-117.6153,46.7155],[-118.0351,46.5865],[-118.3855,46.5902],[-118.5464,46.5266],[-118.8268,46.2911],[-119.0361,46.2065]],[[-112.8644,42.8119],[-113.0223,42.6859],[-113.1353,42.6464],[-113.3163,42.6536]],[[-111.1881,43.3389],[-111.3483,43.448],[-111.4248,43.5613],[-111.5865,43.6347],[-111.8944,43.7304],[-112.0434,43.708],[-112.0334,43.5676],[-112.0719,43.446],[-112.1588,43.3433],[-112.6393,43.0236]],[[-110.6306,43.8371],[-110.837,43.4782],[-110.7377,43.3784],[-110.7544,43.2735],[-110.9825,43.1896],[-111.0479,43.2065]]]}},{"type":"Feature","properties":{},"geometry":{"type":"MultiLineString","coordinates":[[[-120.8818,42.4004],[-121.4365,42.4817],[-121.6794,42.5833],[-121.7756,42.5785],[-121.9212,42.4751]]]}},{"type":"Feature","properties":{},"geometry":{"type":"MultiLineString","coordinates":[[[-82.4172,43.0174],[-82.4883,42.7395],[-82.5453,42.6247],[-82.6451,42.558]]]}},{"type":"Feature","properties":{},"geometry":{"type":"MultiLineString","coordinates":[[[-74.7089,45.0039],[-74.8566,45.0039],[-75.1794,44.8994],[-75.792,44.4971]]]}},{"type":"Feature","properties":{},"geometry":{"type":"MultiLineString","coordinates":[[[-128.1298,57.292],[-127.9392,57.3699],[-127.601,57.4319],[-127.6644,57.6393],[-127.6201,57.6785],[-128.1277,57.7617],[-128.4283,57.9555],[-129.1958,57.9663],[-129.4492,57.9312],[-130.4754,58.1481],[-130.605,58.1405],[-131.3022,57.8818],[-131.5976,57.679],[-131.7279,57.5532],[-131.7752,57.333],[-131.8407,57.3056],[-131.7103,57.1162],[-131.7512,57.0856],[-131.8006,56.7532],[-131.8814,56.7032],[-132.2064,56.6962],[-132.3577,56.6259]]]}},{"type":"Feature","properties":{},"geometry":{"type":"MultiLineString","coordinates":[[[39.7981,59.5252],[40.2154,59.4465],[40.26,59.3227],[40.3497,59.3023],[40.9172,59.4183],[41.1551,59.3906],[41.5584,59.4301],[41.9002,59.5119],[42.0442,59.628],[42.4619,59.7],[42.5697,59.7463],[42.7107,59.9098],[42.8526,59.9817],[43.7308,60.1902],[44.4916,60.4743],[44.9617,60.5732],[45.4184,60.6054],[45.7195,60.68],[46.3399,60.7492]],[[39.0535,59.8684],[38.9281,59.9389],[38.6562,59.9299]]]}},{"type":"Feature","properties":{},"geometry":{"type":"MultiLineString","coordinates":[[[46.3399,60.7492],[46.5474,60.9818],[46.6171,61.1863],[46.5911,61.2873],[46.2545,61.4722],[45.2914,61.8396],[45.0632,62.1295],[44.8255,62.2901],[43.9071,62.4418],[43.7315,62.5428],[42.6574,62.9345],[42.6052,63.0019],[42.2119,63.0726],[42.0773,63.1408],[42.0157,63.3288],[41.8721,63.4832],[41.8851,63.5535],[41.4481,63.7316],[41.47,63.7846],[41.6327,63.88],[41.7516,64.0521],[41.7417,64.102],[41.8571,64.1567],[41.8836,64.1925],[41.8562,64.2442],[40.949,64.4164],[40.5305,64.5554],[40.4502,64.6299],[40.4078,64.7549]]]}},{"type":"Feature","properties":{},"geometry":{"type":"MultiLineString","coordinates":[[[32.8158,60.4819],[32.9958,60.5111],[33.4382,60.7382],[33.5832,60.7522],[33.9181,60.9642],[34.0861,60.9257],[34.8464,61.0266]]]}},{"type":"Feature","properties":{},"geometry":{"type":"MultiLineString","coordinates":[[[69.827,40.2727],[69.6845,40.3018],[69.299,40.2252],[69.2182,40.2594],[69.1011,40.4612],[69.0818,40.5987],[68.7016,40.8983],[68.6101,41.0224],[68.4558,41.1068]],[[67.9908,41.2547],[68.0693,41.336],[68.0865,41.4626],[68.0673,41.8342],[68.2011,42.0992],[68.1877,42.1817],[68.2846,42.3021],[68.2115,42.5008],[68.2446,42.735],[68.1348,42.8664],[68.0889,42.9909],[67.9286,43.0313],[67.8383,43.1211],[67.7889,43.3414],[67.7511,43.3645],[67.6934,43.3313],[67.6045,43.4181],[67.5478,43.4208],[67.4438,43.631],[67.1074,43.9487],[66.9876,44.0027],[66.7706,43.9588],[66.5605,44.009],[66.5331,44.1019],[66.4181,44.1807],[66.382,44.2679],[66.188,44.4254],[66.0195,44.457],[65.7912,44.7226],[65.6161,44.7563],[65.2299,44.9928],[64.7839,45.0022],[64.4661,45.1132],[64.2206,45.3219],[64.1976,45.3935],[63.883,45.5111],[63.9069,45.5945],[63.7516,45.7131],[63.336,45.6347],[63.1242,45.6328],[62.9003,45.7194],[62.7332,45.6908],[62.6158,45.809],[62.5654,45.8134],[62.4828,45.7721],[62.1271,45.7513],[62.0194,45.6964],[61.897,45.7047],[61.7026,45.8328],[61.8167,45.9179],[61.7602,46.0211]],[[61.562,46.1097],[61.2642,46.051],[61.0933,46.0579],[60.878,46.1373]]]}},{"type":"Feature","properties":{},"geometry":{"type":"MultiLineString","coordinates":[[[-45.2622,-18.2043],[-45.2424,-18.1258],[-45.1901,-18.1086],[-45.0861,-17.7971],[-45.0281,-17.7704],[-45.0071,-17.514],[-44.8233,-17.1303],[-44.8698,-16.9401],[-45.0886,-16.4833],[-45.038,-16.3157],[-45.0493,-15.9909],[-44.9221,-15.959],[-44.271,-15.4582],[-44.1542,-15.311],[-43.9708,-14.926],[-43.8609,-14.5344],[-43.654,-14.0622],[-43.5325,-13.6126],[-43.4794,-13.5558],[-43.4428,-13.0083],[-43.2377,-12.6977],[-43.2089,-12.5589],[-43.2647,-12.291],[-43.235,-12.2223],[-43.3478,-11.9314],[-43.3696,-11.6909],[-43.1499,-11.143]],[[-40.8182,-9.4383],[-40.6708,-9.4744],[-40.4126,-9.3969],[-40.3197,-9.2931],[-40.2732,-9.145],[-39.9488,-9.022],[-39.8847,-8.8533],[-39.7384,-8.7912],[-39.6008,-8.6196],[-39.4417,-8.5592],[-39.327,-8.5661],[-39.2566,-8.6404],[-38.6677,-8.896],[-38.5047,-8.835],[-38.4822,-8.9595],[-38.2942,-9.043],[-38.3076,-9.1021],[-38.2211,-9.3476],[-37.9382,-9.5379],[-37.0192,-9.9571],[-36.8798,-10.1537],[-36.6467,-10.2549],[-36.5799,-10.3714],[-36.443,-10.432],[-36.4116,-10.49]]]}},{"type":"Feature","properties":{},"geometry":{"type":"MultiLineString","coordinates":[[[-10.8924,13.7779],[-11.0112,13.8556],[-11.1295,14.0451],[-11.2456,14.1049],[-11.2525,14.2672],[-11.3708,14.4181],[-11.6177,14.557],[-11.9358,14.6467],[-12.4087,14.889],[-12.4599,14.9746],[-12.8585,15.2425],[-12.8627,15.3404],[-12.9309,15.453],[-12.9943,15.5049],[-13.0793,15.5104],[-13.1424,15.6033],[-13.2064,15.6169],[-13.4096,16.0592],[-13.507,16.1352],[-13.6847,16.1269],[-13.7566,16.1725],[-13.8685,16.1482],[-13.975,16.3111],[-14.3001,16.5803],[-14.5337,16.656],[-14.9595,16.6789],[-15.0906,16.6574],[-15.1214,16.6036],[-15.38,16.582],[-15.7682,16.4851],[-16.239,16.5313],[-16.441,16.2045],[-16.5352,15.8384]]]}},{"type":"Feature","properties":{},"geometry":{"type":"MultiLineString","coordinates":[[[-5.9956,39.8519],[-6.3261,39.7636],[-6.8964,39.7569],[-7.1177,39.6817]],[[-2.7327,40.5284],[-2.961,40.2751],[-3.2256,40.0874],[-3.5655,40.0383],[-3.901,39.9198],[-4.3184,39.8394],[-4.7573,39.9816],[-5.071,39.803],[-5.2167,39.8121]],[[-1.9055,40.601],[-2.1443,40.7974],[-2.2424,40.8112],[-2.5768,40.7244]]]}},{"type":"Feature","properties":{},"geometry":{"type":"MultiLineString","coordinates":[[[-58.6591,-10.9751],[-58.5909,-10.6644],[-58.3156,-10.2765],[-58.2283,-9.8016],[-58.2575,-9.6088],[-58.3521,-9.475],[-58.512,-9.4001],[-58.6092,-9.3025],[-58.6436,-9.1823],[-58.5991,-8.963],[-58.3579,-8.691],[-58.4282,-8.6679],[-58.3288,-8.0505],[-58.3536,-7.9059],[-58.2238,-7.5747],[-58.2019,-7.4146],[-58.1362,-7.3402],[-58.1462,-7.2634],[-58.386,-6.9491],[-58.4555,-6.7938],[-58.4369,-6.6758],[-58.2685,-6.4776],[-57.8723,-6.318],[-57.7544,-6.2346],[-57.681,-6.1273],[-57.6523,-5.9961],[-57.0424,-5.4348],[-57.0189,-5.329],[-56.8213,-5.0592],[-56.6862,-4.7445],[-56.6299,-4.7081],[-56.3974,-4.6946],[-56.2831,-4.5333],[-56.2681,-4.4349],[-55.6782,-4.0296],[-55.3938,-3.6268],[-55.233,-3.2787],[-55.0772,-2.6198],[-54.992,-2.4232],[-54.7982,-2.3849],[-54.639,-2.4193]]]}},{"type":"Feature","properties":{},"geometry":{"type":"MultiLineString","coordinates":[[[-7.1177,39.6817],[-7.4541,39.6807],[-7.9822,39.4924],[-8.3756,39.468],[-8.6607,39.2493],[-8.7916,39.0782]]]}},{"type":"Feature","properties":{},"geometry":{"type":"MultiLineString","coordinates":[[[-87.7005,34.7734],[-87.814,34.7632],[-87.9649,34.8438],[-88.3062,35.1258],[-88.3112,35.1851],[-88.1905,35.3655],[-87.9937,35.4184],[-88.0199,35.6704],[-87.9432,35.9251],[-87.9754,35.9452]],[[-83.9695,35.8701],[-84.3436,35.7358],[-84.457,35.7755],[-84.5418,35.8633],[-84.5982,35.8027],[-84.6559,35.8027],[-84.8195,35.5662],[-85.013,35.3914],[-85.1823,35.1325],[-85.3468,35.0497],[-85.3924,35.0965],[-85.4241,35.0549],[-85.5589,35.0804],[-85.6349,35.0489],[-86.1147,34.5284],[-86.2941,34.4031],[-86.666,34.591],[-86.8985,34.5748]],[[-88.2833,37.0215],[-88.4717,37.0884]]]}},{"type":"Feature","properties":{},"geometry":{"type":"MultiLineString","coordinates":[[[-131.2082,59.087],[-131.5132,59.0836],[-131.8614,59.1779],[-131.9971,59.3636],[-132.0954,59.6071]],[[-133.2448,60.4486],[-134.2882,61.0889],[-134.6465,61.3516],[-134.6675,61.4501],[-134.7368,61.517],[-134.9133,61.5697]]]}},{"type":"Feature","properties":{},"geometry":{"type":"MultiLineString","coordinates":[[[-105.9425,62.3555],[-105.6638,62.4101],[-104.544,62.5002],[-104.7571,62.6047],[-104.7718,62.7088],[-104.7437,62.729],[-104.8187,62.8081],[-104.7672,62.9368],[-104.8457,62.9828],[-104.8336,63.0715]],[[-104.7057,63.2697],[-104.6814,63.352],[-104.4893,63.5621],[-104.4522,63.63],[-104.5006,63.6439],[-104.4678,63.6912],[-103.9006,63.9745],[-103.6921,64.2274],[-102.9661,64.3276],[-102.6762,64.263],[-102.5847,64.1647],[-102.0984,64.2348],[-101.9102,64.2981],[-101.8112,64.4113]],[[-94.2245,64.0761],[-93.6558,63.9728]],[[-101.5362,64.4932],[-100.7951,64.6041]],[[-97.1033,64.7613],[-96.5803,64.655],[-96.4235,64.4008],[-96.2734,64.3014]]]}},{"type":"Feature","properties":{},"geometry":{"type":"MultiLineString","coordinates":[[[42.3766,37.0625],[42.5093,36.9407],[42.5587,36.8325],[42.7131,36.7848],[42.7608,36.7187],[42.8952,36.6913],[42.7712,36.5398],[43.1687,36.3336],[43.2583,36.2054],[43.3463,35.9459],[43.3116,35.718],[43.2606,35.6571],[43.2624,35.4698],[43.5684,35.0062],[43.5375,34.9572],[43.7846,34.4531],[43.8542,34.1937],[43.9603,34.0981],[44.2324,34.05],[44.4029,33.9737],[44.4168,33.7394],[44.3097,33.5307],[44.3967,33.2934],[44.6746,33.0237],[45.0266,32.8912],[45.0795,32.8035],[45.2248,32.778],[45.3837,32.6035],[45.8091,32.5022],[46.0299,32.6187],[46.1366,32.6322],[46.6922,32.4426],[46.7352,32.3215],[46.7126,32.1494],[46.827,32.0788],[46.9399,31.9175],[47.1385,31.8258],[47.2208,31.6273],[47.3629,31.4592],[47.4339,31.286],[47.4413,30.9991]]]}},{"type":"Feature","properties":{},"geometry":{"type":"MultiLineString","coordinates":[[[60.9103,51.6688],[61.0148,51.4924],[61.5159,51.4544],[61.5893,51.5131],[61.6057,51.6357],[61.5547,51.949],[61.5749,52.0164],[61.509,52.1579],[61.547,52.2527],[61.7348,52.4423],[62.589,52.6091],[62.7675,52.6962],[62.8337,52.7903],[63.3374,52.9992],[63.5867,53.1456],[63.864,53.4227],[63.8757,53.5671],[63.7516,53.8867],[63.7671,53.9845],[63.8772,54.1525],[64.0629,54.3029],[64.59,54.4022],[64.8095,54.4804],[64.8579,54.5821],[65.0011,54.7178],[64.9715,54.7386],[65.0081,54.8629],[64.9661,54.9727],[65.1928,55.2103],[65.2547,55.3121],[65.2298,55.3697],[65.4482,55.5006],[65.5804,55.654],[65.6107,55.7876],[65.6954,55.8994],[65.6804,55.9596],[65.9276,56.1024],[65.9973,56.2511],[66.2565,56.3621],[66.3375,56.4815],[66.3115,56.5744],[66.4362,56.766],[66.4332,56.8185],[66.5618,56.8843],[66.6372,57.0182],[66.9604,57.1859],[66.9534,57.2578],[67.0765,57.3388],[67.0968,57.4643],[67.1601,57.4998],[67.0913,57.5798],[67.153,57.7349],[67.3131,57.8311],[68.0534,57.9103],[68.0885,58.0601],[68.2183,58.1684]]]}},{"type":"Feature","properties":{},"geometry":{"type":"MultiLineString","coordinates":[[[-49.1787,-15.926],[-49.2576,-15.768],[-49.3496,-15.7251],[-49.5499,-15.4791],[-49.5922,-15.3485],[-49.5639,-15.2417],[-49.2523,-14.8447],[-49.1547,-14.7462],[-49.0635,-14.7153],[-49.0093,-14.6286],[-49.0144,-14.3302],[-48.9732,-14.2429],[-48.7962,-14.1254],[-48.7132,-14.1111],[-48.5978,-14.1536],[-48.5463,-14.1292],[-48.3843,-13.9956],[-48.3253,-13.8275],[-48.2159,-13.8201],[-48.1161,-13.691],[-48.1,-13.5911],[-48.1846,-13.4671],[-48.1982,-13.3292],[-48.1638,-13.1026],[-48.181,-12.8967],[-48.2843,-12.6193],[-48.2382,-12.5116],[-48.2557,-12.3705],[-48.4199,-12.2301],[-48.5242,-12.0289],[-48.6481,-11.5358],[-48.5155,-11.3841],[-48.4886,-11.2572],[-48.5408,-11.1103],[-48.5256,-10.9788],[-48.4429,-10.8627],[-48.4169,-10.732],[-48.4541,-10.4295],[-48.3447,-10.0014],[-48.3977,-9.5529],[-48.3787,-9.4024],[-48.1271,-8.7224],[-48.106,-8.467],[-48.162,-8.142],[-48.011,-8.072],[-47.9414,-7.877],[-47.6469,-7.627],[-47.6304,-7.5324],[-47.4951,-7.3562],[-47.5458,-7.2876],[-47.6689,-7.2798],[-47.716,-7.1847],[-47.5372,-7.0272],[-47.4056,-6.4211],[-47.3971,-6.0724],[-47.5199,-5.5064],[-47.7633,-5.4072],[-47.9531,-5.2564],[-48.169,-5.2407],[-48.378,-5.1695],[-48.4581,-5.1809],[-48.6305,-5.3304],[-48.7231,-5.3554]],[[-49.6872,-3.8348],[-49.649,-3.361],[-49.7168,-2.7358],[-49.6348,-2.6524]]]}},{"type":"Feature","properties":{},"geometry":{"type":"MultiLineString","coordinates":[[[92.9928,34.1003],[93.0945,34.1945],[93.7066,34.239],[94.0105,34.5013],[94.4849,34.719],[94.6607,34.7407],[94.8652,34.694],[95.1193,34.5322],[95.3983,34.4422],[95.5181,34.3549],[95.5958,34.2294],[95.757,34.1114],[96.023,33.8236],[96.1963,33.781],[96.2305,33.7351],[96.4181,33.7153],[96.4541,33.6535],[96.7019,33.5163],[96.7567,33.3726],[97.0113,33.3097],[97.0848,33.1437],[97.3373,32.9055],[97.413,32.7494],[98.2091,32.3297],[98.3945,32.051],[98.4459,31.9413],[98.4545,31.7824],[98.5415,31.6898]]]}},{"type":"Feature","properties":{},"geometry":{"type":"MultiLineString","coordinates":[[[126.4746,72.3526],[126.4444,72.5081],[126.5186,72.5941],[126.8108,72.7623],[126.8144,72.8272],[126.9014,72.898],[127.0718,72.9749],[127.9106,73.1318],[128.2578,73.2675]]]}},{"type":"Feature","properties":{},"geometry":{"type":"MultiLineString","coordinates":[[[126.4746,72.3526],[126.3094,72.4857],[126.2984,72.5853],[126.3669,72.7656],[126.3485,72.8953],[126.698,73.078],[126.5651,73.2335],[126.5525,73.3349]]]}},{"type":"Feature","properties":{},"geometry":{"type":"MultiLineString","coordinates":[[[90.7947,34.3004],[91.1516,34.3209],[91.6466,34.2814],[92.0373,34.1649],[92.3086,34.2401],[92.4931,34.2202],[92.7901,34.0905],[92.9928,34.1003]]]}},{"type":"Feature","properties":{},"geometry":{"type":"MultiLineString","coordinates":[[[18.5967,3.6787],[18.6222,3.304],[18.4909,2.9244],[18.2116,2.4149],[18.0722,2.0133],[18.0578,1.5349],[17.9025,1.1181],[17.8858,0.8569],[17.9252,0.5373],[17.8877,0.2341],[17.7241,-0.2776],[17.7528,-0.5491]]]}},{"type":"Feature","properties":{},"geometry":{"type":"MultiLineString","coordinates":[[[-71.6687,-15.3364],[-71.6576,-15.2171],[-71.6036,-15.1637],[-71.5959,-14.9357],[-71.4566,-14.6932],[-71.4887,-14.3843],[-71.5489,-14.2072],[-71.6718,-14.1301],[-71.7993,-13.8919],[-71.9137,-13.8095],[-72.2316,-13.7377],[-72.7859,-13.4456],[-72.9525,-13.4107],[-73.1278,-13.4492],[-73.2211,-13.4219],[-73.5617,-13.0607],[-73.6403,-12.7601],[-73.9161,-12.3925],[-74.0311,-12.1683],[-74.0554,-12.0073],[-73.989,-11.9094],[-74.0315,-11.718],[-74.2581,-11.2563],[-74.257,-11.1876],[-74.1005,-11.1554],[-73.7634,-11.2804],[-73.7188,-11.2721],[-73.7186,-11.1947],[-73.7629,-11.0482],[-73.7526,-10.7875],[-73.8036,-10.6844],[-74.0025,-10.5094],[-74.0299,-10.4027],[-74.0128,-10.2326],[-74.0508,-10.1731],[-74.0041,-10.0737],[-74.0713,-9.9607],[-73.9634,-9.8588],[-74.0978,-9.829],[-74.1506,-9.7674],[-74.2117,-9.5012],[-74.2681,-9.4887],[-74.379,-9.3672],[-74.392,-9.1919],[-74.5386,-8.8488],[-74.5079,-8.7324],[-74.4045,-8.6199],[-74.3306,-8.5702],[-74.2861,-8.5832],[-74.2692,-8.4795],[-74.3999,-8.4857],[-74.496,-8.4462],[-74.5324,-8.2601],[-74.6386,-8.1311],[-74.6344,-8.0303],[-74.7429,-7.9619],[-74.7372,-7.9168],[-74.816,-7.8826],[-74.8986,-7.9215],[-74.9496,-7.8787],[-74.962,-7.7512],[-75.0128,-7.6757],[-74.9787,-7.6233],[-75.0148,-7.5583],[-74.9832,-7.4378],[-75.1227,-7.2788],[-75.2547,-7.2372],[-75.2804,-7.1586],[-75.1512,-7.0503],[-75.166,-6.9604],[-75.0909,-6.8265],[-75.0843,-6.7475],[-75.13,-6.6654],[-75.1056,-6.5869],[-75.1778,-6.454],[-75.1511,-6.3446],[-75.1796,-6.1567],[-75.0183,-6.0628],[-74.8882,-6.0514],[-74.8001,-5.9805],[-74.6973,-5.9754],[-74.555,-5.7583],[-74.4842,-5.7271],[-74.3999,-5.7741],[-74.3071,-5.7389],[-74.2853,-5.6695],[-74.177,-5.5785],[-74.1618,-5.3943],[-74.089,-5.3047],[-74.049,-5.0323],[-73.8996,-5.0575],[-73.7648,-4.8948],[-73.7136,-4.8872],[-73.7016,-4.7707],[-73.5629,-4.6961],[-73.5468,-4.6057],[-73.4903,-4.553],[-73.4886,-4.4448]]]}},{"type":"Feature","properties":{},"geometry":{"type":"MultiLineString","coordinates":[[[28.586,3.5958],[28.4296,3.6474],[28.2901,3.6217],[28.0802,3.7402],[27.56,3.6431],[27.2275,3.8511],[27.1852,3.8396],[27.1803,3.6984],[27.0888,3.5436],[26.8792,3.515],[26.8335,3.5836],[26.7851,3.8638],[26.6563,4.0122],[26.2345,3.6798],[25.9162,3.7053],[25.7619,3.5426],[25.6189,3.5759],[25.3127,3.5309],[25.0306,3.4018],[24.9487,3.4621],[24.6489,3.4769],[24.4615,3.5331],[24.2762,3.6507],[24.0812,3.7092],[23.7332,3.7449],[23.6508,3.8184],[23.5449,3.8447],[23.4154,3.8239],[23.0493,3.8851],[22.85,3.851],[22.6683,3.9092],[22.4221,4.1349],[21.687,4.2814],[21.5376,4.2448],[21.3502,4.3114],[21.1256,4.3322],[20.9558,4.4131],[20.5581,4.4627],[20.3935,4.6862],[20.2263,4.8296],[19.8066,5.0893],[19.501,5.1275],[19.3234,5.0708],[19.0685,4.8914],[18.8317,4.5234],[18.6999,4.3826],[18.5942,4.3462],[18.5675,4.2576],[18.6337,3.9543],[18.5967,3.6787]]]}},{"type":"Feature","properties":{},"geometry":{"type":"MultiLineString","coordinates":[[[58.6309,51.6951],[58.6285,51.6188],[58.7508,51.4248],[58.7126,51.2874],[58.1812,51.0724],[57.8013,51.0958],[57.2485,51.2752],[56.2237,51.4723],[55.7087,51.6956],[55.1195,51.7665],[53.4057,51.5508],[53.0383,51.4637],[52.7281,51.4981],[52.5537,51.4418],[52.5121,51.3906],[52.2251,51.4209],[52.1992,51.3919],[52.0121,51.3909],[51.3953,51.1484],[51.1825,50.826],[51.2008,50.765],[51.1476,50.6566],[51.1102,50.3123],[51.3291,50.1222],[51.3471,49.9126],[51.416,49.8753],[51.5577,49.6307],[51.8839,49.3141],[51.9478,49.2056],[51.8496,49.0005],[51.876,48.8154],[51.8036,48.6231],[51.6063,48.4687],[51.6333,48.3858],[51.6024,48.3704],[51.5694,48.1674],[51.6404,48.0164],[51.623,47.7158],[51.6736,47.5786],[51.8792,47.3974],[51.8716,47.3105],[51.9336,47.2036],[51.7242,46.9439]],[[59.4263,54.52],[59.1941,54.3246],[59.0947,54.093],[59.1904,53.8635],[59.1685,53.7462],[59.2536,53.6404],[59.0213,53.4644],[59.0288,53.3738],[59.1356,53.2647],[59.1297,53.2172],[58.974,53.0707],[58.9051,52.9356],[58.9041,52.8108],[58.9714,52.6965],[58.9899,52.5695],[59.0825,52.5132],[59.0804,52.4698],[58.8338,52.1958]]]}},{"type":"Feature","properties":{},"geometry":{"type":"MultiLineString","coordinates":[[[-90.417,16.391],[-90.6341,16.5107],[-90.7107,16.7081],[-90.9758,16.8678],[-91.4169,17.264],[-91.4136,17.3503],[-91.4963,17.4204],[-91.5042,17.4583],[-91.4488,17.4875],[-91.4905,17.5626],[-91.366,17.6267],[-91.4558,17.7791],[-91.5462,17.7664],[-91.6129,17.8182],[-91.6414,17.7359],[-91.6905,17.7315],[-91.8498,17.8776],[-91.9929,17.8874],[-92.1375,18.0126],[-92.1443,18.1218],[-92.2123,18.2045]],[[-92.2123,18.2045],[-92.4638,18.3165],[-92.6518,18.3331],[-92.7101,18.6117]],[[-92.2123,18.2045],[-92.2628,18.3606],[-92.4224,18.5306],[-92.4853,18.6648]]]}},{"type":"Feature","properties":{},"geometry":{"type":"MultiLineString","coordinates":[[[25.6223,-27.6685],[25.3655,-27.7578],[24.9902,-28.0698],[24.7741,-28.1486],[24.7194,-28.2378],[24.6763,-28.4959],[24.6306,-28.5029],[24.5816,-28.5812],[24.4241,-28.5556],[24.2974,-28.4319],[24.2158,-28.4732],[24.1147,-28.5871],[23.9917,-28.8822],[23.8827,-28.9894],[23.628,-29.0731]],[[28.1237,-26.8666],[27.9999,-26.7166],[27.909,-26.6944],[27.8097,-26.75],[27.5568,-26.7718],[27.5056,-26.84],[27.2756,-26.887],[27.2122,-26.936],[26.9434,-26.8904],[26.9214,-26.9328],[26.6979,-26.9902],[26.5066,-27.1147],[26.4495,-27.177],[26.4658,-27.3624],[26.2279,-27.4603],[26.0908,-27.6035]],[[30.1347,-26.3834],[30.2097,-26.4786],[30.1883,-26.56],[30.0491,-26.7089],[29.8394,-26.8111],[29.4735,-26.8672],[29.4607,-26.9094],[29.2694,-26.9328],[29.1036,-27.042],[28.6654,-26.9759],[28.5307,-27.0429],[28.4956,-26.99]]]}},{"type":"Feature","properties":{},"geometry":{"type":"MultiLineString","coordinates":[[[94.4648,51.7337],[94.0702,51.6042],[93.6464,51.566],[92.7694,51.5811],[92.1516,51.7958],[92.0352,51.905],[92.0685,52.012],[92.3766,52.2138],[92.4444,52.3031],[92.4381,52.3776],[92.3139,52.4999],[92.307,52.5652],[91.7687,52.6157],[91.7476,52.6617],[91.4395,52.6744],[91.3674,52.7136],[91.5007,53.0116],[91.4679,53.1364],[91.788,53.2296],[91.9548,53.3981],[91.6339,53.5697],[91.5589,53.6597],[91.578,53.7093],[91.5109,53.7354]],[[92.9981,58.1001],[92.9892,58.0487],[93.1125,58.0235],[93.2202,57.897],[93.3053,57.6367],[93.2621,57.4191],[93.2933,57.3323],[93.4528,57.1828],[93.4567,57.1144],[93.3829,56.9933],[93.457,56.8609],[93.6569,56.7259],[93.7408,56.5956],[93.7351,56.4801],[93.55,56.317],[93.1618,56.1309],[93.1476,56.0854],[92.2998,55.9228],[92.266,55.8649],[92.3015,55.8131],[92.4064,55.7675],[92.4926,55.6579],[92.4084,55.5031]]]}},{"type":"Feature","properties":{},"geometry":{"type":"MultiLineString","coordinates":[[[32.8931,1.3114],[33.0112,0.8094],[33.0848,0.5885],[33.1873,0.4282]],[[32.4754,1.5516],[32.5447,1.5218]],[[31.3658,2.1929],[31.7507,2.3236],[31.9484,2.3333],[32.0873,2.2655],[32.2466,2.2448],[32.3326,2.1],[32.344,1.9135],[32.1042,1.6986],[32.1384,1.6524],[32.241,1.6658]]]}},{"type":"Feature","properties":{},"geometry":{"type":"MultiLineString","coordinates":[[[18.8792,49.6438],[18.7882,49.8174],[18.771,49.8877],[18.8103,49.925]],[[18.9369,49.9319],[19.0682,49.9523],[19.1999,50.0415],[19.8516,50.006],[20.522,50.1373],[20.7377,50.2611],[21.2893,50.3856],[21.5053,50.4849],[21.7837,50.6886],[21.8236,50.8457],[21.7838,51.1883],[21.961,51.3863],[21.824,51.5421],[21.452,51.7045],[21.4296,51.7629],[21.2412,51.9183],[21.2654,51.9438],[21.2212,52.0673],[20.842,52.3839],[20.7305,52.4164],[20.2224,52.3916],[19.9636,52.4208],[19.6396,52.5493],[19.2018,52.6439],[18.5376,53.0383],[18.2741,53.0893],[18.1998,53.174],[18.3146,53.2926],[18.7394,53.5195],[18.7773,53.6738],[18.8708,53.7772],[18.853,54.1285],[18.9762,54.3489]]]}},{"type":"Feature","properties":{},"geometry":{"type":"MultiLineString","coordinates":[[[47.8416,46.7349],[48.1139,46.6832],[48.2199,46.6052],[48.3139,46.4006],[48.4106,46.356],[48.6837,46.0862]],[[45.6636,50.2223],[45.4144,50.0561],[45.3596,49.8316],[45.1069,49.5132],[45.0108,49.3506],[44.9757,49.1947],[44.5879,48.7275],[44.5276,48.598],[44.8645,48.4657],[45.3374,48.4198],[45.5586,48.4513],[45.8649,48.3527],[46.0777,48.2184],[46.1554,48.1101],[46.1466,47.9938],[46.1932,47.9176],[46.2951,47.8815],[46.4086,47.773],[46.4979,47.7556],[46.8747,47.4444],[47.0085,47.4028],[47.0817,47.3156],[47.0862,47.214],[47.4635,47.0289],[47.585,46.9422],[47.5766,46.8838],[47.6117,46.8546],[47.6904,46.8546],[47.8003,46.7728],[48.0021,46.5059],[47.9982,46.3699],[47.5607,45.7895],[47.6498,45.6567]],[[49.9048,53.4567],[50.0421,53.4547],[50.1081,53.4047],[50.1485,53.3062],[50.1285,53.2356],[50.0483,53.1928],[49.8555,53.2129],[49.4276,53.1525],[49.269,53.219],[49.1195,53.2297],[48.5243,53.1048],[48.491,53.0571],[48.5614,52.9188],[48.5049,52.8164],[48.3341,52.6877],[47.9008,52.1248],[47.775,52.0663],[47.5066,52.0549],[47.2727,51.981],[46.7746,51.7479]],[[43.4324,56.675],[43.6569,56.4964],[44.1673,56.2736],[44.2581,56.1797],[44.5658,56.0857],[45.2809,56.137],[45.4428,56.1039],[45.4895,56.1433],[45.8057,56.2008],[46.025,56.1716],[46.4922,56.3363],[46.6797,56.3089],[46.8566,56.2047],[47.1659,56.1508],[47.8289,56.1454],[48.0669,55.9253],[48.809,55.7838],[49.0025,55.693],[49.0589,55.4827]],[[37.1483,56.7524],[37.4774,56.9348],[37.5577,57.1063],[37.7609,57.2908]],[[32.5982,57.2504],[32.7294,56.9449],[33.0565,56.9335],[33.5285,56.8292],[33.9564,56.5651],[33.9797,56.5093],[33.8568,56.423],[34.4238,56.2451],[34.6684,56.2087],[34.9027,56.337],[34.8804,56.3855],[34.9405,56.4593],[34.9369,56.5455],[35.2226,56.6129],[35.3339,56.7033],[35.672,56.8354],[36.0657,56.8462],[36.3444,56.7581],[36.3746,56.7064]],[[41.3437,57.4931],[41.7153,57.4476],[42.1733,57.4847],[42.5758,57.4155]],[[40.0071,57.5667],[39.8533,57.6688],[39.7904,57.7699],[39.5171,57.9094],[38.704,58.1131]],[[38.3009,57.5716],[38.4456,57.7609],[38.4796,57.8724],[38.4371,58.0175]]]}},{"type":"Feature","properties":{},"geometry":{"type":"MultiLineString","coordinates":[[[0.1034,6.3382],[0.0987,6.1881],[0.1566,6.1137],[0.5436,6.0211],[0.6393,5.8968],[0.6718,5.7597]]]}},{"type":"Feature","properties":{},"geometry":{"type":"MultiLineString","coordinates":[[[53.6911,61.6498],[53.6525,61.6857],[53.6727,61.7442],[53.5386,61.8071],[53.25,61.7897],[53.0342,61.8652],[52.4521,61.9389],[52.0759,61.9146],[51.8885,61.828],[51.3067,61.8149],[50.8769,61.7193],[50.803,61.751],[50.762,61.9655],[50.7001,62.0051],[50.3129,62.0006],[50.2422,62.0413],[50.3434,62.1666],[50.3311,62.2077],[50.0814,62.2185],[49.6113,62.0881],[49.3787,62.0736],[49.1678,62.1306],[48.902,62.0985],[48.4002,61.8792],[48.2347,61.7091],[47.8017,61.495],[47.222,61.3469],[46.5911,61.2873]],[[55.3977,62.3623],[54.8048,62.5097],[54.5676,62.4218],[54.2974,62.3975],[54.252,62.3468],[54.2112,62.2521],[54.2977,62.0357],[54.5236,61.8894],[54.8089,61.8484],[54.891,61.797],[54.8816,61.631],[54.1257,61.5322],[53.8292,61.539],[53.6837,61.6498]]]}},{"type":"Feature","properties":{},"geometry":{"type":"MultiLineString","coordinates":[[[4.9854,51.8237],[4.5812,51.719],[3.9789,51.8478]]]}},{"type":"Feature","properties":{},"geometry":{"type":"MultiLineString","coordinates":[[[151.8631,-28.7393],[151.6727,-28.824],[151.5284,-29.0349],[151.3929,-29.1395],[151.3347,-29.1043],[151.3029,-28.982],[151.2308,-28.8976],[151.1181,-28.8513],[150.9825,-28.71],[150.7123,-28.6389],[150.4696,-28.6504]]]}},{"type":"Feature","properties":{},"geometry":{"type":"MultiLineString","coordinates":[[[113.0354,22.7953],[113.264,22.3628],[113.4157,22.1784]],[[113.0354,22.7953],[113.2992,22.6984],[113.4437,22.599],[113.5522,22.5873]],[[112.9799,23.0411],[113.4453,23.0551]],[[112.8047,23.1479],[112.8912,22.9177],[112.9633,22.8223],[113.0354,22.7953]],[[112.8047,23.1479],[112.9125,23.1127],[113.0903,22.9069],[113.3378,22.8888]],[[111.3014,23.4807],[111.4332,23.4491],[111.5421,23.2487],[111.707,23.1614],[112.1372,23.0897],[112.2709,23.1421],[112.4275,23.076],[112.4976,23.0775],[112.6427,23.1651],[112.8047,23.1479]]]}},{"type":"Feature","properties":{},"geometry":{"type":"MultiLineString","coordinates":[[[-53.4441,-11.4437],[-53.3054,-11.298],[-53.2734,-11.1746],[-53.3018,-11.0249],[-53.266,-10.9173],[-53.166,-10.852],[-53.1013,-10.7061],[-53.0719,-10.4797],[-52.972,-10.2505],[-53.0018,-10.0949],[-52.9446,-10.0047],[-52.6905,-9.7754],[-52.5899,-9.6279],[-52.205,-9.5846],[-52.036,-9.2367],[-52.1315,-8.8779],[-52.2225,-8.8238],[-52.4125,-8.5807],[-52.6125,-8.4732],[-52.7654,-7.9928],[-52.7422,-7.7257],[-52.5131,-7.131],[-52.4266,-7.0224],[-52.0639,-6.8626],[-52.0108,-6.7667],[-52.0106,-6.6771],[-52.0633,-6.594],[-52.3014,-6.4833],[-52.3871,-6.3806],[-52.5123,-6.0892],[-52.58,-5.7544],[-52.6673,-5.5647],[-52.8818,-5.2985],[-52.9079,-5.1562],[-52.6795,-4.4414],[-52.7139,-4.301],[-52.6336,-4.1143],[-52.6132,-3.8606]],[[-52.6087,-3.8552],[-52.3449,-3.5948],[-52.1838,-3.2993],[-52.1091,-3.2754],[-51.8494,-3.5739],[-51.7192,-3.5024],[-51.641,-3.2176],[-51.6565,-3.1495],[-51.9521,-2.8871],[-52.003,-2.7654],[-51.9892,-2.6555],[-52.0391,-2.4892],[-52.2214,-2.0412],[-52.2508,-1.7462],[-52.1967,-1.6402]]]}},{"type":"Feature","properties":{},"geometry":{"type":"MultiLineString","coordinates":[[[110.0892,23.408],[110.2007,23.5451],[110.334,23.5555],[110.6221,23.4496],[110.8135,23.4468],[110.868,23.3966],[111.3014,23.4807]]]}},{"type":"Feature","properties":{},"geometry":{"type":"MultiLineString","coordinates":[[[113.1277,29.4628],[113.6963,29.9493],[113.8599,29.9723],[113.9947,30.0501],[114.0111,30.1245],[113.8853,30.2462],[113.9896,30.2786],[114.0325,30.253],[114.3959,30.6644],[114.8409,30.5645],[114.8332,30.4823],[114.8852,30.4231],[115.0578,30.3358],[115.1015,30.2292],[115.1604,30.2156],[115.3756,29.9662],[115.5044,29.8792],[115.7509,29.8285],[115.8427,29.764],[115.9828,29.746],[116.2119,29.7852]],[[116.1976,29.7514],[116.2119,29.7852]],[[116.2119,29.7852],[116.4511,29.8678],[116.7758,30.0974],[116.8955,30.2722],[116.8996,30.3986],[117.2122,30.5523],[117.2466,30.674],[117.6046,30.7765],[117.7249,30.8864],[117.8438,31.1242],[117.9165,31.1038],[117.9988,31.2016],[118.3119,31.3406],[118.3952,31.653],[118.6918,32.0744],[118.9614,32.2032],[119.6431,32.2354],[119.771,32.2069],[120.0739,31.9603]]]}},{"type":"Feature","properties":{},"geometry":{"type":"MultiLineString","coordinates":[[[87.6602,29.1515],[87.7472,29.2882],[87.9172,29.3797],[88.4297,29.3361],[90.082,29.3597],[90.392,29.2739],[90.7464,29.3399],[90.7859,29.3079],[90.8967,29.3374],[92.0762,29.2812],[92.4652,29.2313],[92.6945,29.1013],[92.8949,29.0695],[93.1169,29.1065],[93.1383,29.0606],[93.2497,29.0125],[93.4267,29.1404],[93.5681,29.1783],[93.9316,29.1711],[94.356,29.3095]]]}},{"type":"Feature","properties":{},"geometry":{"type":"MultiLineString","coordinates":[[[83.1096,70.1095],[83.4642,69.9761],[83.5509,69.8914],[83.7906,69.7895],[84.1833,69.6704],[84.4872,69.647],[85.0983,69.7877],[85.4131,69.7213],[85.8501,69.567],[85.9532,69.4895],[86.0507,69.1187],[85.9548,68.9331],[85.9915,68.8407],[86.2867,68.6658],[86.3529,68.5288],[86.3445,68.456],[86.5236,68.3024],[86.5356,68.2137],[86.4373,68.1143],[86.4801,67.9282],[86.4508,67.8404],[86.2861,67.66],[86.2882,67.5731],[86.3534,67.488],[86.5679,67.4196],[86.6182,67.359],[86.5976,67.2552],[86.6984,67.0931],[86.6774,67.0251],[86.7303,66.845],[86.6303,66.7466],[86.2863,66.5846],[86.3257,66.5583],[86.7415,66.6011],[87.0324,66.5568],[87.4582,66.3871],[87.5137,66.3196],[87.275,66.19],[87.9139,66.0617],[87.9305,66.0045],[87.7655,65.9096],[87.7717,65.8538],[88.0034,65.7405],[88.0291,65.6942],[87.8224,64.8775],[87.5641,64.5945],[87.54,64.5163],[87.5774,64.3729],[87.5576,64.0386],[87.602,63.9749],[87.3471,63.6778],[87.3774,63.6073],[87.277,63.3575],[88.0243,63.0925],[88.4341,62.8539],[88.5953,62.6346],[89.0136,62.388],[89.0826,62.1791],[89.3252,61.8942],[89.7056,61.7508],[89.8434,61.586],[90.1499,61.5728],[90.1737,61.537],[90.1238,61.4939],[89.806,61.4053],[89.6846,61.3365],[89.6367,61.2438],[89.659,61.11],[89.7511,60.9352],[89.9466,60.7506],[90.0558,60.4592],[90.1662,60.3811],[90.1719,60.307],[90.4948,60.1149],[90.6985,59.9272],[90.8582,59.7066],[90.8819,59.5969],[91.3253,59.2672],[91.3455,59.217],[91.6781,59.0508],[91.7178,58.9188],[92.0446,58.8347],[91.9823,58.7273],[92.0475,58.7068],[92.139,58.4985],[92.2755,58.4507],[92.5394,58.1989],[92.9981,58.1001]]]}},{"type":"Feature","properties":{},"geometry":{"type":"MultiLineString","coordinates":[[[-134.9155,61.5679],[-134.8703,61.6284],[-134.9644,61.816],[-134.9615,61.9122],[-135.419,62.0236],[-135.9281,62.0456],[-136.3071,62.1212],[-136.3778,62.1968],[-136.3538,62.2754],[-136.5834,62.4279],[-137.3561,62.7812],[-137.7328,62.8195],[-138.3982,62.8006],[-139.4178,63.0106],[-139.532,63.0711],[-139.5644,63.1613],[-139.5445,63.2336],[-139.4724,63.2882],[-139.5061,63.3527],[-139.6457,63.427],[-139.7304,63.5126],[-139.7601,63.6093],[-139.7208,63.9324],[-139.4816,64.057],[-139.5113,64.1582],[-139.5875,64.2268],[-140.4526,64.4048],[-140.4792,64.5261],[-140.5888,64.5282],[-140.7302,64.5849],[-140.7458,64.6273],[-140.8822,64.6407],[-141.0648,64.7256],[-141.1642,64.8023],[-141.1288,64.8878],[-141.198,64.9133],[-141.187,64.943],[-141.3735,64.9659],[-141.4045,65.086],[-141.7675,65.1834],[-142.0022,65.3003],[-142.5763,65.392],[-143.2274,65.3592],[-143.5889,65.4268],[-143.6982,65.5183],[-144.0851,65.6554],[-144.0166,65.876],[-144.0482,65.9137],[-144.8739,66.3861],[-145.2189,66.5368],[-145.828,66.6107]],[[-163.2588,62.0161],[-163.2416,61.8855],[-163.3883,61.8291],[-163.7738,61.7767],[-163.8363,61.7971],[-163.8602,61.8513],[-163.959,61.8388],[-164.0264,61.8906],[-164.2641,61.789],[-164.8313,61.739],[-164.8692,61.665],[-164.7428,61.5906],[-165.1882,61.3922],[-165.2015,61.2863],[-165.2439,61.2688]],[[-163.2588,62.0161],[-163.9037,62.1336],[-163.953,62.1845],[-163.9479,62.2483],[-163.8607,62.4479],[-163.9299,62.5316],[-164.2219,62.7101],[-164.4817,62.7453],[-164.5894,62.7094]],[[-145.828,66.6107],[-147.0154,66.4446],[-147.1586,66.386],[-147.5965,66.3211],[-147.5848,66.2843],[-148.3642,66.2246],[-148.7644,66.0674],[-148.9714,66.0767],[-149.0139,66.0563],[-149.0002,66.0289],[-149.2513,65.9566],[-149.284,65.9049],[-149.9204,65.8901],[-150.0582,65.8299],[-150.0482,65.7983],[-149.8903,65.7952],[-149.8271,65.7554],[-149.8585,65.6789],[-149.9297,65.65],[-150.0407,65.6689],[-150.1253,65.6406],[-150.1833,65.5652],[-150.3244,65.5202],[-150.5486,65.5054],[-151.4011,65.2598],[-152.0478,65.1654],[-152.3492,65.1239],[-152.8566,65.2013],[-153.0071,65.1915],[-153.2146,65.1239],[-153.7399,65.0838],[-154.4025,64.927],[-155.1341,64.867],[-155.5755,64.7557],[-156.7326,64.6642],[-157.0359,64.7949],[-157.9134,64.8575],[-158.1686,64.6813],[-158.2864,64.6428],[-158.6785,64.3428],[-158.6737,64.1383],[-158.7341,64.0576],[-159.2025,63.8476],[-159.4582,63.5749],[-159.4789,63.4941],[-159.448,63.4367],[-159.5022,63.3723],[-159.6416,63.3007],[-159.8257,63.0349],[-160.0189,62.9157],[-160.1702,62.6603],[-160.1703,62.5859],[-159.9752,62.3707],[-159.9556,62.2799],[-159.7443,62.2143],[-159.7819,62.1137],[-159.9518,62.0707],[-160.0928,61.973],[-161.0671,61.9068],[-161.3386,61.805],[-161.3256,61.764],[-161.401,61.6728],[-161.9204,61.5757],[-162.1347,61.8635],[-162.2494,61.9233],[-162.3666,61.9244],[-162.5274,62.0059],[-162.6908,61.9232],[-162.8883,61.94],[-163.043,61.9075],[-163.204,61.9591],[-163.2588,62.0161]],[[-145.828,66.6107],[-145.8329,66.611]],[[-145.8255,66.611],[-145.828,66.6107]]]}},{"type":"Feature","properties":{},"geometry":{"type":"MultiLineString","coordinates":[[[94.084,33.1559],[94.4477,33.1633],[94.6099,33.2055],[94.9158,33.1396],[95.0261,33.0826],[95.1061,32.9662],[95.5809,32.8146],[95.7276,32.6722],[95.8823,32.5875],[96.1827,32.5624],[96.3812,32.4333],[96.5855,32.155],[96.6904,32.1329],[96.8738,31.9734],[96.9413,31.9655]]]}},{"type":"Feature","properties":{},"geometry":{"type":"MultiLineString","coordinates":[[[36.0389,-18.3372],[36.1403,-18.5361],[36.1205,-18.6775],[36.1534,-18.7948],[36.125,-18.8424]],[[36.0389,-18.3372],[36.498,-18.5758]],[[28.7605,-16.5321],[28.8327,-16.4241],[28.8756,-16.0362],[29.2879,-15.7765],[29.7296,-15.6446],[30.7964,-15.642]],[[32.7075,-15.58],[32.9252,-15.5858],[33.028,-15.6336],[33.9842,-16.5986],[34.7951,-16.9225],[35.1868,-17.6357],[35.4803,-17.92],[35.8464,-18.1459],[36.0389,-18.3372]],[[24.2655,-11.3791],[24.3268,-11.3107],[24.3077,-11.1412],[24.2265,-11.1007],[24.0222,-11.1259],[23.7504,-11.3323],[22.9148,-11.8227],[22.7596,-11.9521],[22.5528,-12.3463],[22.5444,-12.5224],[22.6976,-12.965],[22.6873,-13.0383],[23.023,-13.355],[23.2213,-13.7468],[23.2184,-14.3239],[23.0338,-14.7843],[22.9686,-15.0772],[22.9818,-15.2781],[23.1247,-15.482],[23.0994,-15.6662],[23.2465,-16.0131],[23.292,-16.264],[23.4917,-16.549],[23.8457,-16.868],[24.0765,-17.1401],[24.2382,-17.4781],[24.9324,-17.5435],[25.0921,-17.6343],[25.2593,-17.794],[25.4517,-17.8452],[25.6396,-17.8241],[25.8633,-17.9519],[25.9959,-17.9698],[26.1395,-17.9117],[26.3334,-17.9293],[26.5775,-18.0226],[26.7799,-18.0415],[27.0208,-17.9584]]]}},{"type":"Feature","properties":{},"geometry":{"type":"MultiLineString","coordinates":[[[-72.9913,46.1774],[-73.1463,46.1235],[-73.164,46.0442]]]}},{"type":"Feature","properties":{},"geometry":{"type":"MultiLineString","coordinates":[[[-103.4474,61.3656],[-103.4681,61.2829],[-103.7594,61.0504],[-103.7164,60.9518]],[[-103.1577,61.8362],[-103.251,61.7339],[-103.2195,61.681]],[[-99.6176,62.3009],[-98.2093,62.2521],[-98.1751,62.2848],[-98.206,62.3798],[-98.3497,62.6156]],[[-101.3663,62.3499],[-101.3184,62.3448]],[[-100.7348,62.3555],[-100.552,62.3551]],[[-102.7366,62.4103],[-102.9194,62.3185]],[[-101.831,62.52],[-101.5294,62.664]],[[-102.0347,62.9246],[-102.3786,62.7904],[-102.6604,62.7596]],[[-97.6302,62.9793],[-97.6098,63.0471],[-97.459,63.1575]],[[-97.2875,63.5137],[-97.2354,63.5733],[-97.1109,63.5927],[-97.0708,63.6346],[-96.9519,63.6366]],[[-95.8782,63.6565],[-95.8114,63.669],[-95.7989,63.7461],[-95.6775,63.7982],[-95.6306,63.8981],[-95.4917,64.0007],[-95.4971,64.05]]]}},{"type":"Feature","properties":{},"geometry":{"type":"MultiLineString","coordinates":[[[106.464,10.2983],[106.3854,10.33],[106.1376,10.3061]],[[106.1376,10.3061],[105.931,10.2836]],[[106.1376,10.3061],[106.1838,10.2534],[106.3298,10.2474],[106.468,10.0504],[106.6581,9.9487]]]}},{"type":"Feature","properties":{},"geometry":{"type":"MultiLineString","coordinates":[[[-101.1628,62.3667],[-101.3184,62.3448]]]}},{"type":"Feature","properties":{},"geometry":{"type":"MultiLineString","coordinates":[]}},{"type":"Feature","properties":{},"geometry":{"type":"MultiLineString","coordinates":[[[3.0833,46.9854],[3.0219,47.1493],[2.9159,47.2872],[2.8827,47.4988],[2.7886,47.5896],[2.3599,47.8036],[1.9708,47.8942],[1.7685,47.8663],[1.1582,47.4737],[0.4278,47.3406],[0.0754,47.2182],[-0.2164,47.3642],[-0.418,47.4024],[-1.0564,47.3746],[-1.559,47.2163],[-1.7425,47.216]],[[3.0831,46.985],[3.2486,46.9516],[3.3289,46.846],[3.4895,46.8291],[3.7244,46.6385],[3.7491,46.5579],[3.9839,46.4601],[4.0395,46.2383],[4.1013,46.1656],[4.1013,46.0628],[4.0333,45.9769],[4.2125,45.7446],[4.2558,45.4766],[4.0827,45.2378],[3.953,45.1986],[3.9035,44.9717],[3.9283,44.8711],[4.1693,44.7747],[4.2001,44.8229]]]}}]}
